{"type":"FeatureCollection","features":[{"type":"Feature","id":0,"geometry":{"type":"LineString","coordinates":[[-75.09431,5.50083],[-75.09111,5.50056],[-75.09083,5.50028]]},"properties":{"longitud_km":0.3987}},{"type":"Feature","id":1,"geometry":{"type":"LineString","coordinates":[[-75.09264,5.49986],[-75.09222,5.50028],[-75.09083,5.50028]]},"properties":{"longitud_km":0.2191}},{"type":"Feature","id":2,"geometry":{"type":"LineString","coordinates":[[-75.09083,5.50028],[-75.08833,5.49944],[-75.0875,5.49861],[-75.08639,5.49833]]},"properties":{"longitud_km":0.5492}},{"type":"Feature","id":3,"geometry":{"type":"LineString","coordinates":[[-75.08792,5.50014],[-75.08639,5.49833]]},"properties":{"longitud_km":0.2617}},{"type":"Feature","id":4,"geometry":{"type":"LineString","coordinates":[[-75.08639,5.49833],[-75.08583,5.4975],[-75.08556,5.49778],[-75.08528,5.4975],[-75.08444,5.4975]]},"properties":{"longitud_km":0.2901}},{"type":"Feature","id":5,"geometry":{"type":"LineString","coordinates":[[-75.08542,5.50472],[-75.085,5.50472],[-75.08444,5.50417],[-75.08417,5.50333],[-75.08444,5.50278],[-75.08417,5.5025],[-75.08389,5.5],[-75.08417,5.49972],[-75.08444,5.4975]]},"properties":{"longitud_km":0.9117}},{"type":"Feature","id":6,"geometry":{"type":"LineString","coordinates":[[-75.08444,5.4975],[-75.08389,5.49722],[-75.0825,5.49556]]},"properties":{"longitud_km":0.3089}},{"type":"Feature","id":7,"geometry":{"type":"LineString","coordinates":[[-75.07931,5.50083],[-75.07972,5.50083],[-75.08194,5.49833],[-75.08194,5.49639],[-75.0825,5.49556]]},"properties":{"longitud_km":0.7421}},{"type":"Feature","id":8,"geometry":{"type":"LineString","coordinates":[[-75.0825,5.49556],[-75.08278,5.49528],[-75.08222,5.49444],[-75.08222,5.49389]]},"properties":{"longitud_km":0.2157}},{"type":"Feature","id":9,"geometry":{"type":"LineString","coordinates":[[-75.09042,5.49556],[-75.08806,5.49583],[-75.08722,5.495],[-75.08472,5.49472],[-75.08389,5.49361],[-75.08222,5.49389]]},"properties":{"longitud_km":1.0134}},{"type":"Feature","id":10,"geometry":{"type":"LineString","coordinates":[[-75.07611,5.49792],[-75.07611,5.49694],[-75.07722,5.49556],[-75.07722,5.495],[-75.07833,5.49444],[-75.07972,5.49306],[-75.07972,5.49222],[-75.07889,5.49139]]},"properties":{"longitud_km":0.9433}},{"type":"Feature","id":11,"geometry":{"type":"LineString","coordinates":[[-75.07847,5.49139],[-75.07889,5.49139]]},"properties":{"longitud_km":0.0462}},{"type":"Feature","id":12,"geometry":{"type":"LineString","coordinates":[[-75.10208,5.49597],[-75.10056,5.49417],[-75.10028,5.49194],[-75.10083,5.49111],[-75.10028,5.49056],[-75.1,5.48917]]},"properties":{"longitud_km":0.8638}},{"type":"Feature","id":13,"geometry":{"type":"LineString","coordinates":[[-75.09792,5.49347],[-75.09722,5.49278],[-75.09667,5.49111],[-75.09528,5.48972],[-75.095,5.48861]]},"properties":{"longitud_km":0.6471}},{"type":"Feature","id":14,"geometry":{"type":"LineString","coordinates":[[-75.105,5.49181],[-75.10472,5.49083],[-75.10361,5.49],[-75.10194,5.48806],[-75.10139,5.48806]]},"properties":{"longitud_km":0.6106}},{"type":"Feature","id":15,"geometry":{"type":"LineString","coordinates":[[-75.10139,5.48806],[-75.1,5.48917]]},"properties":{"longitud_km":0.1969}},{"type":"Feature","id":16,"geometry":{"type":"LineString","coordinates":[[-75.1,5.48917],[-75.09972,5.48889],[-75.09944,5.48917],[-75.09833,5.48861],[-75.09694,5.48861],[-75.09556,5.48806],[-75.095,5.48861]]},"properties":{"longitud_km":0.6311}},{"type":"Feature","id":17,"geometry":{"type":"LineString","coordinates":[[-75.095,5.48861],[-75.09472,5.48833],[-75.09333,5.48833],[-75.0925,5.48778]]},"properties":{"longitud_km":0.3083}},{"type":"Feature","id":18,"geometry":{"type":"LineString","coordinates":[[-75.09736,5.49708],[-75.09667,5.49639],[-75.09583,5.49639],[-75.09528,5.49583],[-75.09472,5.49583],[-75.09278,5.49333],[-75.09222,5.49194],[-75.0925,5.48778]]},"properties":{"longitud_km":1.3272}},{"type":"Feature","id":19,"geometry":{"type":"LineString","coordinates":[[-75.08542,5.49014],[-75.08472,5.48944],[-75.0825,5.48917],[-75.08194,5.48778]]},"properties":{"longitud_km":0.5223}},{"type":"Feature","id":20,"geometry":{"type":"LineString","coordinates":[[-75.08222,5.49389],[-75.08167,5.49333],[-75.08167,5.49222],[-75.08194,5.49194],[-75.08194,5.49028],[-75.08167,5.49],[-75.08194,5.48778]]},"properties":{"longitud_km":0.7287}},{"type":"Feature","id":21,"geometry":{"type":"LineString","coordinates":[[-75.10319,5.48792],[-75.10278,5.48722]]},"properties":{"longitud_km":0.0896}},{"type":"Feature","id":22,"geometry":{"type":"LineString","coordinates":[[-75.10278,5.48722],[-75.10139,5.48806]]},"properties":{"longitud_km":0.1794}},{"type":"Feature","id":23,"geometry":{"type":"LineString","coordinates":[[-75.10486,5.48694],[-75.10306,5.48694],[-75.10278,5.48722]]},"properties":{"longitud_km":0.2435}},{"type":"Feature","id":24,"geometry":{"type":"LineString","coordinates":[[-75.08194,5.48778],[-75.08167,5.485]]},"properties":{"longitud_km":0.3087}},{"type":"Feature","id":25,"geometry":{"type":"LineString","coordinates":[[-75.07889,5.49139],[-75.07889,5.49083],[-75.07944,5.49028],[-75.07917,5.49],[-75.07917,5.48917],[-75.08,5.48833],[-75.07944,5.48694],[-75.08056,5.48611],[-75.08056,5.48528],[-75.08139,5.48528],[-75.08167,5.485]]},"properties":{"longitud_km":0.9616}},{"type":"Feature","id":26,"geometry":{"type":"LineString","coordinates":[[-75.07764,5.48708],[-75.08,5.485],[-75.08167,5.485]]},"properties":{"longitud_km":0.5332}},{"type":"Feature","id":27,"geometry":{"type":"LineString","coordinates":[[-75.08167,5.485],[-75.08222,5.48444]]},"properties":{"longitud_km":0.087}},{"type":"Feature","id":28,"geometry":{"type":"LineString","coordinates":[[-75.08167,5.48444],[-75.08222,5.48444]]},"properties":{"longitud_km":0.0615}},{"type":"Feature","id":29,"geometry":{"type":"LineString","coordinates":[[-75.10542,5.48306],[-75.105,5.48306],[-75.10361,5.48472],[-75.10333,5.48639],[-75.10278,5.48722]]},"properties":{"longitud_km":0.5839}},{"type":"Feature","id":30,"geometry":{"type":"LineString","coordinates":[[-75.08764,5.48597],[-75.08722,5.48556],[-75.08722,5.48444],[-75.08694,5.48417],[-75.08722,5.48361],[-75.08694,5.48222]]},"properties":{"longitud_km":0.4569}},{"type":"Feature","id":31,"geometry":{"type":"LineString","coordinates":[[-75.08222,5.48444],[-75.0825,5.48444],[-75.08361,5.48306],[-75.08444,5.48278],[-75.08583,5.48306],[-75.08694,5.48222]]},"properties":{"longitud_km":0.6356}},{"type":"Feature","id":32,"geometry":{"type":"LineString","coordinates":[[-75.08069,5.48208],[-75.07972,5.48306],[-75.07972,5.48361],[-75.08,5.48389],[-75.08111,5.48389],[-75.08167,5.48444]]},"properties":{"longitud_km":0.4672}},{"type":"Feature","id":33,"geometry":{"type":"LineString","coordinates":[[-75.09819,5.48222],[-75.09667,5.4825],[-75.09583,5.48222],[-75.09583,5.48194],[-75.095,5.48194]]},"properties":{"longitud_km":0.3924}},{"type":"Feature","id":34,"geometry":{"type":"LineString","coordinates":[[-75.0925,5.48778],[-75.09139,5.48667],[-75.09194,5.48472],[-75.09139,5.48472],[-75.09083,5.48417],[-75.09111,5.48194]]},"properties":{"longitud_km":0.7937}},{"type":"Feature","id":35,"geometry":{"type":"LineString","coordinates":[[-75.07625,5.48181],[-75.07806,5.48333],[-75.07806,5.48389],[-75.07861,5.48444],[-75.08167,5.48444]]},"properties":{"longitud_km":0.7488}},{"type":"Feature","id":36,"geometry":{"type":"LineString","coordinates":[[-75.095,5.48194],[-75.09444,5.48167],[-75.09417,5.48194],[-75.09111,5.48194]]},"properties":{"longitud_km":0.4508}},{"type":"Feature","id":37,"geometry":{"type":"LineString","coordinates":[[-75.0975,5.48],[-75.095,5.48194]]},"properties":{"longitud_km":0.3506}},{"type":"Feature","id":38,"geometry":{"type":"LineString","coordinates":[[-75.10042,5.47944],[-75.09917,5.47944],[-75.0975,5.48]]},"properties":{"longitud_km":0.3331}},{"type":"Feature","id":39,"geometry":{"type":"LineString","coordinates":[[-75.09778,5.47931],[-75.0975,5.48]]},"properties":{"longitud_km":0.0827}},{"type":"Feature","id":40,"geometry":{"type":"LineString","coordinates":[[-75.09125,5.47944],[-75.09028,5.47944]]},"properties":{"longitud_km":0.1077}},{"type":"Feature","id":41,"geometry":{"type":"LineString","coordinates":[[-75.09111,5.48194],[-75.09083,5.48194],[-75.09083,5.48056],[-75.09028,5.48],[-75.09028,5.47944]]},"properties":{"longitud_km":0.3327}},{"type":"Feature","id":42,"geometry":{"type":"LineString","coordinates":[[-75.08694,5.48222],[-75.08778,5.48111],[-75.0875,5.47889],[-75.08722,5.47861]]},"properties":{"longitud_km":0.4448}},{"type":"Feature","id":43,"geometry":{"type":"LineString","coordinates":[[-75.08722,5.47903],[-75.08722,5.47861]]},"properties":{"longitud_km":0.0461}},{"type":"Feature","id":44,"geometry":{"type":"LineString","coordinates":[[-75.07125,5.47611],[-75.07083,5.47611]]},"properties":{"longitud_km":0.0462}},{"type":"Feature","id":45,"geometry":{"type":"LineString","coordinates":[[-75.07083,5.47653],[-75.07083,5.47611]]},"properties":{"longitud_km":0.0461}},{"type":"Feature","id":46,"geometry":{"type":"LineString","coordinates":[[-75.11278,5.48097],[-75.11278,5.47778],[-75.1125,5.4775],[-75.11278,5.47667],[-75.11194,5.47556]]},"properties":{"longitud_km":0.6475}},{"type":"Feature","id":47,"geometry":{"type":"LineString","coordinates":[[-75.09028,5.47944],[-75.08917,5.47778],[-75.08944,5.4775],[-75.08833,5.47667],[-75.08833,5.47528]]},"properties":{"longitud_km":0.5724}},{"type":"Feature","id":48,"geometry":{"type":"LineString","coordinates":[[-75.08722,5.47861],[-75.0875,5.47806],[-75.0875,5.47722],[-75.08722,5.47694],[-75.08806,5.47639],[-75.08806,5.47556],[-75.08833,5.47528]]},"properties":{"longitud_km":0.4509}},{"type":"Feature","id":49,"geometry":{"type":"LineString","coordinates":[[-75.11194,5.47556],[-75.11083,5.47472]]},"properties":{"longitud_km":0.1538}},{"type":"Feature","id":50,"geometry":{"type":"LineString","coordinates":[[-75.10944,5.48125],[-75.10944,5.47833],[-75.11,5.4775],[-75.11,5.47639],[-75.11083,5.47472]]},"properties":{"longitud_km":0.7623}},{"type":"Feature","id":51,"geometry":{"type":"LineString","coordinates":[[-75.07986,5.47681],[-75.08194,5.475],[-75.08222,5.47389]]},"properties":{"longitud_km":0.4318}},{"type":"Feature","id":52,"geometry":{"type":"LineString","coordinates":[[-75.07819,5.47444],[-75.07889,5.47417],[-75.08111,5.47444],[-75.08222,5.47389]]},"properties":{"longitud_km":0.4686}},{"type":"Feature","id":53,"geometry":{"type":"LineString","coordinates":[[-75.09431,5.47514],[-75.09333,5.47417],[-75.09167,5.47417],[-75.09139,5.47444],[-75.08944,5.47472],[-75.08861,5.47361]]},"properties":{"longitud_km":0.7516}},{"type":"Feature","id":54,"geometry":{"type":"LineString","coordinates":[[-75.08833,5.47528],[-75.08861,5.475],[-75.08861,5.47361]]},"properties":{"longitud_km":0.1971}},{"type":"Feature","id":55,"geometry":{"type":"LineString","coordinates":[[-75.07319,5.47375],[-75.07222,5.4725]]},"properties":{"longitud_km":0.1752}},{"type":"Feature","id":56,"geometry":{"type":"LineString","coordinates":[[-75.07083,5.47611],[-75.07028,5.47417],[-75.07139,5.47361],[-75.07222,5.4725]]},"properties":{"longitud_km":0.5149}},{"type":"Feature","id":57,"geometry":{"type":"LineString","coordinates":[[-75.11083,5.47472],[-75.11056,5.47361],[-75.10917,5.47361],[-75.10861,5.47278],[-75.10861,5.47222],[-75.10806,5.47194]]},"properties":{"longitud_km":0.5216}},{"type":"Feature","id":58,"geometry":{"type":"LineString","coordinates":[[-75.10653,5.47736],[-75.10694,5.47694],[-75.10667,5.47583],[-75.1075,5.47444],[-75.10806,5.47194]]},"properties":{"longitud_km":0.6543}},{"type":"Feature","id":59,"geometry":{"type":"LineString","coordinates":[[-75.11736,5.47153],[-75.11667,5.47194],[-75.11472,5.47417],[-75.11361,5.47472],[-75.11306,5.47556],[-75.11194,5.47556]]},"properties":{"longitud_km":0.788}},{"type":"Feature","id":60,"geometry":{"type":"LineString","coordinates":[[-75.11069,5.47167],[-75.10861,5.47167],[-75.10833,5.47139]]},"properties":{"longitud_km":0.2743}},{"type":"Feature","id":61,"geometry":{"type":"LineString","coordinates":[[-75.10833,5.47139],[-75.10806,5.47139]]},"properties":{"longitud_km":0.0308}},{"type":"Feature","id":62,"geometry":{"type":"LineString","coordinates":[[-75.10806,5.47194],[-75.10806,5.47139]]},"properties":{"longitud_km":0.0614}},{"type":"Feature","id":63,"geometry":{"type":"LineString","coordinates":[[-75.08861,5.47361],[-75.08889,5.47306],[-75.08861,5.47139]]},"properties":{"longitud_km":0.2555}},{"type":"Feature","id":64,"geometry":{"type":"LineString","coordinates":[[-75.08222,5.47389],[-75.08333,5.4725],[-75.08306,5.47222],[-75.08333,5.47194],[-75.08333,5.47111]]},"properties":{"longitud_km":0.3759}},{"type":"Feature","id":65,"geometry":{"type":"LineString","coordinates":[[-75.08292,5.47111],[-75.08333,5.47111]]},"properties":{"longitud_km":0.0462}},{"type":"Feature","id":66,"geometry":{"type":"LineString","coordinates":[[-75.09347,5.47208],[-75.09306,5.47167],[-75.09222,5.47167],[-75.09083,5.47056]]},"properties":{"longitud_km":0.3545}},{"type":"Feature","id":67,"geometry":{"type":"LineString","coordinates":[[-75.09083,5.47056],[-75.09028,5.47111],[-75.08861,5.47139]]},"properties":{"longitud_km":0.2742}},{"type":"Feature","id":68,"geometry":{"type":"LineString","coordinates":[[-75.10806,5.47139],[-75.10722,5.47028],[-75.10694,5.47028]]},"properties":{"longitud_km":0.1845}},{"type":"Feature","id":69,"geometry":{"type":"LineString","coordinates":[[-75.10694,5.47069],[-75.10694,5.47028]]},"properties":{"longitud_km":0.0461}},{"type":"Feature","id":70,"geometry":{"type":"LineString","coordinates":[[-75.06653,5.47153],[-75.06722,5.47056],[-75.06778,5.47028]]},"properties":{"longitud_km":0.201}},{"type":"Feature","id":71,"geometry":{"type":"LineString","coordinates":[[-75.10694,5.47028],[-75.10556,5.46917]]},"properties":{"longitud_km":0.1969}},{"type":"Feature","id":72,"geometry":{"type":"LineString","coordinates":[[-75.10556,5.46917],[-75.105,5.46944],[-75.10389,5.46917]]},"properties":{"longitud_km":0.1957}},{"type":"Feature","id":73,"geometry":{"type":"LineString","coordinates":[[-75.10375,5.47347],[-75.10472,5.4725],[-75.10444,5.47028],[-75.10389,5.46917]]},"properties":{"longitud_km":0.5372}},{"type":"Feature","id":74,"geometry":{"type":"LineString","coordinates":[[-75.09778,5.47208],[-75.0975,5.47139],[-75.0975,5.46917]]},"properties":{"longitud_km":0.3284}},{"type":"Feature","id":75,"geometry":{"type":"LineString","coordinates":[[-75.09931,5.46986],[-75.09861,5.46889]]},"properties":{"longitud_km":0.1322}},{"type":"Feature","id":76,"geometry":{"type":"LineString","coordinates":[[-75.09861,5.46889],[-75.0975,5.46917]]},"properties":{"longitud_km":0.1269}},{"type":"Feature","id":77,"geometry":{"type":"LineString","coordinates":[[-75.0975,5.46917],[-75.09667,5.46917],[-75.09583,5.46861],[-75.09472,5.46861]]},"properties":{"longitud_km":0.3264}},{"type":"Feature","id":78,"geometry":{"type":"LineString","coordinates":[[-75.09472,5.46861],[-75.09417,5.46889],[-75.0925,5.46889],[-75.09111,5.47],[-75.09083,5.47056]]},"properties":{"longitud_km":0.5191}},{"type":"Feature","id":79,"geometry":{"type":"LineString","coordinates":[[-75.06056,5.46861],[-75.06139,5.46889],[-75.06167,5.46861],[-75.06278,5.46861],[-75.06361,5.46972],[-75.06444,5.47],[-75.06528,5.46972],[-75.06611,5.47028],[-75.06778,5.47028]]},"properties":{"longitud_km":0.9078}},{"type":"Feature","id":80,"geometry":{"type":"LineString","coordinates":[[-75.05667,5.46861],[-75.0575,5.46917],[-75.06056,5.46861]]},"properties":{"longitud_km":0.455}},{"type":"Feature","id":81,"geometry":{"type":"LineString","coordinates":[[-75.05625,5.46861],[-75.05667,5.46861]]},"properties":{"longitud_km":0.0462}},{"type":"Feature","id":82,"geometry":{"type":"LineString","coordinates":[[-75.10389,5.46917],[-75.10278,5.46889],[-75.10222,5.46833]]},"properties":{"longitud_km":0.2139}},{"type":"Feature","id":83,"geometry":{"type":"LineString","coordinates":[[-75.11181,5.46861],[-75.11056,5.46806]]},"properties":{"longitud_km":0.1515}},{"type":"Feature","id":84,"geometry":{"type":"LineString","coordinates":[[-75.11056,5.46806],[-75.10917,5.46972],[-75.10889,5.47083],[-75.10833,5.47139]]},"properties":{"longitud_km":0.4537}},{"type":"Feature","id":85,"geometry":{"type":"LineString","coordinates":[[-75.10667,5.46792],[-75.10667,5.46917],[-75.10556,5.46917]]},"properties":{"longitud_km":0.2613}},{"type":"Feature","id":86,"geometry":{"type":"LineString","coordinates":[[-75.08861,5.47139],[-75.08778,5.47056],[-75.08778,5.46806]]},"properties":{"longitud_km":0.4069}},{"type":"Feature","id":87,"geometry":{"type":"LineString","coordinates":[[-75.0875,5.46903],[-75.08778,5.46806]]},"properties":{"longitud_km":0.1118}},{"type":"Feature","id":88,"geometry":{"type":"LineString","coordinates":[[-75.11139,5.46778],[-75.11056,5.46806]]},"properties":{"longitud_km":0.0973}},{"type":"Feature","id":89,"geometry":{"type":"LineString","coordinates":[[-75.10222,5.46833],[-75.10194,5.46833],[-75.10167,5.46778],[-75.10083,5.46778]]},"properties":{"longitud_km":0.1918}},{"type":"Feature","id":90,"geometry":{"type":"LineString","coordinates":[[-75.10083,5.46778],[-75.09944,5.46806],[-75.09861,5.46861],[-75.09861,5.46889]]},"properties":{"longitud_km":0.2985}},{"type":"Feature","id":91,"geometry":{"type":"LineString","coordinates":[[-75.08333,5.47111],[-75.08333,5.46944],[-75.085,5.46778],[-75.08778,5.46806]]},"properties":{"longitud_km":0.7545}},{"type":"Feature","id":92,"geometry":{"type":"LineString","coordinates":[[-75.07222,5.4725],[-75.07222,5.47139],[-75.07111,5.47028],[-75.07083,5.46944],[-75.07083,5.46861],[-75.07056,5.46833],[-75.07083,5.46778]]},"properties":{"longitud_km":0.5982}},{"type":"Feature","id":93,"geometry":{"type":"LineString","coordinates":[[-75.06778,5.47028],[-75.06833,5.47028],[-75.06917,5.46917],[-75.07028,5.46861],[-75.07083,5.46778]]},"properties":{"longitud_km":0.4636}},{"type":"Feature","id":94,"geometry":{"type":"LineString","coordinates":[[-75.11542,5.46833],[-75.115,5.46833],[-75.11361,5.46722]]},"properties":{"longitud_km":0.2431}},{"type":"Feature","id":95,"geometry":{"type":"LineString","coordinates":[[-75.11361,5.46722],[-75.11222,5.46722],[-75.11139,5.46778]]},"properties":{"longitud_km":0.2648}},{"type":"Feature","id":96,"geometry":{"type":"LineString","coordinates":[[-75.07083,5.46778],[-75.07083,5.46667]]},"properties":{"longitud_km":0.1229}},{"type":"Feature","id":97,"geometry":{"type":"LineString","coordinates":[[-75.10389,5.46639],[-75.10222,5.46833]]},"properties":{"longitud_km":0.2834}},{"type":"Feature","id":98,"geometry":{"type":"LineString","coordinates":[[-75.05764,5.46639],[-75.05917,5.46694],[-75.06056,5.46861]]},"properties":{"longitud_km":0.4202}},{"type":"Feature","id":99,"geometry":{"type":"LineString","coordinates":[[-75.05486,5.46625],[-75.05611,5.4675],[-75.05611,5.46806],[-75.05667,5.46861]]},"properties":{"longitud_km":0.3441}},{"type":"Feature","id":100,"geometry":{"type":"LineString","coordinates":[[-75.10389,5.46569],[-75.10389,5.46639]]},"properties":{"longitud_km":0.0768}},{"type":"Feature","id":101,"geometry":{"type":"LineString","coordinates":[[-75.10139,5.46569],[-75.10139,5.4675],[-75.10083,5.46778]]},"properties":{"longitud_km":0.2684}},{"type":"Feature","id":102,"geometry":{"type":"LineString","coordinates":[[-75.06931,5.46569],[-75.07,5.46639],[-75.07083,5.46667]]},"properties":{"longitud_km":0.206}},{"type":"Feature","id":103,"geometry":{"type":"LineString","coordinates":[[-75.09639,5.46542],[-75.09639,5.46611],[-75.09556,5.46694],[-75.09472,5.46861]]},"properties":{"longitud_km":0.4133}},{"type":"Feature","id":104,"geometry":{"type":"LineString","coordinates":[[-75.08778,5.46806],[-75.08833,5.4675],[-75.08833,5.46667],[-75.08861,5.46639],[-75.08833,5.46556]]},"properties":{"longitud_km":0.3197}},{"type":"Feature","id":105,"geometry":{"type":"LineString","coordinates":[[-75.09264,5.465],[-75.08972,5.46583],[-75.08861,5.46583],[-75.08833,5.46556]]},"properties":{"longitud_km":0.5026}},{"type":"Feature","id":106,"geometry":{"type":"LineString","coordinates":[[-75.11764,5.46472],[-75.11583,5.46528],[-75.11361,5.46722]]},"properties":{"longitud_km":0.5362}},{"type":"Feature","id":107,"geometry":{"type":"LineString","coordinates":[[-75.08056,5.46625],[-75.08056,5.46556],[-75.07972,5.46472],[-75.07972,5.46417]]},"properties":{"longitud_km":0.2687}},{"type":"Feature","id":108,"geometry":{"type":"LineString","coordinates":[[-75.07778,5.46653],[-75.07778,5.46611],[-75.07972,5.46417]]},"properties":{"longitud_km":0.3504}},{"type":"Feature","id":109,"geometry":{"type":"LineString","coordinates":[[-75.07083,5.46667],[-75.07111,5.46472],[-75.07139,5.46417],[-75.07194,5.46389]]},"properties":{"longitud_km":0.3547}},{"type":"Feature","id":110,"geometry":{"type":"LineString","coordinates":[[-75.10764,5.46361],[-75.10667,5.46389],[-75.10583,5.465],[-75.105,5.465],[-75.10389,5.46639]]},"properties":{"longitud_km":0.5549}},{"type":"Feature","id":111,"geometry":{"type":"LineString","coordinates":[[-75.07972,5.46417],[-75.07944,5.46222]]},"properties":{"longitud_km":0.2172}},{"type":"Feature","id":112,"geometry":{"type":"LineString","coordinates":[[-75.07667,5.46222],[-75.07944,5.46222]]},"properties":{"longitud_km":0.3078}},{"type":"Feature","id":113,"geometry":{"type":"LineString","coordinates":[[-75.07597,5.47042],[-75.07528,5.46972],[-75.07528,5.46917],[-75.07417,5.46806],[-75.07361,5.46694],[-75.07361,5.46611],[-75.07667,5.46222]]},"properties":{"longitud_km":1.1209}},{"type":"Feature","id":114,"geometry":{"type":"LineString","coordinates":[[-75.07194,5.46389],[-75.0725,5.46333],[-75.075,5.46306],[-75.07583,5.46222],[-75.07667,5.46222]]},"properties":{"longitud_km":0.5885}},{"type":"Feature","id":115,"geometry":{"type":"LineString","coordinates":[[-75.07944,5.46222],[-75.07972,5.46194]]},"properties":{"longitud_km":0.0435}},{"type":"Feature","id":116,"geometry":{"type":"LineString","coordinates":[[-75.07,5.46167],[-75.07056,5.46222],[-75.07056,5.46278],[-75.07194,5.46389]]},"properties":{"longitud_km":0.3453}},{"type":"Feature","id":117,"geometry":{"type":"LineString","coordinates":[[-75.06931,5.46167],[-75.07,5.46167]]},"properties":{"longitud_km":0.0769}},{"type":"Feature","id":118,"geometry":{"type":"LineString","coordinates":[[-75.06389,5.46167],[-75.06444,5.46167],[-75.065,5.46222],[-75.06583,5.46222],[-75.06611,5.46194],[-75.06722,5.46222],[-75.0675,5.46194],[-75.06833,5.4625],[-75.06889,5.4625],[-75.07,5.46167]]},"properties":{"longitud_km":0.7809}},{"type":"Feature","id":119,"geometry":{"type":"LineString","coordinates":[[-75.06097,5.46181],[-75.06139,5.46139]]},"properties":{"longitud_km":0.0652}},{"type":"Feature","id":120,"geometry":{"type":"LineString","coordinates":[[-75.06139,5.46139],[-75.06222,5.46111],[-75.06306,5.46167],[-75.06389,5.46167]]},"properties":{"longitud_km":0.3005}},{"type":"Feature","id":121,"geometry":{"type":"LineString","coordinates":[[-75.115,5.46042],[-75.11472,5.46194],[-75.11333,5.46361],[-75.1125,5.465],[-75.1125,5.46556],[-75.11139,5.46667],[-75.11139,5.46778]]},"properties":{"longitud_km":0.9492}},{"type":"Feature","id":122,"geometry":{"type":"LineString","coordinates":[[-75.07486,5.46056],[-75.07528,5.46056],[-75.07667,5.46222]]},"properties":{"longitud_km":0.2863}},{"type":"Feature","id":123,"geometry":{"type":"LineString","coordinates":[[-75.07639,5.46014],[-75.07639,5.46139],[-75.07694,5.46194],[-75.07972,5.46194]]},"properties":{"longitud_km":0.5329}},{"type":"Feature","id":124,"geometry":{"type":"LineString","coordinates":[[-75.07972,5.46194],[-75.08111,5.46194],[-75.0825,5.46028],[-75.08306,5.46]]},"properties":{"longitud_km":0.4628}},{"type":"Feature","id":125,"geometry":{"type":"LineString","coordinates":[[-75.05889,5.46],[-75.06056,5.46139],[-75.06139,5.46139]]},"properties":{"longitud_km":0.3325}},{"type":"Feature","id":126,"geometry":{"type":"LineString","coordinates":[[-75.05653,5.45958],[-75.05694,5.46],[-75.0575,5.45972],[-75.05861,5.45972],[-75.05889,5.46]]},"properties":{"longitud_km":0.3006}},{"type":"Feature","id":127,"geometry":{"type":"LineString","coordinates":[[-75.06361,5.45931],[-75.06333,5.46028],[-75.06389,5.46167]]},"properties":{"longitud_km":0.2773}},{"type":"Feature","id":128,"geometry":{"type":"LineString","coordinates":[[-75.09181,5.46069],[-75.09139,5.46028],[-75.08972,5.46028],[-75.08889,5.45944],[-75.08667,5.45944],[-75.08639,5.45917]]},"properties":{"longitud_km":0.67}},{"type":"Feature","id":129,"geometry":{"type":"LineString","coordinates":[[-75.08833,5.46556],[-75.08722,5.4625],[-75.08583,5.46083],[-75.08639,5.45917]]},"properties":{"longitud_km":0.794}},{"type":"Feature","id":130,"geometry":{"type":"LineString","coordinates":[[-75.05889,5.45903],[-75.05917,5.45972],[-75.05889,5.46]]},"properties":{"longitud_km":0.1262}},{"type":"Feature","id":131,"geometry":{"type":"LineString","coordinates":[[-75.07903,5.4575],[-75.08,5.45778],[-75.08194,5.46],[-75.08306,5.46]]},"properties":{"longitud_km":0.5619}},{"type":"Feature","id":132,"geometry":{"type":"LineString","coordinates":[[-75.09792,5.45875],[-75.0975,5.45833],[-75.09667,5.45833],[-75.09389,5.45722],[-75.09222,5.45556]]},"properties":{"longitud_km":0.7499}},{"type":"Feature","id":133,"geometry":{"type":"LineString","coordinates":[[-75.09306,5.45708],[-75.09306,5.45667],[-75.09222,5.45556]]},"properties":{"longitud_km":0.1998}},{"type":"Feature","id":134,"geometry":{"type":"LineString","coordinates":[[-75.07125,5.45569],[-75.07167,5.45528]]},"properties":{"longitud_km":0.0652}},{"type":"Feature","id":135,"geometry":{"type":"LineString","coordinates":[[-75.12236,5.45528],[-75.12167,5.455]]},"properties":{"longitud_km":0.0828}},{"type":"Feature","id":136,"geometry":{"type":"LineString","coordinates":[[-75.08639,5.45917],[-75.08611,5.45528],[-75.08583,5.455]]},"properties":{"longitud_km":0.4746}},{"type":"Feature","id":137,"geometry":{"type":"LineString","coordinates":[[-75.08306,5.46],[-75.08444,5.45917],[-75.08444,5.45806],[-75.08528,5.4575],[-75.08528,5.45639],[-75.08583,5.45583],[-75.08583,5.455]]},"properties":{"longitud_km":0.7151}},{"type":"Feature","id":138,"geometry":{"type":"LineString","coordinates":[[-75.12403,5.45472],[-75.12167,5.455]]},"properties":{"longitud_km":0.2634}},{"type":"Feature","id":139,"geometry":{"type":"LineString","coordinates":[[-75.06347,5.45472],[-75.06444,5.45472],[-75.06667,5.45556],[-75.06694,5.45528],[-75.0675,5.45556],[-75.06861,5.455],[-75.06972,5.455],[-75.07,5.45472],[-75.07111,5.45472],[-75.07167,5.45528]]},"properties":{"longitud_km":0.9972}},{"type":"Feature","id":140,"geometry":{"type":"LineString","coordinates":[[-75.12167,5.455],[-75.12083,5.45444]]},"properties":{"longitud_km":0.1109}},{"type":"Feature","id":141,"geometry":{"type":"LineString","coordinates":[[-75.12139,5.45597],[-75.12139,5.45528],[-75.12083,5.45444]]},"properties":{"longitud_km":0.1876}},{"type":"Feature","id":142,"geometry":{"type":"LineString","coordinates":[[-75.12083,5.45444],[-75.12028,5.45444],[-75.11972,5.45389]]},"properties":{"longitud_km":0.1485}},{"type":"Feature","id":143,"geometry":{"type":"LineString","coordinates":[[-75.11972,5.45597],[-75.12,5.455],[-75.11972,5.45389]]},"properties":{"longitud_km":0.2385}},{"type":"Feature","id":144,"geometry":{"type":"LineString","coordinates":[[-75.10903,5.45458],[-75.10833,5.45389]]},"properties":{"longitud_km":0.1087}},{"type":"Feature","id":145,"geometry":{"type":"LineString","coordinates":[[-75.10208,5.45597],[-75.10056,5.45389]]},"properties":{"longitud_km":0.2859}},{"type":"Feature","id":146,"geometry":{"type":"LineString","coordinates":[[-75.10056,5.45389],[-75.09889,5.45389]]},"properties":{"longitud_km":0.1847}},{"type":"Feature","id":147,"geometry":{"type":"LineString","coordinates":[[-75.10083,5.45736],[-75.10056,5.45639],[-75.09972,5.45556],[-75.09972,5.455],[-75.09889,5.45389]]},"properties":{"longitud_km":0.4574}},{"type":"Feature","id":148,"geometry":{"type":"LineString","coordinates":[[-75.10833,5.45389],[-75.10806,5.45361],[-75.10639,5.45361]]},"properties":{"longitud_km":0.2282}},{"type":"Feature","id":149,"geometry":{"type":"LineString","coordinates":[[-75.10736,5.45514],[-75.10639,5.45361]]},"properties":{"longitud_km":0.2004}},{"type":"Feature","id":150,"geometry":{"type":"LineString","coordinates":[[-75.09889,5.45389],[-75.09833,5.45361],[-75.09806,5.45389],[-75.09778,5.45361],[-75.0975,5.45389],[-75.09722,5.45361],[-75.09639,5.45361]]},"properties":{"longitud_km":0.3351}},{"type":"Feature","id":151,"geometry":{"type":"LineString","coordinates":[[-75.11319,5.45514],[-75.11222,5.45417],[-75.11139,5.45417],[-75.11056,5.45333],[-75.10889,5.45333],[-75.10833,5.45389]]},"properties":{"longitud_km":0.6466}},{"type":"Feature","id":152,"geometry":{"type":"LineString","coordinates":[[-75.09958,5.45319],[-75.09889,5.45389]]},"properties":{"longitud_km":0.1087}},{"type":"Feature","id":153,"geometry":{"type":"LineString","coordinates":[[-75.09681,5.45319],[-75.09639,5.45361]]},"properties":{"longitud_km":0.0652}},{"type":"Feature","id":154,"geometry":{"type":"LineString","coordinates":[[-75.09222,5.45556],[-75.09083,5.45333]]},"properties":{"longitud_km":0.2899}},{"type":"Feature","id":155,"geometry":{"type":"LineString","coordinates":[[-75.09083,5.45333],[-75.08917,5.45306]]},"properties":{"longitud_km":0.1872}},{"type":"Feature","id":156,"geometry":{"type":"LineString","coordinates":[[-75.09639,5.45361],[-75.09528,5.45306],[-75.095,5.45333],[-75.09417,5.45333],[-75.09361,5.45306],[-75.09361,5.45278],[-75.09333,5.45306],[-75.09306,5.45278],[-75.09222,5.45278]]},"properties":{"longitud_km":0.5522}},{"type":"Feature","id":157,"geometry":{"type":"LineString","coordinates":[[-75.09222,5.45278],[-75.09083,5.45333]]},"properties":{"longitud_km":0.1657}},{"type":"Feature","id":158,"geometry":{"type":"LineString","coordinates":[[-75.10639,5.45361],[-75.10583,5.45306],[-75.10583,5.4525]]},"properties":{"longitud_km":0.1484}},{"type":"Feature","id":159,"geometry":{"type":"LineString","coordinates":[[-75.10583,5.4525],[-75.10556,5.4525]]},"properties":{"longitud_km":0.0308}},{"type":"Feature","id":160,"geometry":{"type":"LineString","coordinates":[[-75.10472,5.45569],[-75.10472,5.45444],[-75.10528,5.45389],[-75.10556,5.4525]]},"properties":{"longitud_km":0.3818}},{"type":"Feature","id":161,"geometry":{"type":"LineString","coordinates":[[-75.10417,5.4525],[-75.1025,5.45361],[-75.10056,5.45389]]},"properties":{"longitud_km":0.4394}},{"type":"Feature","id":162,"geometry":{"type":"LineString","coordinates":[[-75.08986,5.45236],[-75.08917,5.45306]]},"properties":{"longitud_km":0.1087}},{"type":"Feature","id":163,"geometry":{"type":"LineString","coordinates":[[-75.10556,5.4525],[-75.105,5.45222],[-75.10417,5.4525]]},"properties":{"longitud_km":0.1661}},{"type":"Feature","id":164,"geometry":{"type":"LineString","coordinates":[[-75.08583,5.455],[-75.08611,5.45472],[-75.08611,5.45389],[-75.085,5.4525],[-75.085,5.45194]]},"properties":{"longitud_km":0.3939}},{"type":"Feature","id":165,"geometry":{"type":"LineString","coordinates":[[-75.11972,5.45389],[-75.11972,5.45306],[-75.11917,5.45194],[-75.11889,5.45167],[-75.11806,5.45167]]},"properties":{"longitud_km":0.3654}},{"type":"Feature","id":166,"geometry":{"type":"LineString","coordinates":[[-75.09347,5.45153],[-75.09222,5.45278]]},"properties":{"longitud_km":0.1957}},{"type":"Feature","id":167,"geometry":{"type":"LineString","coordinates":[[-75.08917,5.45306],[-75.08806,5.45306],[-75.08639,5.45167],[-75.08611,5.45167],[-75.08611,5.45194],[-75.08583,5.45167],[-75.085,5.45194]]},"properties":{"longitud_km":0.5656}},{"type":"Feature","id":168,"geometry":{"type":"LineString","coordinates":[[-75.12069,5.45194],[-75.11944,5.45194],[-75.11889,5.45139]]},"properties":{"longitud_km":0.2255}},{"type":"Feature","id":169,"geometry":{"type":"LineString","coordinates":[[-75.11889,5.45139],[-75.11806,5.45167]]},"properties":{"longitud_km":0.0973}},{"type":"Feature","id":170,"geometry":{"type":"LineString","coordinates":[[-75.085,5.45194],[-75.08444,5.45111]]},"properties":{"longitud_km":0.1108}},{"type":"Feature","id":171,"geometry":{"type":"LineString","coordinates":[[-75.07167,5.45528],[-75.07194,5.45528],[-75.0725,5.45472],[-75.0725,5.45417],[-75.07361,5.45333],[-75.07528,5.45333],[-75.07861,5.45111],[-75.07944,5.45111],[-75.08028,5.45167],[-75.08139,5.45139],[-75.08194,5.45056],[-75.0825,5.45056],[-75.08333,5.45139],[-75.08417,5.45139],[-75.08444,5.45111]]},"properties":{"longitud_km":1.73}},{"type":"Feature","id":172,"geometry":{"type":"LineString","coordinates":[[-75.11806,5.45167],[-75.11778,5.45139],[-75.11694,5.45167],[-75.11639,5.45083],[-75.11556,5.45028],[-75.11444,5.45028],[-75.11361,5.44972]]},"properties":{"longitud_km":0.5966}},{"type":"Feature","id":173,"geometry":{"type":"LineString","coordinates":[[-75.10944,5.44972],[-75.10861,5.44972],[-75.10833,5.45],[-75.10833,5.45083],[-75.10778,5.45083],[-75.10639,5.45222],[-75.10583,5.45222],[-75.10583,5.4525]]},"properties":{"longitud_km":0.5992}},{"type":"Feature","id":174,"geometry":{"type":"LineString","coordinates":[[-75.11389,5.44944],[-75.11361,5.44972]]},"properties":{"longitud_km":0.0435}},{"type":"Feature","id":175,"geometry":{"type":"LineString","coordinates":[[-75.11361,5.44972],[-75.11278,5.44972],[-75.1125,5.45],[-75.11222,5.44972],[-75.11083,5.44972],[-75.11056,5.45],[-75.10972,5.44944],[-75.10944,5.44972]]},"properties":{"longitud_km":0.5311}},{"type":"Feature","id":176,"geometry":{"type":"LineString","coordinates":[[-75.10569,5.44931],[-75.10528,5.44972],[-75.10528,5.45167],[-75.10417,5.4525]]},"properties":{"longitud_km":0.434}},{"type":"Feature","id":177,"geometry":{"type":"LineString","coordinates":[[-75.12167,5.44917],[-75.12111,5.44944],[-75.12111,5.45],[-75.12056,5.45028],[-75.11972,5.45139],[-75.11889,5.45139]]},"properties":{"longitud_km":0.445}},{"type":"Feature","id":178,"geometry":{"type":"LineString","coordinates":[[-75.07264,5.44986],[-75.07222,5.44944],[-75.07278,5.44889]]},"properties":{"longitud_km":0.1522}},{"type":"Feature","id":179,"geometry":{"type":"LineString","coordinates":[[-75.12764,5.44833],[-75.12694,5.44833],[-75.12556,5.44944],[-75.12472,5.44944],[-75.12444,5.44972],[-75.12417,5.44944],[-75.12389,5.44972],[-75.12306,5.44917],[-75.12167,5.44917]]},"properties":{"longitud_km":0.7615}},{"type":"Feature","id":180,"geometry":{"type":"LineString","coordinates":[[-75.07111,5.44833],[-75.07278,5.44889]]},"properties":{"longitud_km":0.1946}},{"type":"Feature","id":181,"geometry":{"type":"LineString","coordinates":[[-75.06542,5.45111],[-75.06778,5.45056],[-75.06917,5.44861],[-75.07111,5.44833]]},"properties":{"longitud_km":0.7508}},{"type":"Feature","id":182,"geometry":{"type":"LineString","coordinates":[[-75.11653,5.44792],[-75.11583,5.44861],[-75.115,5.44861],[-75.11389,5.44944]]},"properties":{"longitud_km":0.3548}},{"type":"Feature","id":183,"geometry":{"type":"LineString","coordinates":[[-75.10944,5.44792],[-75.10944,5.44972]]},"properties":{"longitud_km":0.1996}},{"type":"Feature","id":184,"geometry":{"type":"LineString","coordinates":[[-75.06972,5.44722],[-75.07111,5.44833]]},"properties":{"longitud_km":0.1969}},{"type":"Feature","id":185,"geometry":{"type":"LineString","coordinates":[[-75.06167,5.44875],[-75.06167,5.44833],[-75.06028,5.44722]]},"properties":{"longitud_km":0.243}},{"type":"Feature","id":186,"geometry":{"type":"LineString","coordinates":[[-75.05903,5.45014],[-75.05944,5.44972],[-75.05944,5.44917],[-75.06,5.44889],[-75.06028,5.44722]]},"properties":{"longitud_km":0.3823}},{"type":"Feature","id":187,"geometry":{"type":"LineString","coordinates":[[-75.06708,5.44694],[-75.06778,5.44722],[-75.06806,5.44694],[-75.06972,5.44722]]},"properties":{"longitud_km":0.3135}},{"type":"Feature","id":188,"geometry":{"type":"LineString","coordinates":[[-75.11528,5.44653],[-75.11528,5.44722],[-75.11444,5.44806],[-75.11389,5.44944]]},"properties":{"longitud_km":0.3727}},{"type":"Feature","id":189,"geometry":{"type":"LineString","coordinates":[[-75.09125,5.44681],[-75.09028,5.44611],[-75.08889,5.44611]]},"properties":{"longitud_km":0.2862}},{"type":"Feature","id":190,"geometry":{"type":"LineString","coordinates":[[-75.08889,5.44611],[-75.0875,5.44611],[-75.0875,5.44583]]},"properties":{"longitud_km":0.1846}},{"type":"Feature","id":191,"geometry":{"type":"LineString","coordinates":[[-75.08444,5.45111],[-75.08472,5.45028],[-75.08694,5.4475],[-75.0875,5.44583]]},"properties":{"longitud_km":0.6851}},{"type":"Feature","id":192,"geometry":{"type":"LineString","coordinates":[[-75.06847,5.44514],[-75.06972,5.44722]]},"properties":{"longitud_km":0.2688}},{"type":"Feature","id":193,"geometry":{"type":"LineString","coordinates":[[-75.06028,5.44722],[-75.06056,5.44583],[-75.05972,5.44528]]},"properties":{"longitud_km":0.2675}},{"type":"Feature","id":194,"geometry":{"type":"LineString","coordinates":[[-75.05819,5.44653],[-75.05889,5.44583],[-75.05944,5.44583],[-75.05972,5.44528]]},"properties":{"longitud_km":0.239}},{"type":"Feature","id":195,"geometry":{"type":"LineString","coordinates":[[-75.09736,5.44583],[-75.09417,5.44583],[-75.09361,5.44528],[-75.09306,5.44528],[-75.09222,5.44472]]},"properties":{"longitud_km":0.6134}},{"type":"Feature","id":196,"geometry":{"type":"LineString","coordinates":[[-75.09222,5.44472],[-75.09139,5.44472],[-75.08889,5.44611]]},"properties":{"longitud_km":0.4091}},{"type":"Feature","id":197,"geometry":{"type":"LineString","coordinates":[[-75.09375,5.44347],[-75.09222,5.44472]]},"properties":{"longitud_km":0.2185}},{"type":"Feature","id":198,"geometry":{"type":"LineString","coordinates":[[-75.0875,5.44583],[-75.08722,5.44472],[-75.08639,5.44361]]},"properties":{"longitud_km":0.2803}},{"type":"Feature","id":199,"geometry":{"type":"LineString","coordinates":[[-75.07278,5.44889],[-75.07361,5.44889],[-75.07444,5.44806],[-75.07556,5.44806],[-75.07639,5.44722],[-75.08083,5.44667],[-75.08194,5.44611],[-75.08306,5.445],[-75.08444,5.445],[-75.08556,5.44361],[-75.08639,5.44361]]},"properties":{"longitud_km":1.7272}},{"type":"Feature","id":200,"geometry":{"type":"LineString","coordinates":[[-75.12528,5.44278],[-75.12444,5.44361],[-75.12333,5.44361],[-75.12306,5.44389],[-75.12278,5.44722],[-75.12222,5.44778],[-75.12222,5.44833],[-75.12167,5.44917]]},"properties":{"longitud_km":0.9261}},{"type":"Feature","id":201,"geometry":{"type":"LineString","coordinates":[[-75.08764,5.44264],[-75.08722,5.44306]]},"properties":{"longitud_km":0.0652}},{"type":"Feature","id":202,"geometry":{"type":"LineString","coordinates":[[-75.08722,5.44306],[-75.08639,5.44278]]},"properties":{"longitud_km":0.0973}},{"type":"Feature","id":203,"geometry":{"type":"LineString","coordinates":[[-75.08639,5.44361],[-75.08639,5.44278]]},"properties":{"longitud_km":0.0921}},{"type":"Feature","id":204,"geometry":{"type":"LineString","coordinates":[[-75.12764,5.44319],[-75.12667,5.44222],[-75.12583,5.44278],[-75.12528,5.44278]]},"properties":{"longitud_km":0.3247}},{"type":"Feature","id":205,"geometry":{"type":"LineString","coordinates":[[-75.11292,5.44278],[-75.10944,5.44222]]},"properties":{"longitud_km":0.3896}},{"type":"Feature","id":206,"geometry":{"type":"LineString","coordinates":[[-75.12556,5.44111],[-75.12528,5.44278]]},"properties":{"longitud_km":0.1868}},{"type":"Feature","id":207,"geometry":{"type":"LineString","coordinates":[[-75.13125,5.44319],[-75.12861,5.44083],[-75.12806,5.44083]]},"properties":{"longitud_km":0.4536}},{"type":"Feature","id":208,"geometry":{"type":"LineString","coordinates":[[-75.12556,5.44069],[-75.12556,5.44111]]},"properties":{"longitud_km":0.0461}},{"type":"Feature","id":209,"geometry":{"type":"LineString","coordinates":[[-75.09653,5.44111],[-75.09528,5.44111],[-75.095,5.44083]]},"properties":{"longitud_km":0.182}},{"type":"Feature","id":210,"geometry":{"type":"LineString","coordinates":[[-75.12806,5.44083],[-75.12722,5.44056],[-75.12556,5.44111]]},"properties":{"longitud_km":0.2919}},{"type":"Feature","id":211,"geometry":{"type":"LineString","coordinates":[[-75.11625,5.44111],[-75.11444,5.44111],[-75.11417,5.44083],[-75.11278,5.44111],[-75.11222,5.44056],[-75.11139,5.44056],[-75.10944,5.44222]]},"properties":{"longitud_km":0.8633}},{"type":"Feature","id":212,"geometry":{"type":"LineString","coordinates":[[-75.095,5.44083],[-75.0925,5.44083],[-75.09222,5.44056],[-75.09139,5.44083],[-75.09056,5.44056],[-75.08806,5.44306],[-75.08722,5.44306]]},"properties":{"longitud_km":0.9988}},{"type":"Feature","id":213,"geometry":{"type":"LineString","coordinates":[[-75.07819,5.44319],[-75.08,5.44139],[-75.08,5.44]]},"properties":{"longitud_km":0.4362}},{"type":"Feature","id":214,"geometry":{"type":"LineString","coordinates":[[-75.13458,5.44056],[-75.13389,5.44056],[-75.13333,5.44],[-75.13056,5.43972]]},"properties":{"longitud_km":0.4732}},{"type":"Feature","id":215,"geometry":{"type":"LineString","coordinates":[[-75.13167,5.44181],[-75.13167,5.44111],[-75.13056,5.43972]]},"properties":{"longitud_km":0.2736}},{"type":"Feature","id":216,"geometry":{"type":"LineString","coordinates":[[-75.10944,5.44222],[-75.10861,5.44222],[-75.10778,5.44167],[-75.10667,5.4425],[-75.1025,5.44278],[-75.09889,5.43972]]},"properties":{"longitud_km":1.3434}},{"type":"Feature","id":217,"geometry":{"type":"LineString","coordinates":[[-75.09889,5.43972],[-75.09806,5.43972],[-75.09667,5.44083],[-75.095,5.44083]]},"properties":{"longitud_km":0.4739}},{"type":"Feature","id":218,"geometry":{"type":"LineString","coordinates":[[-75.13056,5.43972],[-75.12944,5.43944]]},"properties":{"longitud_km":0.1269}},{"type":"Feature","id":219,"geometry":{"type":"LineString","coordinates":[[-75.12944,5.43944],[-75.12917,5.43944]]},"properties":{"longitud_km":0.0308}},{"type":"Feature","id":220,"geometry":{"type":"LineString","coordinates":[[-75.12917,5.43944],[-75.12806,5.44083]]},"properties":{"longitud_km":0.1968}},{"type":"Feature","id":221,"geometry":{"type":"LineString","coordinates":[[-75.09986,5.43931],[-75.09944,5.43972],[-75.09889,5.43972]]},"properties":{"longitud_km":0.1268}},{"type":"Feature","id":222,"geometry":{"type":"LineString","coordinates":[[-75.07667,5.43944],[-75.07833,5.43944],[-75.08,5.44]]},"properties":{"longitud_km":0.3793}},{"type":"Feature","id":223,"geometry":{"type":"LineString","coordinates":[[-75.07375,5.44208],[-75.07528,5.44111],[-75.07667,5.43944]]},"properties":{"longitud_km":0.4406}},{"type":"Feature","id":224,"geometry":{"type":"LineString","coordinates":[[-75.07319,5.44],[-75.07667,5.43944]]},"properties":{"longitud_km":0.3896}},{"type":"Feature","id":225,"geometry":{"type":"LineString","coordinates":[[-75.08,5.44],[-75.08056,5.43944],[-75.08056,5.43889]]},"properties":{"longitud_km":0.1484}},{"type":"Feature","id":226,"geometry":{"type":"LineString","coordinates":[[-75.06292,5.44236],[-75.06167,5.44083],[-75.06028,5.44028],[-75.05861,5.43889]]},"properties":{"longitud_km":0.6243}},{"type":"Feature","id":227,"geometry":{"type":"LineString","coordinates":[[-75.05972,5.44528],[-75.05944,5.44306],[-75.06,5.44222],[-75.05889,5.44111],[-75.05861,5.43889]]},"properties":{"longitud_km":0.78}},{"type":"Feature","id":228,"geometry":{"type":"LineString","coordinates":[[-75.13403,5.43847],[-75.13333,5.43917],[-75.13278,5.43889],[-75.13167,5.43917],[-75.13139,5.43889],[-75.12944,5.43944]]},"properties":{"longitud_km":0.5719}},{"type":"Feature","id":229,"geometry":{"type":"LineString","coordinates":[[-75.08639,5.44278],[-75.085,5.44194],[-75.0825,5.43944],[-75.08222,5.43861]]},"properties":{"longitud_km":0.6679}},{"type":"Feature","id":230,"geometry":{"type":"LineString","coordinates":[[-75.08056,5.43889],[-75.08194,5.43889],[-75.08222,5.43861]]},"properties":{"longitud_km":0.1974}},{"type":"Feature","id":231,"geometry":{"type":"LineString","coordinates":[[-75.05861,5.43889],[-75.05833,5.43861]]},"properties":{"longitud_km":0.0435}},{"type":"Feature","id":232,"geometry":{"type":"LineString","coordinates":[[-75.05681,5.44236],[-75.0575,5.44167],[-75.05778,5.43917],[-75.05833,5.43861]]},"properties":{"longitud_km":0.4738}},{"type":"Feature","id":233,"geometry":{"type":"LineString","coordinates":[[-75.13028,5.43694],[-75.12972,5.4375],[-75.12972,5.43833],[-75.12917,5.43944]]},"properties":{"longitud_km":0.3165}},{"type":"Feature","id":234,"geometry":{"type":"LineString","coordinates":[[-75.05875,5.43667],[-75.05694,5.43667]]},"properties":{"longitud_km":0.2001}},{"type":"Feature","id":235,"geometry":{"type":"LineString","coordinates":[[-75.05833,5.43861],[-75.05806,5.43778],[-75.05694,5.43667]]},"properties":{"longitud_km":0.2711}},{"type":"Feature","id":236,"geometry":{"type":"LineString","coordinates":[[-75.05694,5.43667],[-75.05611,5.43639]]},"properties":{"longitud_km":0.0973}},{"type":"Feature","id":237,"geometry":{"type":"LineString","coordinates":[[-75.05472,5.44014],[-75.05472,5.43806],[-75.05611,5.43639]]},"properties":{"longitud_km":0.4704}},{"type":"Feature","id":238,"geometry":{"type":"LineString","coordinates":[[-75.13542,5.43611],[-75.135,5.43611]]},"properties":{"longitud_km":0.0462}},{"type":"Feature","id":239,"geometry":{"type":"LineString","coordinates":[[-75.135,5.43611],[-75.13389,5.43667],[-75.1325,5.43667],[-75.13167,5.43722],[-75.13028,5.43694]]},"properties":{"longitud_km":0.5593}},{"type":"Feature","id":240,"geometry":{"type":"LineString","coordinates":[[-75.07889,5.43611],[-75.08056,5.43889]]},"properties":{"longitud_km":0.3584}},{"type":"Feature","id":241,"geometry":{"type":"LineString","coordinates":[[-75.06653,5.43792],[-75.06472,5.43611]]},"properties":{"longitud_km":0.2826}},{"type":"Feature","id":242,"geometry":{"type":"LineString","coordinates":[[-75.13597,5.43583],[-75.135,5.43611]]},"properties":{"longitud_km":0.112}},{"type":"Feature","id":243,"geometry":{"type":"LineString","coordinates":[[-75.09069,5.4375],[-75.09,5.4375],[-75.08861,5.43611],[-75.08778,5.43583]]},"properties":{"longitud_km":0.3917}},{"type":"Feature","id":244,"geometry":{"type":"LineString","coordinates":[[-75.07431,5.43667],[-75.07556,5.43667],[-75.07694,5.43583],[-75.07861,5.43583],[-75.07889,5.43611]]},"properties":{"longitud_km":0.546}},{"type":"Feature","id":245,"geometry":{"type":"LineString","coordinates":[[-75.06653,5.43625],[-75.06611,5.43583],[-75.065,5.43583],[-75.06472,5.43611]]},"properties":{"longitud_km":0.2318}},{"type":"Feature","id":246,"geometry":{"type":"LineString","coordinates":[[-75.06472,5.43611],[-75.06361,5.435],[-75.06306,5.435]]},"properties":{"longitud_km":0.2355}},{"type":"Feature","id":247,"geometry":{"type":"LineString","coordinates":[[-75.06514,5.44014],[-75.06444,5.43944],[-75.06417,5.43833],[-75.06278,5.43639],[-75.06306,5.435]]},"properties":{"longitud_km":0.6564}},{"type":"Feature","id":248,"geometry":{"type":"LineString","coordinates":[[-75.07458,5.43417],[-75.07639,5.43472],[-75.0775,5.43472],[-75.07889,5.43583],[-75.07889,5.43611]]},"properties":{"longitud_km":0.56}},{"type":"Feature","id":249,"geometry":{"type":"LineString","coordinates":[[-75.06306,5.435],[-75.06194,5.43417]]},"properties":{"longitud_km":0.1538}},{"type":"Feature","id":250,"geometry":{"type":"LineString","coordinates":[[-75.05292,5.43542],[-75.05361,5.435],[-75.05444,5.43389]]},"properties":{"longitud_km":0.2434}},{"type":"Feature","id":251,"geometry":{"type":"LineString","coordinates":[[-75.05319,5.43486],[-75.05444,5.43389]]},"properties":{"longitud_km":0.1753}},{"type":"Feature","id":252,"geometry":{"type":"LineString","coordinates":[[-75.11333,5.43569],[-75.11278,5.43417],[-75.11194,5.43361]]},"properties":{"longitud_km":0.2907}},{"type":"Feature","id":253,"geometry":{"type":"LineString","coordinates":[[-75.10847,5.43486],[-75.10778,5.43361]]},"properties":{"longitud_km":0.1582}},{"type":"Feature","id":254,"geometry":{"type":"LineString","coordinates":[[-75.08778,5.43583],[-75.08639,5.43583],[-75.085,5.435],[-75.08389,5.43361],[-75.08306,5.43361]]},"properties":{"longitud_km":0.6224}},{"type":"Feature","id":255,"geometry":{"type":"LineString","coordinates":[[-75.08222,5.43861],[-75.08333,5.4375],[-75.08333,5.43639],[-75.08389,5.43583],[-75.08306,5.43361]]},"properties":{"longitud_km":0.6462}},{"type":"Feature","id":256,"geometry":{"type":"LineString","coordinates":[[-75.06486,5.43347],[-75.06444,5.43389],[-75.06361,5.43389],[-75.06333,5.43417],[-75.06194,5.43417]]},"properties":{"longitud_km":0.3549}},{"type":"Feature","id":257,"geometry":{"type":"LineString","coordinates":[[-75.11889,5.43681],[-75.11833,5.43333]]},"properties":{"longitud_km":0.3888}},{"type":"Feature","id":258,"geometry":{"type":"LineString","coordinates":[[-75.10778,5.43361],[-75.1075,5.43333],[-75.10722,5.43361],[-75.105,5.43361],[-75.10417,5.43333]]},"properties":{"longitud_km":0.4305}},{"type":"Feature","id":259,"geometry":{"type":"LineString","coordinates":[[-75.10417,5.43333],[-75.10278,5.43333],[-75.10222,5.43389],[-75.10194,5.43361],[-75.10167,5.43389],[-75.10111,5.43361],[-75.10083,5.43389],[-75.1,5.43333],[-75.09972,5.43361],[-75.09944,5.43333],[-75.09917,5.43361],[-75.09833,5.43333],[-75.09528,5.43333],[-75.095,5.43361],[-75.09306,5.43333],[-75.09167,5.43417],[-75.09083,5.43389],[-75.08917,5.435],[-75.08861,5.435],[-75.08833,5.43556],[-75.08778,5.43583]]},"properties":{"longitud_km":2.0761}},{"type":"Feature","id":260,"geometry":{"type":"LineString","coordinates":[[-75.05611,5.43639],[-75.05583,5.43333]]},"properties":{"longitud_km":0.3392}},{"type":"Feature","id":261,"geometry":{"type":"LineString","coordinates":[[-75.05444,5.43389],[-75.05556,5.43389],[-75.05583,5.43333]]},"properties":{"longitud_km":0.1918}},{"type":"Feature","id":262,"geometry":{"type":"LineString","coordinates":[[-75.13361,5.43306],[-75.13278,5.43444],[-75.13167,5.43472],[-75.13028,5.43611],[-75.13056,5.43639],[-75.13028,5.43694]]},"properties":{"longitud_km":0.6357}},{"type":"Feature","id":263,"geometry":{"type":"LineString","coordinates":[[-75.12,5.43306],[-75.11833,5.43333]]},"properties":{"longitud_km":0.1872}},{"type":"Feature","id":264,"geometry":{"type":"LineString","coordinates":[[-75.11833,5.43333],[-75.11806,5.43306],[-75.11694,5.43361],[-75.11639,5.43306],[-75.11611,5.43333],[-75.11389,5.43333],[-75.11333,5.43306]]},"properties":{"longitud_km":0.6265}},{"type":"Feature","id":265,"geometry":{"type":"LineString","coordinates":[[-75.11458,5.43486],[-75.11333,5.43306]]},"properties":{"longitud_km":0.243}},{"type":"Feature","id":266,"geometry":{"type":"LineString","coordinates":[[-75.11333,5.43306],[-75.1125,5.43306]]},"properties":{"longitud_km":0.0923}},{"type":"Feature","id":267,"geometry":{"type":"LineString","coordinates":[[-75.1125,5.43306],[-75.11194,5.43361]]},"properties":{"longitud_km":0.087}},{"type":"Feature","id":268,"geometry":{"type":"LineString","coordinates":[[-75.11194,5.43361],[-75.11028,5.43361],[-75.10917,5.43306]]},"properties":{"longitud_km":0.3223}},{"type":"Feature","id":269,"geometry":{"type":"LineString","coordinates":[[-75.13431,5.43264],[-75.13361,5.43306]]},"properties":{"longitud_km":0.0897}},{"type":"Feature","id":270,"geometry":{"type":"LineString","coordinates":[[-75.11278,5.43278],[-75.1125,5.43306]]},"properties":{"longitud_km":0.0435}},{"type":"Feature","id":271,"geometry":{"type":"LineString","coordinates":[[-75.10917,5.43306],[-75.10889,5.43278],[-75.10778,5.43361]]},"properties":{"longitud_km":0.1973}},{"type":"Feature","id":272,"geometry":{"type":"LineString","coordinates":[[-75.12903,5.43278],[-75.12806,5.43278],[-75.12778,5.4325]]},"properties":{"longitud_km":0.1512}},{"type":"Feature","id":273,"geometry":{"type":"LineString","coordinates":[[-75.12403,5.43292],[-75.12361,5.4325]]},"properties":{"longitud_km":0.0652}},{"type":"Feature","id":274,"geometry":{"type":"LineString","coordinates":[[-75.12361,5.4325],[-75.12278,5.43306],[-75.12,5.43306]]},"properties":{"longitud_km":0.4187}},{"type":"Feature","id":275,"geometry":{"type":"LineString","coordinates":[[-75.12778,5.4325],[-75.12667,5.43194]]},"properties":{"longitud_km":0.1376}},{"type":"Feature","id":276,"geometry":{"type":"LineString","coordinates":[[-75.12667,5.43194],[-75.12639,5.43222],[-75.12361,5.4325]]},"properties":{"longitud_km":0.3528}},{"type":"Feature","id":277,"geometry":{"type":"LineString","coordinates":[[-75.10514,5.43181],[-75.10417,5.43333]]},"properties":{"longitud_km":0.2003}},{"type":"Feature","id":278,"geometry":{"type":"LineString","coordinates":[[-75.12708,5.43153],[-75.12667,5.43194]]},"properties":{"longitud_km":0.0652}},{"type":"Feature","id":279,"geometry":{"type":"LineString","coordinates":[[-75.12083,5.43111],[-75.12056,5.43139],[-75.12056,5.4325],[-75.12,5.43306]]},"properties":{"longitud_km":0.2533}},{"type":"Feature","id":280,"geometry":{"type":"LineString","coordinates":[[-75.11625,5.43097],[-75.115,5.43222],[-75.11389,5.43278],[-75.11278,5.43278]]},"properties":{"longitud_km":0.4564}},{"type":"Feature","id":281,"geometry":{"type":"LineString","coordinates":[[-75.13042,5.43069],[-75.12861,5.4325],[-75.12778,5.4325]]},"properties":{"longitud_km":0.375}},{"type":"Feature","id":282,"geometry":{"type":"LineString","coordinates":[[-75.12111,5.43083],[-75.12083,5.43111]]},"properties":{"longitud_km":0.0435}},{"type":"Feature","id":283,"geometry":{"type":"LineString","coordinates":[[-75.12208,5.43056],[-75.12111,5.43083]]},"properties":{"longitud_km":0.112}},{"type":"Feature","id":284,"geometry":{"type":"LineString","coordinates":[[-75.10986,5.43056],[-75.10944,5.43056]]},"properties":{"longitud_km":0.0462}},{"type":"Feature","id":285,"geometry":{"type":"LineString","coordinates":[[-75.10944,5.43056],[-75.10917,5.43083],[-75.10917,5.43306]]},"properties":{"longitud_km":0.2892}},{"type":"Feature","id":286,"geometry":{"type":"LineString","coordinates":[[-75.13556,5.43028],[-75.13472,5.43111],[-75.13361,5.43306]]},"properties":{"longitud_km":0.3782}},{"type":"Feature","id":287,"geometry":{"type":"LineString","coordinates":[[-75.08528,5.43125],[-75.08528,5.43028]]},"properties":{"longitud_km":0.1075}},{"type":"Feature","id":288,"geometry":{"type":"LineString","coordinates":[[-75.08306,5.43361],[-75.08278,5.43333],[-75.08306,5.4325],[-75.08417,5.43194],[-75.08444,5.43111],[-75.08528,5.43028]]},"properties":{"longitud_km":0.5058}},{"type":"Feature","id":289,"geometry":{"type":"LineString","coordinates":[[-75.06264,5.43083],[-75.06167,5.43083],[-75.06111,5.43028]]},"properties":{"longitud_km":0.1947}},{"type":"Feature","id":290,"geometry":{"type":"LineString","coordinates":[[-75.06194,5.43417],[-75.06167,5.43417],[-75.06139,5.43361],[-75.06167,5.43278],[-75.06083,5.43167],[-75.06111,5.43028]]},"properties":{"longitud_km":0.5069}},{"type":"Feature","id":291,"geometry":{"type":"LineString","coordinates":[[-75.12292,5.43],[-75.12222,5.43],[-75.12111,5.43083]]},"properties":{"longitud_km":0.2307}},{"type":"Feature","id":292,"geometry":{"type":"LineString","coordinates":[[-75.13556,5.42958],[-75.13556,5.43028]]},"properties":{"longitud_km":0.0768}},{"type":"Feature","id":293,"geometry":{"type":"LineString","coordinates":[[-75.12111,5.42931],[-75.12083,5.43111]]},"properties":{"longitud_km":0.202}},{"type":"Feature","id":294,"geometry":{"type":"LineString","coordinates":[[-75.09194,5.42944],[-75.09139,5.42972],[-75.09056,5.42944],[-75.08556,5.42944]]},"properties":{"longitud_km":0.7201}},{"type":"Feature","id":295,"geometry":{"type":"LineString","coordinates":[[-75.08528,5.43028],[-75.08556,5.42944]]},"properties":{"longitud_km":0.0972}},{"type":"Feature","id":296,"geometry":{"type":"LineString","coordinates":[[-75.04917,5.43069],[-75.04917,5.43028],[-75.05,5.42944]]},"properties":{"longitud_km":0.1765}},{"type":"Feature","id":297,"geometry":{"type":"LineString","coordinates":[[-75.04875,5.42986],[-75.04917,5.42944],[-75.05,5.42944]]},"properties":{"longitud_km":0.1576}},{"type":"Feature","id":298,"geometry":{"type":"LineString","coordinates":[[-75.14458,5.42903],[-75.14417,5.42944],[-75.14333,5.42944],[-75.14306,5.42917],[-75.14222,5.42944],[-75.14194,5.42917],[-75.14056,5.42972],[-75.13972,5.42972],[-75.13861,5.42917],[-75.13722,5.42917],[-75.13694,5.42889],[-75.13583,5.43028],[-75.13556,5.43028]]},"properties":{"longitud_km":1.1625}},{"type":"Feature","id":299,"geometry":{"type":"LineString","coordinates":[[-75.06111,5.43028],[-75.06028,5.42917],[-75.06028,5.42861]]},"properties":{"longitud_km":0.2151}},{"type":"Feature","id":300,"geometry":{"type":"LineString","coordinates":[[-75.07292,5.43069],[-75.07361,5.43],[-75.07389,5.42917],[-75.07444,5.42889],[-75.07417,5.42833]]},"properties":{"longitud_km":0.3433}},{"type":"Feature","id":301,"geometry":{"type":"LineString","coordinates":[[-75.07375,5.42875],[-75.07417,5.42833]]},"properties":{"longitud_km":0.0652}},{"type":"Feature","id":302,"geometry":{"type":"LineString","coordinates":[[-75.06542,5.42875],[-75.065,5.42833],[-75.06417,5.42833],[-75.06306,5.42889],[-75.06056,5.42889],[-75.06028,5.42861]]},"properties":{"longitud_km":0.6157}},{"type":"Feature","id":303,"geometry":{"type":"LineString","coordinates":[[-75.08556,5.42944],[-75.08556,5.42889],[-75.085,5.42833],[-75.08417,5.42806]]},"properties":{"longitud_km":0.2457}},{"type":"Feature","id":304,"geometry":{"type":"LineString","coordinates":[[-75.11583,5.42764],[-75.11583,5.42861],[-75.115,5.42972],[-75.115,5.43028],[-75.11361,5.43139],[-75.11278,5.43278]]},"properties":{"longitud_km":0.6987}},{"type":"Feature","id":305,"geometry":{"type":"LineString","coordinates":[[-75.05,5.42944],[-75.05139,5.42833],[-75.05194,5.42722]]},"properties":{"longitud_km":0.3343}},{"type":"Feature","id":306,"geometry":{"type":"LineString","coordinates":[[-75.09639,5.42694],[-75.09444,5.42861],[-75.09306,5.42861],[-75.09194,5.42944]]},"properties":{"longitud_km":0.5912}},{"type":"Feature","id":307,"geometry":{"type":"LineString","coordinates":[[-75.05125,5.42694],[-75.05194,5.42722]]},"properties":{"longitud_km":0.0828}},{"type":"Feature","id":308,"geometry":{"type":"LineString","coordinates":[[-75.08708,5.42653],[-75.08556,5.42806],[-75.08417,5.42806]]},"properties":{"longitud_km":0.3931}},{"type":"Feature","id":309,"geometry":{"type":"LineString","coordinates":[[-75.10972,5.42639],[-75.10972,5.42722],[-75.10944,5.4275],[-75.10944,5.43056]]},"properties":{"longitud_km":0.4735}},{"type":"Feature","id":310,"geometry":{"type":"LineString","coordinates":[[-75.07417,5.42833],[-75.07472,5.42778],[-75.07528,5.42639]]},"properties":{"longitud_km":0.2524}},{"type":"Feature","id":311,"geometry":{"type":"LineString","coordinates":[[-75.05583,5.43333],[-75.05556,5.43222],[-75.05472,5.43111],[-75.05472,5.43056],[-75.05389,5.42972],[-75.055,5.42889],[-75.055,5.42833],[-75.05361,5.42667],[-75.05361,5.42611]]},"properties":{"longitud_km":0.9889}},{"type":"Feature","id":312,"geometry":{"type":"LineString","coordinates":[[-75.05194,5.42722],[-75.05361,5.42611]]},"properties":{"longitud_km":0.2218}},{"type":"Feature","id":313,"geometry":{"type":"LineString","coordinates":[[-75.11208,5.42597],[-75.11139,5.42667],[-75.11028,5.42583],[-75.10972,5.42639]]},"properties":{"longitud_km":0.3495}},{"type":"Feature","id":314,"geometry":{"type":"LineString","coordinates":[[-75.08417,5.42806],[-75.08194,5.42583]]},"properties":{"longitud_km":0.3479}},{"type":"Feature","id":315,"geometry":{"type":"LineString","coordinates":[[-75.08014,5.42833],[-75.08056,5.42833],[-75.08194,5.42694],[-75.08194,5.42583]]},"properties":{"longitud_km":0.3864}},{"type":"Feature","id":316,"geometry":{"type":"LineString","coordinates":[[-75.03694,5.42819],[-75.03694,5.42694],[-75.03583,5.42611],[-75.03583,5.42583]]},"properties":{"longitud_km":0.3227}},{"type":"Feature","id":317,"geometry":{"type":"LineString","coordinates":[[-75.03458,5.42611],[-75.03583,5.42583]]},"properties":{"longitud_km":0.1419}},{"type":"Feature","id":318,"geometry":{"type":"LineString","coordinates":[[-75.10875,5.42542],[-75.10972,5.42639]]},"properties":{"longitud_km":0.1522}},{"type":"Feature","id":319,"geometry":{"type":"LineString","coordinates":[[-75.10292,5.42542],[-75.10139,5.42667],[-75.09944,5.42639],[-75.09917,5.42667],[-75.09639,5.42694]]},"properties":{"longitud_km":0.789}},{"type":"Feature","id":320,"geometry":{"type":"LineString","coordinates":[[-75.07347,5.42556],[-75.07417,5.42556],[-75.07528,5.42639]]},"properties":{"longitud_km":0.2307}},{"type":"Feature","id":321,"geometry":{"type":"LineString","coordinates":[[-75.06569,5.42722],[-75.06444,5.42722],[-75.06333,5.42667],[-75.06028,5.42667],[-75.05833,5.42528]]},"properties":{"longitud_km":0.8793}},{"type":"Feature","id":322,"geometry":{"type":"LineString","coordinates":[[-75.05833,5.42528],[-75.05778,5.42528]]},"properties":{"longitud_km":0.0616}},{"type":"Feature","id":323,"geometry":{"type":"LineString","coordinates":[[-75.06028,5.42861],[-75.06028,5.42833],[-75.05833,5.42667],[-75.05778,5.42583],[-75.05778,5.42528]]},"properties":{"longitud_km":0.4865}},{"type":"Feature","id":324,"geometry":{"type":"LineString","coordinates":[[-75.04264,5.42611],[-75.04222,5.42611],[-75.04139,5.425]]},"properties":{"longitud_km":0.1999}},{"type":"Feature","id":325,"geometry":{"type":"LineString","coordinates":[[-75.04139,5.42569],[-75.04139,5.425]]},"properties":{"longitud_km":0.0768}},{"type":"Feature","id":326,"geometry":{"type":"LineString","coordinates":[[-75.08194,5.42583],[-75.08111,5.42472]]},"properties":{"longitud_km":0.1537}},{"type":"Feature","id":327,"geometry":{"type":"LineString","coordinates":[[-75.07736,5.42764],[-75.07889,5.42611],[-75.08,5.42639],[-75.08111,5.42583],[-75.08111,5.42472]]},"properties":{"longitud_km":0.6265}},{"type":"Feature","id":328,"geometry":{"type":"LineString","coordinates":[[-75.08111,5.42472],[-75.08111,5.42444]]},"properties":{"longitud_km":0.0307}},{"type":"Feature","id":329,"geometry":{"type":"LineString","coordinates":[[-75.07528,5.42639],[-75.07583,5.42583],[-75.07583,5.42444]]},"properties":{"longitud_km":0.2405}},{"type":"Feature","id":330,"geometry":{"type":"LineString","coordinates":[[-75.07292,5.42431],[-75.07333,5.42389],[-75.07389,5.42389],[-75.07472,5.42444],[-75.07583,5.42444]]},"properties":{"longitud_km":0.3608}},{"type":"Feature","id":331,"geometry":{"type":"LineString","coordinates":[[-75.09792,5.42347],[-75.09722,5.42417],[-75.09722,5.42556],[-75.09639,5.42694]]},"properties":{"longitud_km":0.4415}},{"type":"Feature","id":332,"geometry":{"type":"LineString","coordinates":[[-75.09486,5.42319],[-75.09167,5.42583],[-75.09194,5.42778],[-75.0925,5.42833],[-75.0925,5.42889],[-75.09194,5.42944]]},"properties":{"longitud_km":0.9113}},{"type":"Feature","id":333,"geometry":{"type":"LineString","coordinates":[[-75.07583,5.42444],[-75.07639,5.42417],[-75.07667,5.42361],[-75.0775,5.42333],[-75.07917,5.42361],[-75.08,5.42444],[-75.08111,5.42444]]},"properties":{"longitud_km":0.6756}},{"type":"Feature","id":334,"geometry":{"type":"LineString","coordinates":[[-75.06139,5.42333],[-75.05972,5.42472],[-75.05833,5.42528]]},"properties":{"longitud_km":0.4059}},{"type":"Feature","id":335,"geometry":{"type":"LineString","coordinates":[[-75.05778,5.42528],[-75.05722,5.42472],[-75.05528,5.42472],[-75.05417,5.42389],[-75.05389,5.42333]]},"properties":{"longitud_km":0.5249}},{"type":"Feature","id":336,"geometry":{"type":"LineString","coordinates":[[-75.05361,5.42611],[-75.05417,5.42528],[-75.05361,5.42444],[-75.05389,5.42333]]},"properties":{"longitud_km":0.3483}},{"type":"Feature","id":337,"geometry":{"type":"LineString","coordinates":[[-75.12986,5.42306],[-75.12889,5.42306],[-75.12833,5.42361],[-75.12694,5.42361],[-75.12583,5.42306]]},"properties":{"longitud_km":0.4862}},{"type":"Feature","id":338,"geometry":{"type":"LineString","coordinates":[[-75.12583,5.42306],[-75.12556,5.42306]]},"properties":{"longitud_km":0.0308}},{"type":"Feature","id":339,"geometry":{"type":"LineString","coordinates":[[-75.13125,5.42528],[-75.13,5.42528],[-75.12694,5.42444],[-75.12556,5.42306]]},"properties":{"longitud_km":0.7068}},{"type":"Feature","id":340,"geometry":{"type":"LineString","coordinates":[[-75.06403,5.42278],[-75.06222,5.42278],[-75.06139,5.42333]]},"properties":{"longitud_km":0.311}},{"type":"Feature","id":341,"geometry":{"type":"LineString","coordinates":[[-75.06208,5.42264],[-75.06139,5.42333]]},"properties":{"longitud_km":0.1087}},{"type":"Feature","id":342,"geometry":{"type":"LineString","coordinates":[[-75.12556,5.42306],[-75.12472,5.4225]]},"properties":{"longitud_km":0.1109}},{"type":"Feature","id":343,"geometry":{"type":"LineString","coordinates":[[-75.12514,5.42208],[-75.12472,5.4225]]},"properties":{"longitud_km":0.0652}},{"type":"Feature","id":344,"geometry":{"type":"LineString","coordinates":[[-75.02569,5.42403],[-75.02444,5.42278],[-75.02306,5.42278],[-75.02278,5.42222]]},"properties":{"longitud_km":0.4183}},{"type":"Feature","id":345,"geometry":{"type":"LineString","coordinates":[[-75.02181,5.42431],[-75.02278,5.42333],[-75.02278,5.42222]]},"properties":{"longitud_km":0.275}},{"type":"Feature","id":346,"geometry":{"type":"LineString","coordinates":[[-75.08236,5.42236],[-75.08194,5.42194]]},"properties":{"longitud_km":0.0652}},{"type":"Feature","id":347,"geometry":{"type":"LineString","coordinates":[[-75.08111,5.42444],[-75.08194,5.42278],[-75.08194,5.42194]]},"properties":{"longitud_km":0.2983}},{"type":"Feature","id":348,"geometry":{"type":"LineString","coordinates":[[-75.08194,5.42194],[-75.08167,5.42139]]},"properties":{"longitud_km":0.0687}},{"type":"Feature","id":349,"geometry":{"type":"LineString","coordinates":[[-75.04139,5.425],[-75.04083,5.42389],[-75.04,5.42389],[-75.03889,5.42306],[-75.03889,5.42167],[-75.03861,5.42139]]},"properties":{"longitud_km":0.5806}},{"type":"Feature","id":350,"geometry":{"type":"LineString","coordinates":[[-75.03583,5.42583],[-75.03639,5.42528],[-75.03694,5.42528],[-75.03861,5.42306],[-75.03861,5.42139]]},"properties":{"longitud_km":0.6402}},{"type":"Feature","id":351,"geometry":{"type":"LineString","coordinates":[[-75.12472,5.4225],[-75.12389,5.42222],[-75.1225,5.42222],[-75.12222,5.4225],[-75.12194,5.42222],[-75.12111,5.42222],[-75.12028,5.42139],[-75.11944,5.42111]]},"properties":{"longitud_km":0.6583}},{"type":"Feature","id":352,"geometry":{"type":"LineString","coordinates":[[-75.11972,5.42181],[-75.11944,5.42111]]},"properties":{"longitud_km":0.0827}},{"type":"Feature","id":353,"geometry":{"type":"LineString","coordinates":[[-75.08208,5.42111],[-75.08167,5.42111]]},"properties":{"longitud_km":0.0462}},{"type":"Feature","id":354,"geometry":{"type":"LineString","coordinates":[[-75.08167,5.42139],[-75.08167,5.42111]]},"properties":{"longitud_km":0.0307}},{"type":"Feature","id":355,"geometry":{"type":"LineString","coordinates":[[-75.05389,5.42333],[-75.05222,5.42167],[-75.05222,5.42111]]},"properties":{"longitud_km":0.3223}},{"type":"Feature","id":356,"geometry":{"type":"LineString","coordinates":[[-75.05153,5.42111],[-75.05222,5.42111]]},"properties":{"longitud_km":0.0769}},{"type":"Feature","id":357,"geometry":{"type":"LineString","coordinates":[[-75.09319,5.42083],[-75.0925,5.42083],[-75.09194,5.42167],[-75.09111,5.42222],[-75.09028,5.42222],[-75.09,5.42194],[-75.0875,5.42222],[-75.08694,5.42167],[-75.08194,5.42167],[-75.08167,5.42139]]},"properties":{"longitud_km":1.3977}},{"type":"Feature","id":358,"geometry":{"type":"LineString","coordinates":[[-75.03861,5.42139],[-75.03833,5.42083]]},"properties":{"longitud_km":0.0687}},{"type":"Feature","id":359,"geometry":{"type":"LineString","coordinates":[[-75.12292,5.42111],[-75.12167,5.42111],[-75.12056,5.42056],[-75.12,5.42056],[-75.11944,5.42111]]},"properties":{"longitud_km":0.4246}},{"type":"Feature","id":360,"geometry":{"type":"LineString","coordinates":[[-75.12931,5.42014],[-75.1275,5.42167],[-75.12639,5.42306],[-75.12583,5.42306]]},"properties":{"longitud_km":0.5203}},{"type":"Feature","id":361,"geometry":{"type":"LineString","coordinates":[[-75.05819,5.42111],[-75.05694,5.42056],[-75.05667,5.42083],[-75.05278,5.42083],[-75.05222,5.42028]]},"properties":{"longitud_km":0.7129}},{"type":"Feature","id":362,"geometry":{"type":"LineString","coordinates":[[-75.05222,5.42111],[-75.05222,5.42028]]},"properties":{"longitud_km":0.0921}},{"type":"Feature","id":363,"geometry":{"type":"LineString","coordinates":[[-75.03486,5.42083],[-75.03556,5.42083],[-75.03639,5.42028],[-75.03722,5.42028],[-75.03833,5.42083]]},"properties":{"longitud_km":0.4178}},{"type":"Feature","id":364,"geometry":{"type":"LineString","coordinates":[[-75.05222,5.42028],[-75.05222,5.42]]},"properties":{"longitud_km":0.0307}},{"type":"Feature","id":365,"geometry":{"type":"LineString","coordinates":[[-75.11944,5.42111],[-75.11778,5.41972],[-75.11583,5.41944]]},"properties":{"longitud_km":0.4578}},{"type":"Feature","id":366,"geometry":{"type":"LineString","coordinates":[[-75.11681,5.42125],[-75.11583,5.42028],[-75.11611,5.41972],[-75.11583,5.41944]]},"properties":{"longitud_km":0.2644}},{"type":"Feature","id":367,"geometry":{"type":"LineString","coordinates":[[-75.02278,5.42222],[-75.02278,5.42167],[-75.02222,5.42111],[-75.02222,5.42028],[-75.02083,5.41944]]},"properties":{"longitud_km":0.4199}},{"type":"Feature","id":368,"geometry":{"type":"LineString","coordinates":[[-75.01958,5.42014],[-75.02083,5.41944]]},"properties":{"longitud_km":0.1584}},{"type":"Feature","id":369,"geometry":{"type":"LineString","coordinates":[[-75.11583,5.41944],[-75.11417,5.41889]]},"properties":{"longitud_km":0.1946}},{"type":"Feature","id":370,"geometry":{"type":"LineString","coordinates":[[-75.04194,5.42097],[-75.04194,5.42028],[-75.04028,5.41889]]},"properties":{"longitud_km":0.317}},{"type":"Feature","id":371,"geometry":{"type":"LineString","coordinates":[[-75.03833,5.42083],[-75.03889,5.42028],[-75.03972,5.42028],[-75.04028,5.41972],[-75.04028,5.41889]]},"properties":{"longitud_km":0.3584}},{"type":"Feature","id":372,"geometry":{"type":"LineString","coordinates":[[-75.08167,5.42111],[-75.08139,5.42028],[-75.08,5.41861]]},"properties":{"longitud_km":0.3372}},{"type":"Feature","id":373,"geometry":{"type":"LineString","coordinates":[[-75.07597,5.42083],[-75.07667,5.42083],[-75.07722,5.42028],[-75.07778,5.42028],[-75.07889,5.41917],[-75.07972,5.41944],[-75.08,5.41861]]},"properties":{"longitud_km":0.5939}},{"type":"Feature","id":374,"geometry":{"type":"LineString","coordinates":[[-75.05222,5.42],[-75.05167,5.41889],[-75.05083,5.41861]]},"properties":{"longitud_km":0.2347}},{"type":"Feature","id":375,"geometry":{"type":"LineString","coordinates":[[-75.01556,5.42153],[-75.01528,5.42083],[-75.01583,5.42028],[-75.01583,5.41917],[-75.01722,5.41806]]},"properties":{"longitud_km":0.4894}},{"type":"Feature","id":376,"geometry":{"type":"LineString","coordinates":[[-75.05583,5.41778],[-75.05444,5.41917],[-75.05333,5.41917],[-75.05222,5.42]]},"properties":{"longitud_km":0.4943}},{"type":"Feature","id":377,"geometry":{"type":"LineString","coordinates":[[-75.04028,5.41889],[-75.04,5.41861],[-75.04,5.41778]]},"properties":{"longitud_km":0.1356}},{"type":"Feature","id":378,"geometry":{"type":"LineString","coordinates":[[-75.10986,5.41958],[-75.10944,5.41917],[-75.10889,5.4175]]},"properties":{"longitud_km":0.2595}},{"type":"Feature","id":379,"geometry":{"type":"LineString","coordinates":[[-75.05083,5.41861],[-75.05,5.41806],[-75.04917,5.41833],[-75.04889,5.4175],[-75.04861,5.4175]]},"properties":{"longitud_km":0.3361}},{"type":"Feature","id":380,"geometry":{"type":"LineString","coordinates":[[-75.04792,5.42236],[-75.0475,5.42194],[-75.0475,5.42111],[-75.04806,5.41944],[-75.04861,5.41889],[-75.04861,5.4175]]},"properties":{"longitud_km":0.5922}},{"type":"Feature","id":381,"geometry":{"type":"LineString","coordinates":[[-75.03764,5.4175],[-75.03861,5.41778],[-75.03889,5.4175],[-75.03972,5.41806],[-75.04,5.41778]]},"properties":{"longitud_km":0.3099}},{"type":"Feature","id":382,"geometry":{"type":"LineString","coordinates":[[-75.11417,5.41889],[-75.1125,5.41722]]},"properties":{"longitud_km":0.2609}},{"type":"Feature","id":383,"geometry":{"type":"LineString","coordinates":[[-75.1125,5.41722],[-75.11222,5.41722]]},"properties":{"longitud_km":0.0308}},{"type":"Feature","id":384,"geometry":{"type":"LineString","coordinates":[[-75.11292,5.42042],[-75.11333,5.42],[-75.11333,5.41917],[-75.11222,5.41722]]},"properties":{"longitud_km":0.4051}},{"type":"Feature","id":385,"geometry":{"type":"LineString","coordinates":[[-75.05708,5.41708],[-75.05639,5.41778],[-75.05583,5.41778]]},"properties":{"longitud_km":0.1703}},{"type":"Feature","id":386,"geometry":{"type":"LineString","coordinates":[[-75.05653,5.41708],[-75.05583,5.41778]]},"properties":{"longitud_km":0.1087}},{"type":"Feature","id":387,"geometry":{"type":"LineString","coordinates":[[-75.01458,5.41708],[-75.01583,5.41806],[-75.01722,5.41806]]},"properties":{"longitud_km":0.3292}},{"type":"Feature","id":388,"geometry":{"type":"LineString","coordinates":[[-75.04861,5.4175],[-75.04833,5.41694]]},"properties":{"longitud_km":0.0687}},{"type":"Feature","id":389,"geometry":{"type":"LineString","coordinates":[[-75.04694,5.41875],[-75.04694,5.41778],[-75.04778,5.41694],[-75.04833,5.41694]]},"properties":{"longitud_km":0.2995}},{"type":"Feature","id":390,"geometry":{"type":"LineString","coordinates":[[-75.11222,5.41722],[-75.11167,5.41667],[-75.11,5.4175],[-75.10889,5.4175]]},"properties":{"longitud_km":0.4165}},{"type":"Feature","id":391,"geometry":{"type":"LineString","coordinates":[[-75.10292,5.41736],[-75.10194,5.41639]]},"properties":{"longitud_km":0.1522}},{"type":"Feature","id":392,"geometry":{"type":"LineString","coordinates":[[-75.11514,5.41569],[-75.11361,5.41694],[-75.1125,5.41722]]},"properties":{"longitud_km":0.3454}},{"type":"Feature","id":393,"geometry":{"type":"LineString","coordinates":[[-75.10194,5.41639],[-75.10028,5.41667],[-75.09778,5.41583]]},"properties":{"longitud_km":0.4792}},{"type":"Feature","id":394,"geometry":{"type":"LineString","coordinates":[[-75.0875,5.41625],[-75.0875,5.41583]]},"properties":{"longitud_km":0.0461}},{"type":"Feature","id":395,"geometry":{"type":"LineString","coordinates":[[-75.04833,5.41694],[-75.04806,5.41639],[-75.04722,5.41583]]},"properties":{"longitud_km":0.1796}},{"type":"Feature","id":396,"geometry":{"type":"LineString","coordinates":[[-75.02083,5.41944],[-75.02083,5.41889],[-75.02139,5.41806],[-75.02139,5.41583]]},"properties":{"longitud_km":0.4179}},{"type":"Feature","id":397,"geometry":{"type":"LineString","coordinates":[[-75.01722,5.41806],[-75.01861,5.41667],[-75.01972,5.41694],[-75.02056,5.41611],[-75.02139,5.41583]]},"properties":{"longitud_km":0.572}},{"type":"Feature","id":398,"geometry":{"type":"LineString","coordinates":[[-75.10444,5.41556],[-75.10333,5.41639],[-75.10194,5.41639]]},"properties":{"longitud_km":0.3077}},{"type":"Feature","id":399,"geometry":{"type":"LineString","coordinates":[[-75.08778,5.41556],[-75.0875,5.41583]]},"properties":{"longitud_km":0.0435}},{"type":"Feature","id":400,"geometry":{"type":"LineString","coordinates":[[-75.05431,5.41542],[-75.05306,5.41639],[-75.05306,5.41694],[-75.05167,5.41861],[-75.05083,5.41861]]},"properties":{"longitud_km":0.5692}},{"type":"Feature","id":401,"geometry":{"type":"LineString","coordinates":[[-75.10889,5.4175],[-75.10806,5.41639],[-75.10833,5.41611],[-75.1075,5.41528]]},"properties":{"longitud_km":0.3276}},{"type":"Feature","id":402,"geometry":{"type":"LineString","coordinates":[[-75.08,5.41861],[-75.07972,5.41694],[-75.07889,5.41583],[-75.07889,5.41528]]},"properties":{"longitud_km":0.4019}},{"type":"Feature","id":403,"geometry":{"type":"LineString","coordinates":[[-75.12361,5.415],[-75.12167,5.41639],[-75.12056,5.41639],[-75.12,5.41694],[-75.11944,5.41667],[-75.11861,5.41722],[-75.11806,5.41694],[-75.11694,5.41806],[-75.11556,5.41833],[-75.115,5.41861],[-75.115,5.41889],[-75.11417,5.41889]]},"properties":{"longitud_km":1.2459}},{"type":"Feature","id":404,"geometry":{"type":"LineString","coordinates":[[-75.1075,5.41528],[-75.10556,5.415],[-75.105,5.41556],[-75.10444,5.41556]]},"properties":{"longitud_km":0.3662}},{"type":"Feature","id":405,"geometry":{"type":"LineString","coordinates":[[-75.07889,5.41528],[-75.07861,5.415]]},"properties":{"longitud_km":0.0435}},{"type":"Feature","id":406,"geometry":{"type":"LineString","coordinates":[[-75.07153,5.41931],[-75.07194,5.41889],[-75.07306,5.41889],[-75.07389,5.41806],[-75.07556,5.41778],[-75.07667,5.41694],[-75.07722,5.41694],[-75.07861,5.41583],[-75.07861,5.415]]},"properties":{"longitud_km":1.0104}},{"type":"Feature","id":407,"geometry":{"type":"LineString","coordinates":[[-75.04986,5.41486],[-75.04944,5.41528],[-75.04833,5.41528],[-75.04806,5.41583],[-75.04722,5.41583]]},"properties":{"longitud_km":0.3494}},{"type":"Feature","id":408,"geometry":{"type":"LineString","coordinates":[[-75.12875,5.41472],[-75.12694,5.415],[-75.12667,5.41528],[-75.12361,5.415]]},"properties":{"longitud_km":0.5859}},{"type":"Feature","id":409,"geometry":{"type":"LineString","coordinates":[[-75.09167,5.41472],[-75.09083,5.415],[-75.09028,5.41472],[-75.08944,5.41528],[-75.08861,5.415],[-75.08778,5.41556]]},"properties":{"longitud_km":0.4853}},{"type":"Feature","id":410,"geometry":{"type":"LineString","coordinates":[[-75.09778,5.41583],[-75.09639,5.41556],[-75.09556,5.41472],[-75.09417,5.41444]]},"properties":{"longitud_km":0.4443}},{"type":"Feature","id":411,"geometry":{"type":"LineString","coordinates":[[-75.09417,5.41444],[-75.09222,5.41444],[-75.09167,5.41472]]},"properties":{"longitud_km":0.2843}},{"type":"Feature","id":412,"geometry":{"type":"LineString","coordinates":[[-75.0875,5.41583],[-75.08667,5.41583],[-75.08556,5.41444],[-75.08444,5.41444]]},"properties":{"longitud_km":0.4123}},{"type":"Feature","id":413,"geometry":{"type":"LineString","coordinates":[[-75.08444,5.41444],[-75.08194,5.41639],[-75.08139,5.41639],[-75.08056,5.41528],[-75.07889,5.41528]]},"properties":{"longitud_km":0.7506}},{"type":"Feature","id":414,"geometry":{"type":"LineString","coordinates":[[-75.07861,5.415],[-75.07861,5.41444]]},"properties":{"longitud_km":0.0614}},{"type":"Feature","id":415,"geometry":{"type":"LineString","coordinates":[[-75.07375,5.41597],[-75.07417,5.41556],[-75.07556,5.41528],[-75.07639,5.41444],[-75.07694,5.41472],[-75.07861,5.41444]]},"properties":{"longitud_km":0.6086}},{"type":"Feature","id":416,"geometry":{"type":"LineString","coordinates":[[-75.06806,5.41514],[-75.06778,5.41444]]},"properties":{"longitud_km":0.0827}},{"type":"Feature","id":417,"geometry":{"type":"LineString","coordinates":[[-75.06389,5.41764],[-75.06389,5.41611],[-75.06417,5.41583],[-75.06611,5.41667],[-75.06639,5.41611],[-75.0675,5.41528],[-75.06778,5.41444]]},"properties":{"longitud_km":0.7664}},{"type":"Feature","id":418,"geometry":{"type":"LineString","coordinates":[[-75.11014,5.41403],[-75.10861,5.41556],[-75.1075,5.41528]]},"properties":{"longitud_km":0.3661}},{"type":"Feature","id":419,"geometry":{"type":"LineString","coordinates":[[-75.10028,5.41417],[-75.09917,5.41528],[-75.09778,5.41583]]},"properties":{"longitud_km":0.3396}},{"type":"Feature","id":420,"geometry":{"type":"LineString","coordinates":[[-75.09458,5.41403],[-75.09417,5.41444]]},"properties":{"longitud_km":0.0652}},{"type":"Feature","id":421,"geometry":{"type":"LineString","coordinates":[[-75.02931,5.41986],[-75.03,5.41889],[-75.02972,5.41639],[-75.03028,5.41556],[-75.03028,5.415],[-75.03056,5.415],[-75.03056,5.41389]]},"properties":{"longitud_km":0.7362}},{"type":"Feature","id":422,"geometry":{"type":"LineString","coordinates":[[-75.02736,5.41528],[-75.02889,5.41528],[-75.02917,5.41472],[-75.03028,5.41444],[-75.03056,5.41389]]},"properties":{"longitud_km":0.4336}},{"type":"Feature","id":423,"geometry":{"type":"LineString","coordinates":[[-75.02431,5.41778],[-75.02389,5.41778],[-75.02333,5.41694],[-75.02333,5.41528],[-75.0225,5.41389],[-75.0225,5.41333]]},"properties":{"longitud_km":0.5819}},{"type":"Feature","id":424,"geometry":{"type":"LineString","coordinates":[[-75.02139,5.41583],[-75.0225,5.41333]]},"properties":{"longitud_km":0.3026}},{"type":"Feature","id":425,"geometry":{"type":"LineString","coordinates":[[-75.01625,5.41389],[-75.01722,5.41389],[-75.0175,5.41417],[-75.01833,5.41361],[-75.01833,5.41333],[-75.02083,5.41389],[-75.02139,5.41333],[-75.0225,5.41333]]},"properties":{"longitud_km":0.7867}},{"type":"Feature","id":426,"geometry":{"type":"LineString","coordinates":[[-75.08569,5.41236],[-75.08444,5.41444]]},"properties":{"longitud_km":0.2688}},{"type":"Feature","id":427,"geometry":{"type":"LineString","coordinates":[[-75.04,5.41778],[-75.04167,5.41778],[-75.04194,5.4175],[-75.04139,5.41639],[-75.04222,5.41556],[-75.04333,5.41361],[-75.04333,5.41222]]},"properties":{"longitud_km":0.8973}},{"type":"Feature","id":428,"geometry":{"type":"LineString","coordinates":[[-75.03736,5.41389],[-75.04056,5.41361],[-75.04139,5.41278],[-75.0425,5.41222],[-75.04278,5.4125],[-75.04333,5.41222]]},"properties":{"longitud_km":0.7356}},{"type":"Feature","id":429,"geometry":{"type":"LineString","coordinates":[[-75.08917,5.41153],[-75.08917,5.41278],[-75.08861,5.41361],[-75.08861,5.41472],[-75.08778,5.41556]]},"properties":{"longitud_km":0.5023}},{"type":"Feature","id":430,"geometry":{"type":"LineString","coordinates":[[-75.04722,5.41583],[-75.04639,5.41528],[-75.04472,5.415],[-75.04389,5.41389],[-75.04389,5.41222],[-75.04361,5.41167]]},"properties":{"longitud_km":0.7048}},{"type":"Feature","id":431,"geometry":{"type":"LineString","coordinates":[[-75.04333,5.41222],[-75.04361,5.41167]]},"properties":{"longitud_km":0.0687}},{"type":"Feature","id":432,"geometry":{"type":"LineString","coordinates":[[-75.12653,5.41125],[-75.12361,5.415]]},"properties":{"longitud_km":0.5257}},{"type":"Feature","id":433,"geometry":{"type":"LineString","coordinates":[[-75.10111,5.41125],[-75.10083,5.41306],[-75.10028,5.41417]]},"properties":{"longitud_km":0.3394}},{"type":"Feature","id":434,"geometry":{"type":"LineString","coordinates":[[-75.07097,5.41403],[-75.07056,5.41361],[-75.07083,5.41306],[-75.07083,5.41139]]},"properties":{"longitud_km":0.3182}},{"type":"Feature","id":435,"geometry":{"type":"LineString","coordinates":[[-75.06778,5.41444],[-75.0675,5.41333],[-75.06833,5.41306],[-75.06917,5.41222],[-75.07028,5.41222],[-75.07083,5.41139]]},"properties":{"longitud_km":0.5883}},{"type":"Feature","id":436,"geometry":{"type":"LineString","coordinates":[[-75.11528,5.41083],[-75.11472,5.41111],[-75.11417,5.41083],[-75.11333,5.41111],[-75.11278,5.41083],[-75.11222,5.41111],[-75.11139,5.41083],[-75.11028,5.41139],[-75.10889,5.41083],[-75.10806,5.41083]]},"properties":{"longitud_km":0.8655}},{"type":"Feature","id":437,"geometry":{"type":"LineString","coordinates":[[-75.10806,5.41083],[-75.10667,5.41194],[-75.10667,5.41278],[-75.10639,5.41278],[-75.10583,5.41417],[-75.105,5.41472],[-75.10444,5.41556]]},"properties":{"longitud_km":0.707}},{"type":"Feature","id":438,"geometry":{"type":"LineString","coordinates":[[-75.07597,5.41056],[-75.07722,5.41056]]},"properties":{"longitud_km":0.1385}},{"type":"Feature","id":439,"geometry":{"type":"LineString","coordinates":[[-75.07861,5.41444],[-75.07889,5.41222],[-75.07833,5.41028]]},"properties":{"longitud_km":0.4713}},{"type":"Feature","id":440,"geometry":{"type":"LineString","coordinates":[[-75.07722,5.41056],[-75.07833,5.41056],[-75.07833,5.41028]]},"properties":{"longitud_km":0.1538}},{"type":"Feature","id":441,"geometry":{"type":"LineString","coordinates":[[-75.07625,5.40986],[-75.07722,5.41056]]},"properties":{"longitud_km":0.1323}},{"type":"Feature","id":442,"geometry":{"type":"LineString","coordinates":[[-75.01347,5.41236],[-75.01417,5.41306],[-75.015,5.41306],[-75.01583,5.41139],[-75.01806,5.41139],[-75.01972,5.41]]},"properties":{"longitud_km":0.8936}},{"type":"Feature","id":443,"geometry":{"type":"LineString","coordinates":[[-75.12403,5.40972],[-75.12278,5.41028],[-75.12139,5.41167],[-75.12028,5.41167],[-75.11944,5.41111],[-75.11667,5.41194],[-75.11528,5.41083]]},"properties":{"longitud_km":1.1212}},{"type":"Feature","id":444,"geometry":{"type":"LineString","coordinates":[[-75.10514,5.40903],[-75.10361,5.41056],[-75.10361,5.41194],[-75.10111,5.41333],[-75.10028,5.41417]]},"properties":{"longitud_km":0.8399}},{"type":"Feature","id":445,"geometry":{"type":"LineString","coordinates":[[-75.04361,5.41167],[-75.04333,5.41083],[-75.04222,5.40972],[-75.04222,5.40917]]},"properties":{"longitud_km":0.3325}},{"type":"Feature","id":446,"geometry":{"type":"LineString","coordinates":[[-75.10972,5.40889],[-75.10806,5.41083]]},"properties":{"longitud_km":0.2834}},{"type":"Feature","id":447,"geometry":{"type":"LineString","coordinates":[[-75.10972,5.40847],[-75.10972,5.40889]]},"properties":{"longitud_km":0.0461}},{"type":"Feature","id":448,"geometry":{"type":"LineString","coordinates":[[-75.09486,5.40847],[-75.09389,5.40944],[-75.09361,5.41222],[-75.09306,5.41278],[-75.09306,5.41333],[-75.09167,5.41472]]},"properties":{"longitud_km":0.8267}},{"type":"Feature","id":449,"geometry":{"type":"LineString","coordinates":[[-75.11931,5.40819],[-75.11806,5.40944],[-75.1175,5.40944],[-75.11611,5.41056],[-75.11528,5.41083]]},"properties":{"longitud_km":0.5515}},{"type":"Feature","id":450,"geometry":{"type":"LineString","coordinates":[[-75.04819,5.40986],[-75.04694,5.40861],[-75.04389,5.40861],[-75.04389,5.40833]]},"properties":{"longitud_km":0.565}},{"type":"Feature","id":451,"geometry":{"type":"LineString","coordinates":[[-75.04222,5.40917],[-75.04278,5.40917],[-75.04389,5.40833]]},"properties":{"longitud_km":0.2153}},{"type":"Feature","id":452,"geometry":{"type":"LineString","coordinates":[[-75.03597,5.40875],[-75.03639,5.40833],[-75.03667,5.40861],[-75.03889,5.40861],[-75.03944,5.40917],[-75.04111,5.40917],[-75.04139,5.40944],[-75.04222,5.40917]]},"properties":{"longitud_km":0.7674}},{"type":"Feature","id":453,"geometry":{"type":"LineString","coordinates":[[-75.03056,5.41389],[-75.03056,5.41306],[-75.03083,5.41278],[-75.03056,5.4125],[-75.03056,5.41139],[-75.03083,5.41083],[-75.03056,5.41056],[-75.03056,5.40972],[-75.02944,5.40833]]},"properties":{"longitud_km":0.7031}},{"type":"Feature","id":454,"geometry":{"type":"LineString","coordinates":[[-75.02819,5.41125],[-75.02944,5.40972],[-75.02944,5.40833]]},"properties":{"longitud_km":0.372}},{"type":"Feature","id":455,"geometry":{"type":"LineString","coordinates":[[-75.01667,5.40806],[-75.01861,5.40806],[-75.01944,5.40889],[-75.01944,5.40972],[-75.01972,5.41]]},"properties":{"longitud_km":0.4815}},{"type":"Feature","id":456,"geometry":{"type":"LineString","coordinates":[[-75.01625,5.40875],[-75.01667,5.40806]]},"properties":{"longitud_km":0.0896}},{"type":"Feature","id":457,"geometry":{"type":"LineString","coordinates":[[-75.11181,5.4075],[-75.11139,5.4075],[-75.10972,5.40889]]},"properties":{"longitud_km":0.2864}},{"type":"Feature","id":458,"geometry":{"type":"LineString","coordinates":[[-75.02944,5.40833],[-75.02917,5.40806],[-75.02917,5.40722]]},"properties":{"longitud_km":0.1356}},{"type":"Feature","id":459,"geometry":{"type":"LineString","coordinates":[[-75.01556,5.40639],[-75.01611,5.40667],[-75.01611,5.40722],[-75.01667,5.40806]]},"properties":{"longitud_km":0.241}},{"type":"Feature","id":460,"geometry":{"type":"LineString","coordinates":[[-75.01347,5.40694],[-75.01472,5.40694],[-75.01556,5.40639]]},"properties":{"longitud_km":0.2494}},{"type":"Feature","id":461,"geometry":{"type":"LineString","coordinates":[[-75.09597,5.40639],[-75.09528,5.40667],[-75.09139,5.40639],[-75.08833,5.40556]]},"properties":{"longitud_km":0.8658}},{"type":"Feature","id":462,"geometry":{"type":"LineString","coordinates":[[-75.08833,5.40556],[-75.08694,5.40583]]},"properties":{"longitud_km":0.1569}},{"type":"Feature","id":463,"geometry":{"type":"LineString","coordinates":[[-75.08181,5.40625],[-75.08111,5.40556]]},"properties":{"longitud_km":0.1087}},{"type":"Feature","id":464,"geometry":{"type":"LineString","coordinates":[[-75.08903,5.40528],[-75.08833,5.40556]]},"properties":{"longitud_km":0.0829}},{"type":"Feature","id":465,"geometry":{"type":"LineString","coordinates":[[-75.08694,5.40583],[-75.08583,5.40611],[-75.08389,5.40528]]},"properties":{"longitud_km":0.3612}},{"type":"Feature","id":466,"geometry":{"type":"LineString","coordinates":[[-75.08389,5.40528],[-75.08278,5.40583],[-75.08111,5.40556]]},"properties":{"longitud_km":0.3248}},{"type":"Feature","id":467,"geometry":{"type":"LineString","coordinates":[[-75.08111,5.40556],[-75.08083,5.40528],[-75.07917,5.40528]]},"properties":{"longitud_km":0.2282}},{"type":"Feature","id":468,"geometry":{"type":"LineString","coordinates":[[-75.07833,5.41028],[-75.07889,5.40944],[-75.07889,5.40833],[-75.07944,5.40722],[-75.07944,5.40583],[-75.07917,5.40528]]},"properties":{"longitud_km":0.5934}},{"type":"Feature","id":469,"geometry":{"type":"LineString","coordinates":[[-75.01972,5.41],[-75.02,5.41056],[-75.02028,5.41056],[-75.02167,5.40861],[-75.02167,5.4075],[-75.02222,5.40694],[-75.02194,5.40528]]},"properties":{"longitud_km":0.7605}},{"type":"Feature","id":470,"geometry":{"type":"LineString","coordinates":[[-75.01319,5.40486],[-75.01472,5.40611],[-75.01556,5.40639]]},"properties":{"longitud_km":0.3159}},{"type":"Feature","id":471,"geometry":{"type":"LineString","coordinates":[[-75.03278,5.40458],[-75.03278,5.40528],[-75.03167,5.40611],[-75.03111,5.40694],[-75.02917,5.40722]]},"properties":{"longitud_km":0.559}},{"type":"Feature","id":472,"geometry":{"type":"LineString","coordinates":[[-75.07917,5.40528],[-75.07889,5.40444]]},"properties":{"longitud_km":0.0972}},{"type":"Feature","id":473,"geometry":{"type":"LineString","coordinates":[[-75.05708,5.40542],[-75.05611,5.40444],[-75.05556,5.40444]]},"properties":{"longitud_km":0.2137}},{"type":"Feature","id":474,"geometry":{"type":"LineString","coordinates":[[-75.05861,5.41125],[-75.05861,5.41083],[-75.0575,5.41056],[-75.05639,5.40944],[-75.05556,5.40444]]},"properties":{"longitud_km":0.9074}},{"type":"Feature","id":475,"geometry":{"type":"LineString","coordinates":[[-75.05292,5.40542],[-75.05333,5.405],[-75.05333,5.40444]]},"properties":{"longitud_km":0.1267}},{"type":"Feature","id":476,"geometry":{"type":"LineString","coordinates":[[-75.05139,5.40764],[-75.05139,5.40583],[-75.05333,5.40444]]},"properties":{"longitud_km":0.4642}},{"type":"Feature","id":477,"geometry":{"type":"LineString","coordinates":[[-75.04389,5.40833],[-75.04333,5.40778],[-75.04361,5.40389]]},"properties":{"longitud_km":0.518}},{"type":"Feature","id":478,"geometry":{"type":"LineString","coordinates":[[-75.02917,5.40722],[-75.0275,5.40639],[-75.0275,5.40389]]},"properties":{"longitud_km":0.4828}},{"type":"Feature","id":479,"geometry":{"type":"LineString","coordinates":[[-75.0225,5.41333],[-75.02417,5.41111],[-75.02417,5.41],[-75.02472,5.40944],[-75.02472,5.40806],[-75.02583,5.40667],[-75.02583,5.40583],[-75.0275,5.40389]]},"properties":{"longitud_km":1.2431}},{"type":"Feature","id":480,"geometry":{"type":"LineString","coordinates":[[-75.01972,5.40389],[-75.02056,5.40444],[-75.02083,5.405],[-75.02194,5.40528]]},"properties":{"longitud_km":0.3065}},{"type":"Feature","id":481,"geometry":{"type":"LineString","coordinates":[[-75.03875,5.40361],[-75.03944,5.40361],[-75.03972,5.40417],[-75.04139,5.40417],[-75.04167,5.40444],[-75.04333,5.40444],[-75.04361,5.40389]]},"properties":{"longitud_km":0.6272}},{"type":"Feature","id":482,"geometry":{"type":"LineString","coordinates":[[-75.04514,5.40542],[-75.04444,5.405],[-75.04417,5.40333]]},"properties":{"longitud_km":0.2765}},{"type":"Feature","id":483,"geometry":{"type":"LineString","coordinates":[[-75.04361,5.40389],[-75.04417,5.40333]]},"properties":{"longitud_km":0.087}},{"type":"Feature","id":484,"geometry":{"type":"LineString","coordinates":[[-75.01972,5.40319],[-75.01972,5.40389]]},"properties":{"longitud_km":0.0768}},{"type":"Feature","id":485,"geometry":{"type":"LineString","coordinates":[[-75.09681,5.40444],[-75.09611,5.40472],[-75.09389,5.40444],[-75.09222,5.40306],[-75.09056,5.40306],[-75.09,5.40361],[-75.08944,5.40361],[-75.08778,5.40556],[-75.08694,5.40583]]},"properties":{"longitud_km":1.2852}},{"type":"Feature","id":486,"geometry":{"type":"LineString","coordinates":[[-75.08181,5.40278],[-75.08028,5.40333],[-75.07889,5.40444]]},"properties":{"longitud_km":0.377}},{"type":"Feature","id":487,"geometry":{"type":"LineString","coordinates":[[-75.05556,5.40444],[-75.05417,5.4025]]},"properties":{"longitud_km":0.2644}},{"type":"Feature","id":488,"geometry":{"type":"LineString","coordinates":[[-75.05333,5.40444],[-75.05417,5.4025]]},"properties":{"longitud_km":0.234}},{"type":"Feature","id":489,"geometry":{"type":"LineString","coordinates":[[-75.0425,5.4025],[-75.04333,5.40333],[-75.04417,5.40333]]},"properties":{"longitud_km":0.2228}},{"type":"Feature","id":490,"geometry":{"type":"LineString","coordinates":[[-75.04208,5.4025],[-75.0425,5.4025]]},"properties":{"longitud_km":0.0462}},{"type":"Feature","id":491,"geometry":{"type":"LineString","coordinates":[[-75.01722,5.40222],[-75.01972,5.40389]]},"properties":{"longitud_km":0.3327}},{"type":"Feature","id":492,"geometry":{"type":"LineString","coordinates":[[-75.01542,5.40306],[-75.01611,5.40306],[-75.01722,5.40222]]},"properties":{"longitud_km":0.2307}},{"type":"Feature","id":493,"geometry":{"type":"LineString","coordinates":[[-75.01681,5.40222],[-75.01722,5.40222]]},"properties":{"longitud_km":0.0462}},{"type":"Feature","id":494,"geometry":{"type":"LineString","coordinates":[[-75.04181,5.40181],[-75.0425,5.4025]]},"properties":{"longitud_km":0.1087}},{"type":"Feature","id":495,"geometry":{"type":"LineString","coordinates":[[-75.07889,5.40444],[-75.07833,5.40389],[-75.07806,5.40222],[-75.0775,5.40167]]},"properties":{"longitud_km":0.3608}},{"type":"Feature","id":496,"geometry":{"type":"LineString","coordinates":[[-75.02194,5.40528],[-75.0225,5.40444],[-75.0225,5.40389],[-75.02306,5.40333],[-75.02306,5.40278],[-75.02639,5.40167]]},"properties":{"longitud_km":0.7099}},{"type":"Feature","id":497,"geometry":{"type":"LineString","coordinates":[[-75.09403,5.40181],[-75.09361,5.40139],[-75.09222,5.40139]]},"properties":{"longitud_km":0.2191}},{"type":"Feature","id":498,"geometry":{"type":"LineString","coordinates":[[-75.0275,5.40389],[-75.0275,5.40139]]},"properties":{"longitud_km":0.2764}},{"type":"Feature","id":499,"geometry":{"type":"LineString","coordinates":[[-75.02639,5.40167],[-75.02722,5.40167],[-75.0275,5.40139]]},"properties":{"longitud_km":0.1358}},{"type":"Feature","id":500,"geometry":{"type":"LineString","coordinates":[[-75.09222,5.40139],[-75.09139,5.40139],[-75.09111,5.40111],[-75.09083,5.40139],[-75.09,5.40139],[-75.08833,5.40306],[-75.08806,5.40389],[-75.0875,5.40444],[-75.08694,5.40444],[-75.08611,5.40556],[-75.08417,5.405],[-75.08389,5.40528]]},"properties":{"longitud_km":1.1995}},{"type":"Feature","id":501,"geometry":{"type":"LineString","coordinates":[[-75.02903,5.40347],[-75.02778,5.40194],[-75.02778,5.40111]]},"properties":{"longitud_km":0.3106}},{"type":"Feature","id":502,"geometry":{"type":"LineString","coordinates":[[-75.0275,5.40139],[-75.02778,5.40111]]},"properties":{"longitud_km":0.0435}},{"type":"Feature","id":503,"geometry":{"type":"LineString","coordinates":[[-75.08083,5.40083],[-75.07944,5.40167],[-75.0775,5.40167]]},"properties":{"longitud_km":0.3948}},{"type":"Feature","id":504,"geometry":{"type":"LineString","coordinates":[[-75.05417,5.4025],[-75.05278,5.40083]]},"properties":{"longitud_km":0.2401}},{"type":"Feature","id":505,"geometry":{"type":"LineString","coordinates":[[-75.05153,5.40194],[-75.05222,5.40194],[-75.05278,5.40139],[-75.05278,5.40083]]},"properties":{"longitud_km":0.2253}},{"type":"Feature","id":506,"geometry":{"type":"LineString","coordinates":[[-75.04583,5.40181],[-75.04583,5.40083]]},"properties":{"longitud_km":0.1075}},{"type":"Feature","id":507,"geometry":{"type":"LineString","coordinates":[[-75.04417,5.40333],[-75.04556,5.40194],[-75.04556,5.40111],[-75.04583,5.40083]]},"properties":{"longitud_km":0.353}},{"type":"Feature","id":508,"geometry":{"type":"LineString","coordinates":[[-75.09431,5.39931],[-75.09361,5.40056],[-75.09222,5.40139]]},"properties":{"longitud_km":0.3376}},{"type":"Feature","id":509,"geometry":{"type":"LineString","coordinates":[[-75.0775,5.40167],[-75.07556,5.39944]]},"properties":{"longitud_km":0.3268}},{"type":"Feature","id":510,"geometry":{"type":"LineString","coordinates":[[-75.07083,5.41139],[-75.07139,5.41],[-75.07111,5.40556],[-75.07389,5.4025],[-75.07444,5.40028],[-75.075,5.39972],[-75.07556,5.39972],[-75.07556,5.39944]]},"properties":{"longitud_km":1.5474}},{"type":"Feature","id":511,"geometry":{"type":"LineString","coordinates":[[-75.02125,5.39931],[-75.02222,5.40028],[-75.02472,5.40028],[-75.02528,5.40083],[-75.02583,5.40083],[-75.02639,5.40167]]},"properties":{"longitud_km":0.6885}},{"type":"Feature","id":512,"geometry":{"type":"LineString","coordinates":[[-75.08792,5.39889],[-75.08667,5.39889]]},"properties":{"longitud_km":0.1385}},{"type":"Feature","id":513,"geometry":{"type":"LineString","coordinates":[[-75.08667,5.39889],[-75.08583,5.39944],[-75.0825,5.39944],[-75.08083,5.40083]]},"properties":{"longitud_km":0.7205}},{"type":"Feature","id":514,"geometry":{"type":"LineString","coordinates":[[-75.07556,5.39944],[-75.075,5.39861]]},"properties":{"longitud_km":0.1108}},{"type":"Feature","id":515,"geometry":{"type":"LineString","coordinates":[[-75.10514,5.40236],[-75.10556,5.40194],[-75.10528,5.40056],[-75.10306,5.39833]]},"properties":{"longitud_km":0.5697}},{"type":"Feature","id":516,"geometry":{"type":"LineString","coordinates":[[-75.10278,5.40181],[-75.10278,5.39889],[-75.10306,5.39833]]},"properties":{"longitud_km":0.3912}},{"type":"Feature","id":517,"geometry":{"type":"LineString","coordinates":[[-75.08847,5.39819],[-75.08806,5.39861],[-75.08694,5.39861],[-75.08667,5.39889]]},"properties":{"longitud_km":0.2318}},{"type":"Feature","id":518,"geometry":{"type":"LineString","coordinates":[[-75.05556,5.39986],[-75.05556,5.39833],[-75.05528,5.39806]]},"properties":{"longitud_km":0.2124}},{"type":"Feature","id":519,"geometry":{"type":"LineString","coordinates":[[-75.10875,5.40236],[-75.10639,5.40083],[-75.10667,5.39972],[-75.10583,5.39861],[-75.10528,5.39833],[-75.10333,5.39833],[-75.10278,5.39778]]},"properties":{"longitud_km":0.963}},{"type":"Feature","id":520,"geometry":{"type":"LineString","coordinates":[[-75.10306,5.39833],[-75.10278,5.39778]]},"properties":{"longitud_km":0.0687}},{"type":"Feature","id":521,"geometry":{"type":"LineString","coordinates":[[-75.05528,5.39806],[-75.05389,5.3975]]},"properties":{"longitud_km":0.1657}},{"type":"Feature","id":522,"geometry":{"type":"LineString","coordinates":[[-75.05278,5.40083],[-75.05194,5.39917],[-75.05389,5.3975]]},"properties":{"longitud_km":0.4896}},{"type":"Feature","id":523,"geometry":{"type":"LineString","coordinates":[[-75.03431,5.3975],[-75.03361,5.3975]]},"properties":{"longitud_km":0.077}},{"type":"Feature","id":524,"geometry":{"type":"LineString","coordinates":[[-75.03361,5.39792],[-75.03361,5.3975]]},"properties":{"longitud_km":0.0461}},{"type":"Feature","id":525,"geometry":{"type":"LineString","coordinates":[[-75.075,5.39861],[-75.07278,5.39694],[-75.07139,5.39694]]},"properties":{"longitud_km":0.4615}},{"type":"Feature","id":526,"geometry":{"type":"LineString","coordinates":[[-75.07167,5.39847],[-75.07139,5.39694]]},"properties":{"longitud_km":0.1717}},{"type":"Feature","id":527,"geometry":{"type":"LineString","coordinates":[[-75.06,5.40347],[-75.06028,5.39972],[-75.06111,5.39889],[-75.06056,5.39722],[-75.06,5.39694]]},"properties":{"longitud_km":0.8093}},{"type":"Feature","id":528,"geometry":{"type":"LineString","coordinates":[[-75.06,5.39694],[-75.05694,5.39694]]},"properties":{"longitud_km":0.3386}},{"type":"Feature","id":529,"geometry":{"type":"LineString","coordinates":[[-75.05694,5.39694],[-75.05583,5.39806],[-75.05528,5.39806]]},"properties":{"longitud_km":0.2355}},{"type":"Feature","id":530,"geometry":{"type":"LineString","coordinates":[[-75.07681,5.39653],[-75.075,5.39861]]},"properties":{"longitud_km":0.3051}},{"type":"Feature","id":531,"geometry":{"type":"LineString","coordinates":[[-75.06625,5.39694],[-75.06556,5.39667]]},"properties":{"longitud_km":0.0828}},{"type":"Feature","id":532,"geometry":{"type":"LineString","coordinates":[[-75.06556,5.39667],[-75.06333,5.39667]]},"properties":{"longitud_km":0.2463}},{"type":"Feature","id":533,"geometry":{"type":"LineString","coordinates":[[-75.06542,5.39792],[-75.06472,5.39694],[-75.06361,5.39694],[-75.06333,5.39667]]},"properties":{"longitud_km":0.2988}},{"type":"Feature","id":534,"geometry":{"type":"LineString","coordinates":[[-75.06333,5.39667],[-75.06167,5.39667]]},"properties":{"longitud_km":0.1847}},{"type":"Feature","id":535,"geometry":{"type":"LineString","coordinates":[[-75.06306,5.40319],[-75.06306,5.40111],[-75.06361,5.40028],[-75.06361,5.39944],[-75.06278,5.3975],[-75.06167,5.39667]]},"properties":{"longitud_km":0.8211}},{"type":"Feature","id":536,"geometry":{"type":"LineString","coordinates":[[-75.06167,5.39667],[-75.06111,5.39667]]},"properties":{"longitud_km":0.0616}},{"type":"Feature","id":537,"geometry":{"type":"LineString","coordinates":[[-75.07139,5.39694],[-75.07083,5.39639]]},"properties":{"longitud_km":0.087}},{"type":"Feature","id":538,"geometry":{"type":"LineString","coordinates":[[-75.06375,5.41292],[-75.06417,5.4125],[-75.06389,5.41139],[-75.06528,5.41056],[-75.06667,5.40889],[-75.06667,5.40778],[-75.0675,5.40694],[-75.06722,5.40611],[-75.0675,5.40556],[-75.06694,5.405],[-75.06694,5.40417],[-75.06861,5.40167],[-75.06861,5.40083],[-75.06944,5.4],[-75.06972,5.39917],[-75.06944,5.39806],[-75.07083,5.39694],[-75.07083,5.39639]]},"properties":{"longitud_km":2.2468}},{"type":"Feature","id":539,"geometry":{"type":"LineString","coordinates":[[-75.06111,5.39667],[-75.06056,5.39639],[-75.06,5.39694]]},"properties":{"longitud_km":0.1558}},{"type":"Feature","id":540,"geometry":{"type":"LineString","coordinates":[[-75.04583,5.40083],[-75.04583,5.39972],[-75.04611,5.39944],[-75.04583,5.39639]]},"properties":{"longitud_km":0.5056}},{"type":"Feature","id":541,"geometry":{"type":"LineString","coordinates":[[-75.07083,5.39639],[-75.07056,5.39611],[-75.06778,5.39611]]},"properties":{"longitud_km":0.3513}},{"type":"Feature","id":542,"geometry":{"type":"LineString","coordinates":[[-75.06778,5.39611],[-75.06694,5.39667],[-75.06556,5.39667]]},"properties":{"longitud_km":0.2648}},{"type":"Feature","id":543,"geometry":{"type":"LineString","coordinates":[[-75.06819,5.39569],[-75.06778,5.39611]]},"properties":{"longitud_km":0.0652}},{"type":"Feature","id":544,"geometry":{"type":"LineString","coordinates":[[-75.06306,5.39583],[-75.06111,5.39667]]},"properties":{"longitud_km":0.2344}},{"type":"Feature","id":545,"geometry":{"type":"LineString","coordinates":[[-75.03361,5.3975],[-75.03361,5.39611],[-75.03333,5.39556]]},"properties":{"longitud_km":0.2223}},{"type":"Feature","id":546,"geometry":{"type":"LineString","coordinates":[[-75.02778,5.40111],[-75.03333,5.39556]]},"properties":{"longitud_km":0.8696}},{"type":"Feature","id":547,"geometry":{"type":"LineString","coordinates":[[-75.04361,5.39528],[-75.04528,5.39639],[-75.04583,5.39639]]},"properties":{"longitud_km":0.2834}},{"type":"Feature","id":548,"geometry":{"type":"LineString","coordinates":[[-75.04236,5.39597],[-75.04361,5.39528]]},"properties":{"longitud_km":0.1584}},{"type":"Feature","id":549,"geometry":{"type":"LineString","coordinates":[[-75.10278,5.39778],[-75.10167,5.39611],[-75.09972,5.395]]},"properties":{"longitud_km":0.4697}},{"type":"Feature","id":550,"geometry":{"type":"LineString","coordinates":[[-75.1,5.39597],[-75.09972,5.395]]},"properties":{"longitud_km":0.1118}},{"type":"Feature","id":551,"geometry":{"type":"LineString","coordinates":[[-75.06264,5.39486],[-75.06306,5.39528],[-75.06306,5.39583]]},"properties":{"longitud_km":0.1266}},{"type":"Feature","id":552,"geometry":{"type":"LineString","coordinates":[[-75.04208,5.39417],[-75.0425,5.39417],[-75.04361,5.39528]]},"properties":{"longitud_km":0.2201}},{"type":"Feature","id":553,"geometry":{"type":"LineString","coordinates":[[-75.01486,5.39667],[-75.01694,5.39556],[-75.01806,5.39417]]},"properties":{"longitud_km":0.4583}},{"type":"Feature","id":554,"geometry":{"type":"LineString","coordinates":[[-75.10153,5.39417],[-75.09944,5.39389]]},"properties":{"longitud_km":0.2329}},{"type":"Feature","id":555,"geometry":{"type":"LineString","coordinates":[[-75.09972,5.395],[-75.09944,5.39389]]},"properties":{"longitud_km":0.1267}},{"type":"Feature","id":556,"geometry":{"type":"LineString","coordinates":[[-75.00903,5.39375],[-75.01,5.39444],[-75.01,5.39472],[-75.0125,5.39472],[-75.01278,5.395],[-75.01417,5.39472],[-75.01444,5.39417],[-75.01528,5.39444],[-75.01806,5.39417]]},"properties":{"longitud_km":1.1158}},{"type":"Feature","id":557,"geometry":{"type":"LineString","coordinates":[[-75.07222,5.39361],[-75.07194,5.39556],[-75.07167,5.39611],[-75.07083,5.39639]]},"properties":{"longitud_km":0.3832}},{"type":"Feature","id":558,"geometry":{"type":"LineString","coordinates":[[-75.08708,5.39403],[-75.08639,5.39333],[-75.08528,5.39417],[-75.08333,5.39722],[-75.08306,5.39833],[-75.08083,5.40083]]},"properties":{"longitud_km":1.1601}},{"type":"Feature","id":559,"geometry":{"type":"LineString","coordinates":[[-75.01986,5.39528],[-75.02056,5.39528],[-75.02194,5.39389],[-75.02306,5.39333]]},"properties":{"longitud_km":0.432}},{"type":"Feature","id":560,"geometry":{"type":"LineString","coordinates":[[-75.02167,5.39278],[-75.02306,5.39333]]},"properties":{"longitud_km":0.1657}},{"type":"Feature","id":561,"geometry":{"type":"LineString","coordinates":[[-75.01806,5.39417],[-75.01861,5.39361],[-75.02,5.39361],[-75.02056,5.39278],[-75.02167,5.39278]]},"properties":{"longitud_km":0.4748}},{"type":"Feature","id":562,"geometry":{"type":"LineString","coordinates":[[-75.03333,5.39556],[-75.03333,5.395],[-75.03472,5.39389],[-75.03472,5.3925],[-75.03444,5.39222]]},"properties":{"longitud_km":0.4554}},{"type":"Feature","id":563,"geometry":{"type":"LineString","coordinates":[[-75.07069,5.39181],[-75.07167,5.39278],[-75.07222,5.39278],[-75.07222,5.39361]]},"properties":{"longitud_km":0.3059}},{"type":"Feature","id":564,"geometry":{"type":"LineString","coordinates":[[-75.06556,5.39181],[-75.06556,5.3925],[-75.06417,5.39417],[-75.06417,5.39583],[-75.06306,5.39583]]},"properties":{"longitud_km":0.6243}},{"type":"Feature","id":565,"geometry":{"type":"LineString","coordinates":[[-75.01861,5.39194],[-75.01944,5.3925],[-75.02139,5.3925],[-75.02167,5.39278]]},"properties":{"longitud_km":0.3699}},{"type":"Feature","id":566,"geometry":{"type":"LineString","coordinates":[[-75.03653,5.39153],[-75.03556,5.39222],[-75.03444,5.39222]]},"properties":{"longitud_km":0.2554}},{"type":"Feature","id":567,"geometry":{"type":"LineString","coordinates":[[-75.01583,5.39167],[-75.0175,5.39222],[-75.01778,5.39194],[-75.01861,5.39194]]},"properties":{"longitud_km":0.3305}},{"type":"Feature","id":568,"geometry":{"type":"LineString","coordinates":[[-75.01208,5.39236],[-75.0125,5.39194],[-75.01528,5.39222],[-75.01583,5.39167]]},"properties":{"longitud_km":0.4615}},{"type":"Feature","id":569,"geometry":{"type":"LineString","coordinates":[[-75.07333,5.39139],[-75.07222,5.39361]]},"properties":{"longitud_km":0.2748}},{"type":"Feature","id":570,"geometry":{"type":"LineString","coordinates":[[-75.05875,5.39111],[-75.05833,5.39111],[-75.05778,5.39167],[-75.0575,5.39333],[-75.05611,5.39444],[-75.05611,5.39528],[-75.0575,5.39639],[-75.05694,5.39694]]},"properties":{"longitud_km":0.8929}},{"type":"Feature","id":571,"geometry":{"type":"LineString","coordinates":[[-75.05389,5.3975],[-75.05306,5.39722],[-75.05139,5.39556],[-75.05028,5.39278],[-75.05028,5.39056]]},"properties":{"longitud_km":0.9348}},{"type":"Feature","id":572,"geometry":{"type":"LineString","coordinates":[[-75.04583,5.39639],[-75.04667,5.39556],[-75.04667,5.395],[-75.04778,5.39361],[-75.04972,5.39278],[-75.04972,5.39167],[-75.05028,5.39056]]},"properties":{"longitud_km":0.8833}},{"type":"Feature","id":573,"geometry":{"type":"LineString","coordinates":[[-75.02306,5.39333],[-75.02417,5.39333],[-75.02472,5.39278],[-75.02472,5.39194],[-75.02583,5.39111],[-75.02611,5.39056],[-75.02667,5.39056]]},"properties":{"longitud_km":0.5863}},{"type":"Feature","id":574,"geometry":{"type":"LineString","coordinates":[[-75.07958,5.39097],[-75.07889,5.39]]},"properties":{"longitud_km":0.1322}},{"type":"Feature","id":575,"geometry":{"type":"LineString","coordinates":[[-75.03014,5.39125],[-75.02972,5.39083],[-75.03,5.39]]},"properties":{"longitud_km":0.1624}},{"type":"Feature","id":576,"geometry":{"type":"LineString","coordinates":[[-75.02667,5.39056],[-75.02778,5.39083],[-75.02889,5.39],[-75.03,5.39]]},"properties":{"longitud_km":0.4038}},{"type":"Feature","id":577,"geometry":{"type":"LineString","coordinates":[[-75.01069,5.39056],[-75.01194,5.39111],[-75.01278,5.39028],[-75.01389,5.39],[-75.01583,5.39167]]},"properties":{"longitud_km":0.6924}},{"type":"Feature","id":578,"geometry":{"type":"LineString","coordinates":[[-75.08069,5.38958],[-75.08028,5.39],[-75.07889,5.39]]},"properties":{"longitud_km":0.2191}},{"type":"Feature","id":579,"geometry":{"type":"LineString","coordinates":[[-75.07889,5.39],[-75.07833,5.39056],[-75.07639,5.39056],[-75.07556,5.38972],[-75.07472,5.38972]]},"properties":{"longitud_km":0.5252}},{"type":"Feature","id":580,"geometry":{"type":"LineString","coordinates":[[-75.07472,5.38972],[-75.07389,5.39028],[-75.07389,5.39083],[-75.07333,5.39139]]},"properties":{"longitud_km":0.2593}},{"type":"Feature","id":581,"geometry":{"type":"LineString","coordinates":[[-75.05375,5.39056],[-75.05083,5.39056],[-75.05083,5.38972],[-75.05056,5.38944]]},"properties":{"longitud_km":0.4588}},{"type":"Feature","id":582,"geometry":{"type":"LineString","coordinates":[[-75.05028,5.39056],[-75.05056,5.38944]]},"properties":{"longitud_km":0.1267}},{"type":"Feature","id":583,"geometry":{"type":"LineString","coordinates":[[-75.07194,5.38917],[-75.0725,5.39],[-75.07333,5.39056],[-75.07333,5.39139]]},"properties":{"longitud_km":0.3139}},{"type":"Feature","id":584,"geometry":{"type":"LineString","coordinates":[[-75.07097,5.38875],[-75.07139,5.38917],[-75.07194,5.38917]]},"properties":{"longitud_km":0.1268}},{"type":"Feature","id":585,"geometry":{"type":"LineString","coordinates":[[-75.09847,5.38847],[-75.09806,5.38806],[-75.09722,5.38806]]},"properties":{"longitud_km":0.1576}},{"type":"Feature","id":586,"geometry":{"type":"LineString","coordinates":[[-75.09944,5.39389],[-75.09889,5.39333],[-75.09917,5.39278],[-75.09778,5.39111],[-75.09778,5.39],[-75.09722,5.38917],[-75.09722,5.38806]]},"properties":{"longitud_km":0.7523}},{"type":"Feature","id":587,"geometry":{"type":"LineString","coordinates":[[-75.07097,5.38792],[-75.07194,5.38917]]},"properties":{"longitud_km":0.1752}},{"type":"Feature","id":588,"geometry":{"type":"LineString","coordinates":[[-75.05056,5.38944],[-75.04944,5.38806],[-75.04889,5.38778]]},"properties":{"longitud_km":0.2656}},{"type":"Feature","id":589,"geometry":{"type":"LineString","coordinates":[[-75.03444,5.39222],[-75.03417,5.39194],[-75.03333,5.39194],[-75.0325,5.39111],[-75.03222,5.38889],[-75.03167,5.38778]]},"properties":{"longitud_km":0.6513}},{"type":"Feature","id":590,"geometry":{"type":"LineString","coordinates":[[-75.03,5.39],[-75.03083,5.38889],[-75.03139,5.38861],[-75.03167,5.38778]]},"properties":{"longitud_km":0.3196}},{"type":"Feature","id":591,"geometry":{"type":"LineString","coordinates":[[-75.015,5.38764],[-75.015,5.38833],[-75.01556,5.38889],[-75.01667,5.38972],[-75.0175,5.38972],[-75.01806,5.39028],[-75.01861,5.39194]]},"properties":{"longitud_km":0.6911}},{"type":"Feature","id":592,"geometry":{"type":"LineString","coordinates":[[-75.07583,5.38722],[-75.07611,5.38778],[-75.07556,5.38806],[-75.07472,5.38972]]},"properties":{"longitud_km":0.3436}},{"type":"Feature","id":593,"geometry":{"type":"LineString","coordinates":[[-75.07556,5.38694],[-75.07583,5.38722]]},"properties":{"longitud_km":0.0435}},{"type":"Feature","id":594,"geometry":{"type":"LineString","coordinates":[[-75.09722,5.38806],[-75.09639,5.3875],[-75.09528,5.3875],[-75.09472,5.38667],[-75.09361,5.38639]]},"properties":{"longitud_km":0.4718}},{"type":"Feature","id":595,"geometry":{"type":"LineString","coordinates":[[-75.09375,5.39264],[-75.09306,5.39194],[-75.09306,5.39139],[-75.09167,5.38917],[-75.08917,5.38639]]},"properties":{"longitud_km":0.8737}},{"type":"Feature","id":596,"geometry":{"type":"LineString","coordinates":[[-75.07639,5.38639],[-75.07583,5.38722]]},"properties":{"longitud_km":0.1108}},{"type":"Feature","id":597,"geometry":{"type":"LineString","coordinates":[[-75.04889,5.38778],[-75.0475,5.38639],[-75.04667,5.38639]]},"properties":{"longitud_km":0.3098}},{"type":"Feature","id":598,"geometry":{"type":"LineString","coordinates":[[-75.04597,5.38819],[-75.04667,5.38722],[-75.04667,5.38639]]},"properties":{"longitud_km":0.2243}},{"type":"Feature","id":599,"geometry":{"type":"LineString","coordinates":[[-75.03167,5.38778],[-75.03167,5.38639]]},"properties":{"longitud_km":0.1536}},{"type":"Feature","id":600,"geometry":{"type":"LineString","coordinates":[[-75.03069,5.38667],[-75.03167,5.38639]]},"properties":{"longitud_km":0.112}},{"type":"Feature","id":601,"geometry":{"type":"LineString","coordinates":[[-75.09403,5.38597],[-75.09361,5.38639]]},"properties":{"longitud_km":0.0652}},{"type":"Feature","id":602,"geometry":{"type":"LineString","coordinates":[[-75.09361,5.38639],[-75.09278,5.38639],[-75.0925,5.38667],[-75.09167,5.38667],[-75.09139,5.38611],[-75.09111,5.38639],[-75.08917,5.38639]]},"properties":{"longitud_km":0.5558}},{"type":"Feature","id":603,"geometry":{"type":"LineString","coordinates":[[-75.04667,5.38639],[-75.04611,5.38611]]},"properties":{"longitud_km":0.0688}},{"type":"Feature","id":604,"geometry":{"type":"LineString","coordinates":[[-75.08292,5.38653],[-75.08194,5.38583]]},"properties":{"longitud_km":0.1323}},{"type":"Feature","id":605,"geometry":{"type":"LineString","coordinates":[[-75.08347,5.38917],[-75.08306,5.38917],[-75.08194,5.38778],[-75.08222,5.3875],[-75.08194,5.38583]]},"properties":{"longitud_km":0.4733}},{"type":"Feature","id":606,"geometry":{"type":"LineString","coordinates":[[-75.07292,5.38556],[-75.07361,5.38556],[-75.07472,5.38667],[-75.07556,5.38694]]},"properties":{"longitud_km":0.3482}},{"type":"Feature","id":607,"geometry":{"type":"LineString","coordinates":[[-75.02014,5.38542],[-75.02111,5.38639],[-75.02278,5.38639],[-75.025,5.38722],[-75.025,5.38778],[-75.02583,5.38861],[-75.02583,5.38972],[-75.02667,5.39056]]},"properties":{"longitud_km":1.045}},{"type":"Feature","id":608,"geometry":{"type":"LineString","coordinates":[[-75.08194,5.38583],[-75.08139,5.385]]},"properties":{"longitud_km":0.1108}},{"type":"Feature","id":609,"geometry":{"type":"LineString","coordinates":[[-75.04611,5.38611],[-75.04556,5.38583],[-75.04528,5.38611],[-75.04444,5.38611],[-75.04361,5.38528],[-75.04278,5.385]]},"properties":{"longitud_km":0.4324}},{"type":"Feature","id":610,"geometry":{"type":"LineString","coordinates":[[-75.04181,5.38597],[-75.04278,5.38528],[-75.04278,5.385]]},"properties":{"longitud_km":0.163}},{"type":"Feature","id":611,"geometry":{"type":"LineString","coordinates":[[-75.07389,5.38458],[-75.07389,5.38528],[-75.07556,5.38694]]},"properties":{"longitud_km":0.3377}},{"type":"Feature","id":612,"geometry":{"type":"LineString","coordinates":[[-75.0525,5.38472],[-75.05,5.38778],[-75.04889,5.38778]]},"properties":{"longitud_km":0.56}},{"type":"Feature","id":613,"geometry":{"type":"LineString","coordinates":[[-75.08819,5.38444],[-75.08722,5.38417]]},"properties":{"longitud_km":0.112}},{"type":"Feature","id":614,"geometry":{"type":"LineString","coordinates":[[-75.08917,5.38639],[-75.08806,5.38583],[-75.08722,5.38417]]},"properties":{"longitud_km":0.3437}},{"type":"Feature","id":615,"geometry":{"type":"LineString","coordinates":[[-75.08139,5.385],[-75.08,5.38417]]},"properties":{"longitud_km":0.1794}},{"type":"Feature","id":616,"geometry":{"type":"LineString","coordinates":[[-75.08,5.38417],[-75.07944,5.38472],[-75.07833,5.38472],[-75.07778,5.38556],[-75.07639,5.38639]]},"properties":{"longitud_km":0.5003}},{"type":"Feature","id":617,"geometry":{"type":"LineString","coordinates":[[-75.07667,5.38403],[-75.07639,5.38639]]},"properties":{"longitud_km":0.2629}},{"type":"Feature","id":618,"geometry":{"type":"LineString","coordinates":[[-75.04278,5.385],[-75.04222,5.38444],[-75.04139,5.38444],[-75.04111,5.38417]]},"properties":{"longitud_km":0.2228}},{"type":"Feature","id":619,"geometry":{"type":"LineString","coordinates":[[-75.08722,5.38417],[-75.08694,5.38389],[-75.08611,5.38389],[-75.08361,5.38583],[-75.0825,5.38583],[-75.08139,5.385]]},"properties":{"longitud_km":0.7634}},{"type":"Feature","id":620,"geometry":{"type":"LineString","coordinates":[[-75.06125,5.38639],[-75.05972,5.38639],[-75.05778,5.38417],[-75.05667,5.38417],[-75.05556,5.38361],[-75.05417,5.38361]]},"properties":{"longitud_km":0.9107}},{"type":"Feature","id":621,"geometry":{"type":"LineString","coordinates":[[-75.05417,5.38361],[-75.0525,5.38472]]},"properties":{"longitud_km":0.2218}},{"type":"Feature","id":622,"geometry":{"type":"LineString","coordinates":[[-75.08056,5.38306],[-75.08,5.38417]]},"properties":{"longitud_km":0.1374}},{"type":"Feature","id":623,"geometry":{"type":"LineString","coordinates":[[-75.0475,5.38306],[-75.0475,5.38472],[-75.04694,5.38556],[-75.04611,5.38611]]},"properties":{"longitud_km":0.406}},{"type":"Feature","id":624,"geometry":{"type":"LineString","coordinates":[[-75.0475,5.38264],[-75.0475,5.38306]]},"properties":{"longitud_km":0.0461}},{"type":"Feature","id":625,"geometry":{"type":"LineString","coordinates":[[-75.04111,5.38417],[-75.04056,5.38361],[-75.04,5.38361],[-75.03917,5.3825]]},"properties":{"longitud_km":0.3022}},{"type":"Feature","id":626,"geometry":{"type":"LineString","coordinates":[[-75.03597,5.38653],[-75.03667,5.38583],[-75.03694,5.38417],[-75.03778,5.38389],[-75.03917,5.38278],[-75.03917,5.3825]]},"properties":{"longitud_km":0.6205}},{"type":"Feature","id":627,"geometry":{"type":"LineString","coordinates":[[-75.08056,5.38208],[-75.08056,5.38306]]},"properties":{"longitud_km":0.1075}},{"type":"Feature","id":628,"geometry":{"type":"LineString","coordinates":[[-75.08236,5.38181],[-75.08167,5.38278],[-75.08139,5.3825],[-75.08056,5.38306]]},"properties":{"longitud_km":0.2866}},{"type":"Feature","id":629,"geometry":{"type":"LineString","coordinates":[[-75.04722,5.38194],[-75.04722,5.38278],[-75.0475,5.38306]]},"properties":{"longitud_km":0.1356}},{"type":"Feature","id":630,"geometry":{"type":"LineString","coordinates":[[-75.0575,5.38111],[-75.05639,5.38222],[-75.055,5.38278],[-75.05417,5.38361]]},"properties":{"longitud_km":0.4701}},{"type":"Feature","id":631,"geometry":{"type":"LineString","coordinates":[[-75.06181,5.38236],[-75.06056,5.38083]]},"properties":{"longitud_km":0.2185}},{"type":"Feature","id":632,"geometry":{"type":"LineString","coordinates":[[-75.06056,5.38083],[-75.06,5.38083]]},"properties":{"longitud_km":0.0616}},{"type":"Feature","id":633,"geometry":{"type":"LineString","coordinates":[[-75.06,5.38083],[-75.05944,5.38111],[-75.0575,5.38111]]},"properties":{"longitud_km":0.2843}},{"type":"Feature","id":634,"geometry":{"type":"LineString","coordinates":[[-75.05708,5.38069],[-75.0575,5.38111]]},"properties":{"longitud_km":0.0652}},{"type":"Feature","id":635,"geometry":{"type":"LineString","coordinates":[[-75.05306,5.38042],[-75.05222,5.3825],[-75.0525,5.38472]]},"properties":{"longitud_km":0.4958}},{"type":"Feature","id":636,"geometry":{"type":"LineString","coordinates":[[-75.06333,5.38097],[-75.06306,5.38028],[-75.0625,5.38028]]},"properties":{"longitud_km":0.1443}},{"type":"Feature","id":637,"geometry":{"type":"LineString","coordinates":[[-75.0625,5.38028],[-75.06194,5.38083],[-75.06056,5.38083]]},"properties":{"longitud_km":0.2409}},{"type":"Feature","id":638,"geometry":{"type":"LineString","coordinates":[[-75.03792,5.38028],[-75.0375,5.38028]]},"properties":{"longitud_km":0.0462}},{"type":"Feature","id":639,"geometry":{"type":"LineString","coordinates":[[-75.03917,5.3825],[-75.03833,5.38083],[-75.0375,5.38028]]},"properties":{"longitud_km":0.317}},{"type":"Feature","id":640,"geometry":{"type":"LineString","coordinates":[[-75.05958,5.37986],[-75.06,5.38028],[-75.06,5.38083]]},"properties":{"longitud_km":0.1267}},{"type":"Feature","id":641,"geometry":{"type":"LineString","coordinates":[[-75.04278,5.37931],[-75.0425,5.38167],[-75.04222,5.38194],[-75.04222,5.38361],[-75.04194,5.38417],[-75.04111,5.38417]]},"properties":{"longitud_km":0.6517}},{"type":"Feature","id":642,"geometry":{"type":"LineString","coordinates":[[-75.06847,5.38014],[-75.06639,5.37889]]},"properties":{"longitud_km":0.2691}},{"type":"Feature","id":643,"geometry":{"type":"LineString","coordinates":[[-75.06986,5.37847],[-75.06944,5.37889],[-75.06889,5.37861],[-75.06639,5.37889]]},"properties":{"longitud_km":0.4128}},{"type":"Feature","id":644,"geometry":{"type":"LineString","coordinates":[[-75.06639,5.37889],[-75.06556,5.37861],[-75.065,5.37917],[-75.06389,5.37917],[-75.06333,5.38],[-75.0625,5.38028]]},"properties":{"longitud_km":0.5155}},{"type":"Feature","id":645,"geometry":{"type":"LineString","coordinates":[[-75.04958,5.37792],[-75.04861,5.37917],[-75.04833,5.38083],[-75.04722,5.38194]]},"properties":{"longitud_km":0.536}},{"type":"Feature","id":646,"geometry":{"type":"LineString","coordinates":[[-75.03167,5.38639],[-75.03222,5.38556],[-75.03222,5.38472],[-75.03278,5.38361],[-75.03278,5.38222],[-75.03389,5.38139],[-75.03333,5.38028],[-75.03333,5.37861],[-75.03389,5.37806]]},"properties":{"longitud_km":1.0564}},{"type":"Feature","id":647,"geometry":{"type":"LineString","coordinates":[[-75.03361,5.37806],[-75.03389,5.37806]]},"properties":{"longitud_km":0.0308}},{"type":"Feature","id":648,"geometry":{"type":"LineString","coordinates":[[-75.02222,5.38042],[-75.0225,5.38111],[-75.02222,5.38139],[-75.0225,5.38167],[-75.02389,5.38194],[-75.02528,5.38306],[-75.02667,5.38333],[-75.02861,5.38194],[-75.02944,5.38194],[-75.03111,5.38028],[-75.0325,5.38028],[-75.03306,5.37944],[-75.03306,5.37833],[-75.03361,5.37806]]},"properties":{"longitud_km":1.7547}},{"type":"Feature","id":649,"geometry":{"type":"LineString","coordinates":[[-75.04667,5.37708],[-75.04667,5.37833],[-75.04722,5.37944],[-75.04722,5.38194]]},"properties":{"longitud_km":0.552}},{"type":"Feature","id":650,"geometry":{"type":"LineString","coordinates":[[-75.0375,5.38028],[-75.03667,5.37944],[-75.03583,5.37778],[-75.03556,5.37639],[-75.035,5.37583]]},"properties":{"longitud_km":0.5802}},{"type":"Feature","id":651,"geometry":{"type":"LineString","coordinates":[[-75.03389,5.37806],[-75.03472,5.3775],[-75.035,5.37583]]},"properties":{"longitud_km":0.2977}},{"type":"Feature","id":652,"geometry":{"type":"LineString","coordinates":[[-75.035,5.37583],[-75.03556,5.37528],[-75.03528,5.375],[-75.03639,5.37361]]},"properties":{"longitud_km":0.3273}},{"type":"Feature","id":653,"geometry":{"type":"LineString","coordinates":[[-75.02528,5.37347],[-75.02556,5.37583],[-75.02583,5.37611],[-75.02889,5.37694],[-75.03167,5.37694],[-75.03361,5.37806]]},"properties":{"longitud_km":1.2131}},{"type":"Feature","id":654,"geometry":{"type":"LineString","coordinates":[[-75.03361,5.37222],[-75.03528,5.37333],[-75.03639,5.37361]]},"properties":{"longitud_km":0.3487}},{"type":"Feature","id":655,"geometry":{"type":"LineString","coordinates":[[-75.03278,5.37194],[-75.03361,5.37222]]},"properties":{"longitud_km":0.0973}},{"type":"Feature","id":656,"geometry":{"type":"LineString","coordinates":[[-75.03042,5.37222],[-75.03278,5.37194]]},"properties":{"longitud_km":0.2634}},{"type":"Feature","id":657,"geometry":{"type":"LineString","coordinates":[[-75.03181,5.37139],[-75.03222,5.37139],[-75.03278,5.37194]]},"properties":{"longitud_km":0.1331}},{"type":"Feature","id":658,"geometry":{"type":"LineString","coordinates":[[-75.03639,5.37361],[-75.03722,5.3725],[-75.03722,5.37194],[-75.03806,5.37139],[-75.03806,5.37111]]},"properties":{"longitud_km":0.3567}},{"type":"Feature","id":659,"geometry":{"type":"LineString","coordinates":[[-75.03764,5.37111],[-75.03806,5.37111]]},"properties":{"longitud_km":0.0462}},{"type":"Feature","id":660,"geometry":{"type":"LineString","coordinates":[[-75.03806,5.37111],[-75.03889,5.36917]]},"properties":{"longitud_km":0.234}},{"type":"Feature","id":661,"geometry":{"type":"LineString","coordinates":[[-75.03694,5.36861],[-75.0375,5.36861],[-75.03806,5.36917],[-75.03889,5.36917]]},"properties":{"longitud_km":0.2409}},{"type":"Feature","id":662,"geometry":{"type":"LineString","coordinates":[[-75.03458,5.36861],[-75.03694,5.36861]]},"properties":{"longitud_km":0.2616}},{"type":"Feature","id":663,"geometry":{"type":"LineString","coordinates":[[-75.03625,5.36792],[-75.03694,5.36861]]},"properties":{"longitud_km":0.1087}},{"type":"Feature","id":664,"geometry":{"type":"LineString","coordinates":[[-75.04167,5.37125],[-75.04167,5.36972],[-75.04056,5.36833],[-75.04056,5.36778]]},"properties":{"longitud_km":0.4272}},{"type":"Feature","id":665,"geometry":{"type":"LineString","coordinates":[[-75.03889,5.36917],[-75.03944,5.36917],[-75.04056,5.36778]]},"properties":{"longitud_km":0.2584}},{"type":"Feature","id":666,"geometry":{"type":"LineString","coordinates":[[-75.04111,5.36764],[-75.04111,5.36722]]},"properties":{"longitud_km":0.0461}},{"type":"Feature","id":667,"geometry":{"type":"LineString","coordinates":[[-75.04056,5.36778],[-75.04111,5.36722]]},"properties":{"longitud_km":0.087}},{"type":"Feature","id":668,"geometry":{"type":"LineString","coordinates":[[-75.02861,5.36611],[-75.02944,5.36639],[-75.03222,5.36917],[-75.0325,5.36972],[-75.0325,5.37111],[-75.03361,5.37222]]},"properties":{"longitud_km":0.9283}},{"type":"Feature","id":669,"geometry":{"type":"LineString","coordinates":[[-75.02569,5.36903],[-75.02611,5.36861],[-75.02611,5.36806],[-75.02806,5.36611],[-75.02861,5.36611]]},"properties":{"longitud_km":0.4926}},{"type":"Feature","id":670,"geometry":{"type":"LineString","coordinates":[[-75.04458,5.36819],[-75.0425,5.36639],[-75.0425,5.36583]]},"properties":{"longitud_km":0.3666}},{"type":"Feature","id":671,"geometry":{"type":"LineString","coordinates":[[-75.04111,5.36722],[-75.0425,5.36583]]},"properties":{"longitud_km":0.2174}},{"type":"Feature","id":672,"geometry":{"type":"LineString","coordinates":[[-75.0425,5.36583],[-75.04278,5.36528]]},"properties":{"longitud_km":0.0687}},{"type":"Feature","id":673,"geometry":{"type":"LineString","coordinates":[[-75.03819,5.36528],[-75.03972,5.36556],[-75.04083,5.36667],[-75.04278,5.36528]]},"properties":{"longitud_km":0.6106}},{"type":"Feature","id":674,"geometry":{"type":"LineString","coordinates":[[-75.02597,5.36472],[-75.02778,5.36472],[-75.02861,5.36611]]},"properties":{"longitud_km":0.3793}},{"type":"Feature","id":675,"geometry":{"type":"LineString","coordinates":[[-75.04278,5.36528],[-75.04389,5.36417],[-75.04389,5.36333],[-75.04417,5.36306],[-75.04389,5.36222],[-75.04417,5.36139],[-75.04361,5.36083],[-75.04361,5.35931]]},"properties":{"longitud_km":0.7597}}]}