{"type":"FeatureCollection","features":[{"type":"Feature","id":0,"geometry":{"type":"Polygon","coordinates":[[[-75.11856,5.47224],[-75.11861,5.47222],[-75.11853,5.47275],[-75.11856,5.47224]]]},"properties":{"cobertura":"Rios","bioma":"Orobioma andino cordillera central","clima":"Muy Himedo","suelo":"Asociacion AZUFRADO - Libano","ecosistema":"Rios","area_ha":0.0219}},{"type":"Feature","id":1,"geometry":{"type":"MultiPolygon","coordinates":[[[[-75.10961,5.48745],[-75.11023,5.48697],[-75.11028,5.48621],[-75.11032,5.48729],[-75.10957,5.48827],[-75.10961,5.48745]]],[[[-75.10761,5.48999],[-75.10848,5.49005],[-75.10737,5.49267],[-75.10732,5.49071],[-75.10761,5.48999]]],[[[-75.09727,5.50054],[-75.09855,5.49891],[-75.10027,5.49852],[-75.10089,5.49732],[-75.10242,5.49675],[-75.10256,5.4957],[-75.10347,5.49603],[-75.10399,5.4955],[-75.10545,5.49568],[-75.1041,5.49713],[-75.10418,5.49917],[-75.10194,5.49944],[-75.09816,5.50201],[-75.09736,5.50135],[-75.09727,5.50054]]],[[[-75.07915,5.50479],[-75.07695,5.50225],[-75.07667,5.50111],[-75.07441,5.49964],[-75.07448,5.49781],[-75.07312,5.49613],[-75.07501,5.49278],[-75.07389,5.48633],[-75.07472,5.48356],[-75.07373,5.48069],[-75.07032,5.47904],[-75.06969,5.4777],[-75.06598,5.47411],[-75.06415,5.47418],[-75.0636,5.47359],[-75.05888,5.47251],[-75.05688,5.47162],[-75.05459,5.47193],[-75.05276,5.47082],[-75.05362,5.46862],[-75.05359,5.46255],[-75.05459,5.45935],[-75.05506,5.45925],[-75.05644,5.45721],[-75.05733,5.45724],[-75.05907,5.45503],[-75.05777,5.45334],[-75.05751,5.44998],[-75.05637,5.44892],[-75.05571,5.44404],[-75.05461,5.44375],[-75.05514,5.44524],[-75.0548,5.44619],[-75.05378,5.44417],[-75.05088,5.44162],[-75.05039,5.43968],[-75.04971,5.4391],[-75.04914,5.43661],[-75.04806,5.43561],[-75.04791,5.43498],[-75.04918,5.43486],[-75.05052,5.43332],[-75.05134,5.43346],[-75.05126,5.43712],[-75.0518,5.437],[-75.05239,5.43557],[-75.05258,5.43829],[-75.05483,5.43843],[-75.05373,5.43968],[-75.05297,5.43977],[-75.0534,5.44073],[-75.05464,5.44011],[-75.05779,5.44102],[-75.05736,5.43958],[-75.05645,5.43877],[-75.05774,5.43671],[-75.05821,5.43695],[-75.05817,5.43862],[-75.05951,5.43905],[-75.05979,5.43967],[-75.06108,5.43977],[-75.06233,5.44168],[-75.06273,5.44189],[-75.0627,5.44117],[-75.06321,5.44061],[-75.06216,5.43949],[-75.0622,5.43852],[-75.06266,5.43876],[-75.06246,5.43737],[-75.06342,5.43742],[-75.06433,5.43905],[-75.06648,5.44129],[-75.06744,5.44282],[-75.0663,5.44435],[-75.06673,5.44636],[-75.06764,5.44693],[-75.06969,5.44693],[-75.07088,5.44765],[-75.07074,5.45009],[-75.07013,5.45157],[-75.06812,5.45258],[-75.06817,5.45349],[-75.06946,5.45382],[-75.07208,5.45185],[-75.07337,5.45185],[-75.07419,5.45243],[-75.07362,5.45405],[-75.0708,5.45487],[-75.07023,5.45588],[-75.0687,5.4566],[-75.06875,5.4576],[-75.06985,5.45817],[-75.06947,5.46076],[-75.07033,5.46205],[-75.07029,5.46272],[-75.07134,5.4631],[-75.07181,5.4597],[-75.07234,5.45984],[-75.0721,5.46219],[-75.07272,5.46224],[-75.07291,5.46085],[-75.07358,5.45999],[-75.07362,5.45822],[-75.07458,5.45793],[-75.07654,5.46012],[-75.07631,5.46395],[-75.07702,5.4639],[-75.07721,5.46175],[-75.0784,5.46194],[-75.07945,5.46275],[-75.07941,5.46371],[-75.07822,5.46491],[-75.07516,5.46534],[-75.07497,5.46653],[-75.07602,5.46682],[-75.0785,5.46572],[-75.07937,5.46668],[-75.08032,5.46591],[-75.08104,5.46658],[-75.08113,5.46753],[-75.0819,5.46782],[-75.08304,5.46418],[-75.08275,5.46346],[-75.08146,5.46366],[-75.08146,5.46323],[-75.08318,5.46136],[-75.08408,5.46131],[-75.08446,5.45963],[-75.08532,5.45906],[-75.08625,5.45917],[-75.08596,5.46076],[-75.08776,5.46382],[-75.08813,5.46684],[-75.08736,5.46775],[-75.08748,5.47067],[-75.0887,5.47167],[-75.08829,5.47257],[-75.08882,5.47404],[-75.08846,5.47438],[-75.08852,5.47484],[-75.08893,5.47435],[-75.08954,5.47481],[-75.09011,5.47581],[-75.08997,5.4773],[-75.09155,5.4782],[-75.09112,5.47959],[-75.09141,5.48021],[-75.09117,5.48203],[-75.09165,5.48346],[-75.09156,5.48619],[-75.09242,5.48753],[-75.0993,5.48824],[-75.09934,5.48728],[-75.09844,5.48675],[-75.09786,5.48556],[-75.09619,5.48441],[-75.0948,5.48427],[-75.09447,5.48499],[-75.09313,5.48485],[-75.09337,5.48341],[-75.09203,5.48208],[-75.09203,5.48155],[-75.09332,5.48141],[-75.09384,5.48049],[-75.09494,5.47997],[-75.09441,5.47963],[-75.09465,5.47777],[-75.09584,5.47666],[-75.09498,5.47298],[-75.09564,5.47284],[-75.09579,5.47221],[-75.09727,5.47193],[-75.09894,5.47355],[-75.09961,5.47503],[-75.09737,5.47714],[-75.09733,5.48116],[-75.09857,5.48159],[-75.09862,5.48202],[-75.09743,5.48207],[-75.09695,5.48149],[-75.09604,5.4814],[-75.09609,5.48255],[-75.09748,5.48446],[-75.09929,5.48489],[-75.09981,5.48249],[-75.10082,5.4824],[-75.10139,5.4846],[-75.10096,5.48575],[-75.10011,5.48603],[-75.10039,5.48713],[-75.10192,5.48771],[-75.10245,5.48847],[-75.10407,5.48828],[-75.10446,5.48918],[-75.10431,5.49009],[-75.10346,5.49086],[-75.10317,5.49244],[-75.10351,5.49316],[-75.10284,5.49321],[-75.10198,5.49249],[-75.10136,5.49316],[-75.1006,5.49321],[-75.10021,5.49393],[-75.09969,5.49393],[-75.09888,5.49307],[-75.09792,5.49341],[-75.09634,5.49149],[-75.09577,5.49226],[-75.09582,5.4936],[-75.0953,5.49403],[-75.09453,5.49384],[-75.09458,5.49265],[-75.09362,5.49198],[-75.09305,5.49327],[-75.091,5.49399],[-75.08885,5.49347],[-75.089,5.49548],[-75.09172,5.49672],[-75.09187,5.49739],[-75.09134,5.49772],[-75.09158,5.49959],[-75.0934,5.50064],[-75.09354,5.50169],[-75.09308,5.50248],[-75.09088,5.50317],[-75.09056,5.50417],[-75.08474,5.50711],[-75.07915,5.50479]]]]},"properties":{"cobertura":"Bosque denso alto de tierra firme","bioma":"Orobioma andino cordillera central","clima":"Pluvial","suelo":"Asociacion SANTA ISABEL - Pensilvania","ecosistema":"Bosque Pluvial del Orobioma andino cordillera central","area_ha":1723.014}},{"type":"Feature","id":2,"geometry":{"type":"Polygon","coordinates":[[[-75.10166,5.45463],[-75.10065,5.45332],[-75.10059,5.45237],[-75.1007,5.45147],[-75.10195,5.44991],[-75.10135,5.44577],[-75.10273,5.4459],[-75.10332,5.4453],[-75.10404,5.4453],[-75.10559,5.44733],[-75.10661,5.44793],[-75.1087,5.44823],[-75.10995,5.44924],[-75.11007,5.44972],[-75.1084,5.44966],[-75.10614,5.45158],[-75.10322,5.45254],[-75.10214,5.4535],[-75.10229,5.45464],[-75.10166,5.45463]]]},"properties":{"cobertura":"Bosque denso alto de tierra firme","bioma":"Orobioma andino cordillera central","clima":"Pluvial","suelo":"Asociacion SANTA ISABEL - Pensilvania","ecosistema":"Bosque Pluvial del Orobioma andino cordillera central","area_ha":48.2149}},{"type":"Feature","id":3,"geometry":{"type":"Polygon","coordinates":[[[-75.11007,5.44972],[-75.10917,5.44846],[-75.10559,5.44733],[-75.10451,5.44566],[-75.10667,5.4456],[-75.10792,5.44643],[-75.10987,5.44618],[-75.11005,5.44691],[-75.11167,5.44822],[-75.11167,5.44972],[-75.11007,5.44972]]]},"properties":{"cobertura":"Vegetacion secundaria o en transicion","bioma":"Orobioma andino cordillera central","clima":"Pluvial","suelo":"Asociacion SANTA ISABEL - Pensilvania","ecosistema":"Bosque secundario Pluvial del Orobioma andino cordillera central","area_ha":17.3407}},{"type":"Feature","id":4,"geometry":{"type":"Polygon","coordinates":[[[-75.10297,5.47832],[-75.10013,5.47526],[-75.10012,5.47458],[-75.1007,5.4731],[-75.10207,5.47273],[-75.10233,5.47347],[-75.10286,5.47362],[-75.1038,5.47289],[-75.10412,5.47104],[-75.10369,5.46978],[-75.10422,5.46883],[-75.10653,5.4694],[-75.10696,5.47019],[-75.10801,5.4703],[-75.1088,5.47235],[-75.10948,5.47224],[-75.11101,5.47045],[-75.11174,5.46887],[-75.112,5.46692],[-75.11527,5.46902],[-75.11721,5.46933],[-75.11805,5.47001],[-75.11764,5.47107],[-75.11469,5.47376],[-75.11475,5.47445],[-75.11633,5.47444],[-75.11722,5.47555],[-75.11612,5.47645],[-75.11607,5.47761],[-75.11665,5.47792],[-75.11628,5.47881],[-75.11372,5.48316],[-75.11061,5.4848],[-75.11027,5.48602],[-75.1093,5.48532],[-75.10914,5.4841],[-75.10724,5.48147],[-75.10397,5.48032],[-75.10261,5.48101],[-75.1024,5.48016],[-75.10297,5.47832]]]},"properties":{"cobertura":"Bosque denso alto de tierra firme","bioma":"Orobioma andino cordillera central","clima":"Pluvial","suelo":"Asociacion SANTA ISABEL - Pensilvania","ecosistema":"Bosque Pluvial del Orobioma andino cordillera central","area_ha":221.9442}},{"type":"Feature","id":5,"geometry":{"type":"Polygon","coordinates":[[[-75.10487,5.4955],[-75.10451,5.49426],[-75.10498,5.49331],[-75.10474,5.49181],[-75.1035,5.49074],[-75.10446,5.48981],[-75.10407,5.48828],[-75.10231,5.48842],[-75.10192,5.48771],[-75.10097,5.48761],[-75.10035,5.48704],[-75.10011,5.48603],[-75.10096,5.48575],[-75.10139,5.4846],[-75.10082,5.4824],[-75.09981,5.48249],[-75.09929,5.48489],[-75.09748,5.48446],[-75.09609,5.48255],[-75.09604,5.4814],[-75.09695,5.48149],[-75.09743,5.48207],[-75.09862,5.48202],[-75.09857,5.48159],[-75.09733,5.48116],[-75.09718,5.4791],[-75.09756,5.47857],[-75.09739,5.47783],[-75.09803,5.47783],[-75.09833,5.47855],[-75.09959,5.4789],[-75.1003,5.47675],[-75.09874,5.47597],[-75.09899,5.47565],[-75.10071,5.47553],[-75.10107,5.47647],[-75.10287,5.47811],[-75.10297,5.47895],[-75.1024,5.48016],[-75.10266,5.48106],[-75.10397,5.48032],[-75.10724,5.48147],[-75.10914,5.4841],[-75.1093,5.48532],[-75.11027,5.48602],[-75.11023,5.48697],[-75.10947,5.48755],[-75.10957,5.48827],[-75.10848,5.49005],[-75.10747,5.49014],[-75.10737,5.49267],[-75.10666,5.49333],[-75.10672,5.49471],[-75.10545,5.49568],[-75.10487,5.4955]]]},"properties":{"cobertura":"Arbustal denso","bioma":"Orobioma andino cordillera central","clima":"Pluvial","suelo":"Asociacion SANTA ISABEL - Pensilvania","ecosistema":"Arbustal Pluvial del Orobioma andino cordillera central","area_ha":136.061}},{"type":"Feature","id":6,"geometry":{"type":"Polygon","coordinates":[[[-75.09109,5.49643],[-75.089,5.49548],[-75.08876,5.49357],[-75.091,5.49399],[-75.09305,5.49327],[-75.09343,5.49198],[-75.09458,5.49265],[-75.09468,5.49399],[-75.09532,5.49399],[-75.09591,5.49488],[-75.09675,5.49511],[-75.09609,5.49643],[-75.09109,5.49643]]]},"properties":{"cobertura":"Arbustal denso","bioma":"Orobioma andino cordillera central","clima":"Pluvial","suelo":"Asociacion SANTA ISABEL - Pensilvania","ecosistema":"Arbustal Pluvial del Orobioma andino cordillera central","area_ha":25.0414}},{"type":"Feature","id":7,"geometry":{"type":"Polygon","coordinates":[[[-75.09308,5.50248],[-75.09354,5.50088],[-75.09158,5.49959],[-75.09134,5.49772],[-75.09186,5.49716],[-75.09293,5.49763],[-75.09532,5.49775],[-75.0958,5.4987],[-75.09705,5.49888],[-75.09777,5.50002],[-75.09727,5.50049],[-75.09727,5.50116],[-75.09816,5.50201],[-75.09659,5.50254],[-75.09308,5.50248]]]},"properties":{"cobertura":"Arbustal denso","bioma":"Orobioma andino cordillera central","clima":"Pluvial","suelo":"Asociacion SANTA ISABEL - Pensilvania","ecosistema":"Arbustal Pluvial del Orobioma andino cordillera central","area_ha":26.7515}},{"type":"Feature","id":8,"geometry":{"type":"Polygon","coordinates":[[[-75.09186,5.49716],[-75.09126,5.49626],[-75.09424,5.49661],[-75.09615,5.49637],[-75.09675,5.49511],[-75.09591,5.49488],[-75.09532,5.49399],[-75.09582,5.4936],[-75.09577,5.49226],[-75.09634,5.49149],[-75.09792,5.49341],[-75.09888,5.49307],[-75.09969,5.49393],[-75.10021,5.49393],[-75.1006,5.49321],[-75.10136,5.49316],[-75.10198,5.49249],[-75.10346,5.49321],[-75.10317,5.49211],[-75.1035,5.49074],[-75.10474,5.49181],[-75.10498,5.49331],[-75.10451,5.49426],[-75.10487,5.4955],[-75.10399,5.4955],[-75.10347,5.49603],[-75.10256,5.4957],[-75.10242,5.49675],[-75.10089,5.49732],[-75.10027,5.49852],[-75.09855,5.49891],[-75.09777,5.50002],[-75.09705,5.49888],[-75.0958,5.4987],[-75.09532,5.49775],[-75.09293,5.49763],[-75.09186,5.49716]]]},"properties":{"cobertura":"Bosque fragmentado con pastos y cultivos","bioma":"Orobioma andino cordillera central","clima":"Pluvial","suelo":"Asociacion SANTA ISABEL - Pensilvania","ecosistema":"Bosque Pluvial del Orobioma andino cordillera central","area_ha":60.6122}},{"type":"Feature","id":9,"geometry":{"type":"Polygon","coordinates":[[[-75.11665,5.47792],[-75.11607,5.47761],[-75.11612,5.47645],[-75.11722,5.47587],[-75.11717,5.47539],[-75.11633,5.47444],[-75.11475,5.47445],[-75.11469,5.47376],[-75.11806,5.47033],[-75.118,5.46986],[-75.11679,5.46896],[-75.11832,5.46875],[-75.1181,5.46748],[-75.11842,5.46675],[-75.11742,5.46527],[-75.11505,5.46375],[-75.11583,5.46264],[-75.11541,5.46106],[-75.11625,5.46053],[-75.11704,5.45879],[-75.11777,5.45863],[-75.1193,5.46042],[-75.11778,5.46074],[-75.11767,5.46163],[-75.11993,5.46174],[-75.11973,5.46473],[-75.11889,5.46783],[-75.11965,5.46948],[-75.11856,5.47224],[-75.11811,5.4763],[-75.11771,5.47718],[-75.11665,5.47792]]]},"properties":{"cobertura":"Mosaico de pastos con espacios naturales","bioma":"Orobioma andino cordillera central","clima":"Pluvial","suelo":"Asociacion SANTA ISABEL - Pensilvania","ecosistema":"Mosaico de pastos con espacios naturales","area_ha":51.9345}},{"type":"Feature","id":10,"geometry":{"type":"Polygon","coordinates":[[[-75.09945,5.47553],[-75.09961,5.47503],[-75.09854,5.47284],[-75.09896,5.47242],[-75.10002,5.47236],[-75.10001,5.47041],[-75.10164,5.47067],[-75.10369,5.46999],[-75.10412,5.47104],[-75.1038,5.47289],[-75.10254,5.47363],[-75.10207,5.47273],[-75.10107,5.47284],[-75.10028,5.47368],[-75.10013,5.47526],[-75.10055,5.47547],[-75.09945,5.47553]]]},"properties":{"cobertura":"Pastos limpios","bioma":"Orobioma andino cordillera central","clima":"Pluvial","suelo":"Asociacion SANTA ISABEL - Pensilvania","ecosistema":"Pastos limpios","area_ha":17.9843}},{"type":"Feature","id":11,"geometry":{"type":"MultiPolygon","coordinates":[[[[-75.12411,5.45825],[-75.12537,5.45753],[-75.12584,5.45669],[-75.12676,5.45627],[-75.12502,5.45797],[-75.12411,5.45825]]],[[[-75.1222,5.45958],[-75.12221,5.45944],[-75.12236,5.45944],[-75.1222,5.45958]]],[[[-75.12006,5.46178],[-75.12008,5.46176],[-75.12008,5.46179],[-75.12006,5.46178]]],[[[-75.11932,5.4698],[-75.11972,5.46967],[-75.11935,5.47052],[-75.11932,5.4698]]]]},"properties":{"cobertura":"Mosaico de cultivos, pastos y espacios naturales","bioma":"Orobioma andino cordillera central","clima":"Pluvial","suelo":"Asociacion SANTA ISABEL - Pensilvania","ecosistema":"Mosaico de cultivos, pastos y espacios naturales","area_ha":1.0019}},{"type":"Feature","id":12,"geometry":{"type":"Polygon","coordinates":[[[-75.10335,5.4584],[-75.10335,5.45936],[-75.10209,5.45942],[-75.10215,5.4599],[-75.10311,5.46055],[-75.10478,5.46061],[-75.10502,5.46163],[-75.10681,5.46133],[-75.10677,5.45993],[-75.10785,5.45903],[-75.10874,5.45903],[-75.10976,5.46094],[-75.11107,5.46136],[-75.11018,5.46465],[-75.10953,5.46495],[-75.10762,5.46454],[-75.10678,5.46513],[-75.106,5.46376],[-75.10497,5.4639],[-75.10425,5.46348],[-75.10389,5.4642],[-75.10335,5.4642],[-75.103,5.46325],[-75.1024,5.46325],[-75.10246,5.46432],[-75.10324,5.46498],[-75.10354,5.466],[-75.10288,5.46677],[-75.10133,5.4672],[-75.10061,5.46606],[-75.10115,5.46546],[-75.10097,5.46355],[-75.10049,5.46325],[-75.10031,5.46164],[-75.09893,5.46092],[-75.09887,5.45895],[-75.09911,5.45847],[-75.09959,5.45853],[-75.10066,5.4608],[-75.10132,5.46098],[-75.10108,5.45912],[-75.10173,5.45787],[-75.10275,5.45774],[-75.10335,5.4584]]]},"properties":{"cobertura":"Pastos limpios","bioma":"Orobioma andino cordillera central","clima":"Pluvial","suelo":"Asociacion SANTA ISABEL - Pensilvania","ecosistema":"Pastos limpios","area_ha":64.5697}},{"type":"Feature","id":13,"geometry":{"type":"Polygon","coordinates":[[[-75.09696,5.46772],[-75.09688,5.46665],[-75.09598,5.46545],[-75.0965,5.46507],[-75.09723,5.46527],[-75.09771,5.46449],[-75.09849,5.46449],[-75.09819,5.46778],[-75.09696,5.46772]]]},"properties":{"cobertura":"Pastos limpios","bioma":"Orobioma andino cordillera central","clima":"Pluvial","suelo":"Asociacion SANTA ISABEL - Pensilvania","ecosistema":"Pastos limpios","area_ha":6.7216}},{"type":"Feature","id":14,"geometry":{"type":"Polygon","coordinates":[[[-75.09212,5.46298],[-75.09323,5.46002],[-75.09416,5.45914],[-75.09461,5.46312],[-75.09413,5.4639],[-75.09419,5.46486],[-75.09467,5.4651],[-75.09502,5.46414],[-75.09622,5.46402],[-75.0965,5.46507],[-75.09598,5.46587],[-75.09682,5.46653],[-75.09682,5.46719],[-75.09523,5.46618],[-75.09397,5.46626],[-75.09354,5.46353],[-75.09212,5.46298]]]},"properties":{"cobertura":"Mosaico de pastos y cultivos","bioma":"Orobioma andino cordillera central","clima":"Pluvial","suelo":"Asociacion SANTA ISABEL - Pensilvania","ecosistema":"Mosaico de pastos y cultivos","area_ha":14.3968}},{"type":"Feature","id":15,"geometry":{"type":"Polygon","coordinates":[[[-75.10739,5.47024],[-75.10816,5.4701],[-75.11061,5.46752],[-75.11174,5.46811],[-75.11101,5.47045],[-75.10938,5.4723],[-75.10854,5.47219],[-75.10801,5.4703],[-75.10739,5.47024]]]},"properties":{"cobertura":"Pastos limpios","bioma":"Orobioma andino cordillera central","clima":"Pluvial","suelo":"Asociacion SANTA ISABEL - Pensilvania","ecosistema":"Pastos limpios","area_ha":12.6054}},{"type":"Feature","id":16,"geometry":{"type":"Polygon","coordinates":[[[-75.09739,5.47783],[-75.09746,5.47695],[-75.09868,5.47585],[-75.1003,5.47675],[-75.09953,5.47896],[-75.09833,5.47855],[-75.09803,5.47783],[-75.09739,5.47783]]]},"properties":{"cobertura":"Pastos limpios","bioma":"Orobioma andino cordillera central","clima":"Pluvial","suelo":"Asociacion SANTA ISABEL - Pensilvania","ecosistema":"Pastos limpios","area_ha":6.8026}},{"type":"Feature","id":17,"geometry":{"type":"Polygon","coordinates":[[[-75.09203,5.48627],[-75.09199,5.48425],[-75.09319,5.48325],[-75.09279,5.48507],[-75.09351,5.48549],[-75.09351,5.48657],[-75.09203,5.48627]]]},"properties":{"cobertura":"Mosaico de cultivos, pastos y espacios naturales","bioma":"Orobioma andino cordillera central","clima":"Muy Hcmedo","suelo":"Asociacion SANTA ISABEL - Pensilvania","ecosistema":"Mosaico de cultivos, pastos y espacios naturales","area_ha":3.8192}},{"type":"Feature","id":18,"geometry":{"type":"Polygon","coordinates":[[[-75.09288,5.48141],[-75.09368,5.47949],[-75.09288,5.47912],[-75.09287,5.4772],[-75.09341,5.47845],[-75.0947,5.47893],[-75.09441,5.47963],[-75.09494,5.47997],[-75.09288,5.48141]]]},"properties":{"cobertura":"Mosaico de cultivos, pastos y espacios naturales","bioma":"Orobioma andino cordillera central","clima":"Pluvial","suelo":"Asociacion SANTA ISABEL - Pensilvania","ecosistema":"Mosaico de cultivos, pastos y espacios naturales","area_ha":3.886}},{"type":"Feature","id":19,"geometry":{"type":"Polygon","coordinates":[[[-75.09391,5.47469],[-75.09568,5.47015],[-75.09803,5.46986],[-75.09916,5.46823],[-75.09728,5.46819],[-75.09695,5.46789],[-75.09807,5.46802],[-75.09867,5.46473],[-75.09771,5.46449],[-75.09723,5.46527],[-75.0964,5.46497],[-75.09592,5.46264],[-75.09723,5.46198],[-75.09723,5.46126],[-75.09561,5.46031],[-75.09531,5.45858],[-75.09722,5.45744],[-75.09752,5.45578],[-75.09992,5.45576],[-75.101,5.45464],[-75.10399,5.4545],[-75.10405,5.45493],[-75.10566,5.45565],[-75.10226,5.45619],[-75.10238,5.45667],[-75.10322,5.45679],[-75.10394,5.4575],[-75.10394,5.4581],[-75.10335,5.4584],[-75.10275,5.45774],[-75.10173,5.45787],[-75.10108,5.45912],[-75.10132,5.46098],[-75.10066,5.4608],[-75.09959,5.45853],[-75.09911,5.45847],[-75.09887,5.45895],[-75.09893,5.46092],[-75.10031,5.46164],[-75.10049,5.46325],[-75.10097,5.46355],[-75.10115,5.46546],[-75.10061,5.46606],[-75.10133,5.4672],[-75.1021,5.46714],[-75.10282,5.46797],[-75.10545,5.46749],[-75.10587,5.46803],[-75.10688,5.46802],[-75.10748,5.4688],[-75.1079,5.4688],[-75.10807,5.46826],[-75.10873,5.46832],[-75.10909,5.46917],[-75.10816,5.4701],[-75.10706,5.47024],[-75.10653,5.4694],[-75.10422,5.46883],[-75.10369,5.46999],[-75.10164,5.47067],[-75.10012,5.47031],[-75.10002,5.47236],[-75.09881,5.47247],[-75.09854,5.47318],[-75.09727,5.47193],[-75.09579,5.47221],[-75.09498,5.47346],[-75.09584,5.47642],[-75.09442,5.47624],[-75.09391,5.47469]]]},"properties":{"cobertura":"Mosaico de cultivos, pastos y espacios naturales","bioma":"Orobioma andino cordillera central","clima":"Pluvial","suelo":"Asociacion SANTA ISABEL - Pensilvania","ecosistema":"Mosaico de cultivos, pastos y espacios naturales","area_ha":113.9749}},{"type":"Feature","id":20,"geometry":{"type":"Polygon","coordinates":[[[-75.0916,5.48627],[-75.09351,5.48657],[-75.09351,5.48549],[-75.09279,5.48507],[-75.09279,5.48406],[-75.09337,5.48364],[-75.09304,5.48423],[-75.09328,5.48495],[-75.09447,5.48499],[-75.0948,5.48427],[-75.0959,5.48427],[-75.09786,5.48556],[-75.09844,5.48675],[-75.09934,5.48728],[-75.09935,5.48814],[-75.09806,5.48833],[-75.09409,5.48753],[-75.09276,5.48767],[-75.0916,5.48627]]]},"properties":{"cobertura":"Arbustal denso","bioma":"Orobioma andino cordillera central","clima":"Pluvial","suelo":"Asociacion SANTA ISABEL - Pensilvania","ecosistema":"Arbustal Pluvial del Orobioma andino cordillera central","area_ha":22.5119}},{"type":"Feature","id":21,"geometry":{"type":"Polygon","coordinates":[[[-75.09287,5.4772],[-75.09144,5.47612],[-75.0906,5.47487],[-75.08964,5.47451],[-75.0897,5.47397],[-75.09113,5.47307],[-75.09113,5.47266],[-75.08958,5.47194],[-75.08904,5.46979],[-75.08969,5.46865],[-75.09097,5.46767],[-75.0922,5.46817],[-75.09238,5.46877],[-75.09047,5.46979],[-75.09029,5.47062],[-75.0928,5.47122],[-75.0928,5.47211],[-75.09155,5.47337],[-75.09143,5.47433],[-75.09376,5.47457],[-75.09442,5.47624],[-75.09584,5.47642],[-75.09465,5.47777],[-75.0947,5.47893],[-75.09341,5.47845],[-75.09287,5.4772]]]},"properties":{"cobertura":"Bosque fragmentado con pastos y cultivos","bioma":"Orobioma subandino cordillera central","clima":"Muy Hemedo","suelo":"Asociacion SANTA ISABEL - Pensilvania","ecosistema":"Bosque Muy Humedo del Orobioma subandino cordillera central","area_ha":29.988}},{"type":"Feature","id":22,"geometry":{"type":"Polygon","coordinates":[[[-75.08774,5.47069],[-75.08752,5.46773],[-75.08826,5.46687],[-75.08797,5.46379],[-75.08616,5.46073],[-75.08652,5.45844],[-75.08604,5.45747],[-75.08588,5.45535],[-75.08614,5.45412],[-75.08698,5.45448],[-75.08847,5.45376],[-75.08865,5.45466],[-75.08812,5.45538],[-75.08913,5.4555],[-75.0892,5.45687],[-75.08794,5.45699],[-75.08759,5.45837],[-75.08812,5.45837],[-75.0886,5.45938],[-75.08976,5.45938],[-75.0903,5.46014],[-75.0903,5.46092],[-75.08965,5.4617],[-75.0915,5.46337],[-75.09186,5.46558],[-75.0899,5.4666],[-75.08936,5.46827],[-75.08963,5.46889],[-75.08874,5.47021],[-75.08774,5.47069]]]},"properties":{"cobertura":"Arbustal denso","bioma":"Orobioma subandino cordillera central","clima":"Muy Htmedo","suelo":"Asociacion AZUFRADO - Rio Samana","ecosistema":"Arbustal Muy Humedo del Orobioma subandino cordillera central","area_ha":54.6707}},{"type":"Feature","id":23,"geometry":{"type":"Polygon","coordinates":[[[-75.11174,5.46811],[-75.11061,5.46752],[-75.10909,5.46917],[-75.10873,5.46832],[-75.10807,5.46826],[-75.1079,5.4688],[-75.10748,5.4688],[-75.10688,5.46802],[-75.10587,5.46803],[-75.10545,5.46749],[-75.1027,5.46791],[-75.1021,5.46714],[-75.10336,5.46636],[-75.10354,5.46546],[-75.10246,5.46432],[-75.1024,5.46325],[-75.103,5.46325],[-75.10335,5.4642],[-75.10389,5.4642],[-75.10425,5.46348],[-75.10497,5.4639],[-75.106,5.46376],[-75.10678,5.46513],[-75.10762,5.46454],[-75.10983,5.46495],[-75.11108,5.46232],[-75.11097,5.46132],[-75.11158,5.46066],[-75.11427,5.46012],[-75.11486,5.45898],[-75.11635,5.45868],[-75.11672,5.45958],[-75.11609,5.46074],[-75.11541,5.46106],[-75.11583,5.46264],[-75.11505,5.4639],[-75.11768,5.46553],[-75.11842,5.46675],[-75.1181,5.46748],[-75.11837,5.46864],[-75.1169,5.46886],[-75.11695,5.46928],[-75.11558,5.46912],[-75.11232,5.46691],[-75.11184,5.46702],[-75.11174,5.46811]]]},"properties":{"cobertura":"Arbustal denso","bioma":"Orobioma andino cordillera central","clima":"Pluvial","suelo":"Asociacion SANTA ISABEL - Pensilvania","ecosistema":"Arbustal Pluvial del Orobioma andino cordillera central","area_ha":96.7217}},{"type":"Feature","id":24,"geometry":{"type":"Polygon","coordinates":[[[-75.10399,5.4545],[-75.10232,5.4547],[-75.10226,5.45326],[-75.10322,5.45254],[-75.10614,5.45158],[-75.1084,5.44966],[-75.11167,5.44972],[-75.11155,5.44792],[-75.11005,5.44691],[-75.10987,5.44618],[-75.10792,5.44643],[-75.10708,5.44572],[-75.10446,5.44566],[-75.10404,5.4453],[-75.10332,5.4453],[-75.10273,5.4459],[-75.10153,5.4459],[-75.09986,5.44507],[-75.09992,5.44429],[-75.10219,5.44441],[-75.10284,5.44381],[-75.10499,5.44333],[-75.10529,5.44249],[-75.10177,5.44202],[-75.10021,5.44088],[-75.09938,5.44112],[-75.09878,5.43951],[-75.09717,5.43951],[-75.09686,5.4376],[-75.098,5.43616],[-75.09865,5.43616],[-75.09955,5.43742],[-75.10068,5.43795],[-75.10253,5.43753],[-75.10325,5.43831],[-75.10302,5.4401],[-75.10433,5.44034],[-75.1051,5.43896],[-75.10671,5.43944],[-75.10737,5.43878],[-75.1097,5.43842],[-75.11089,5.43722],[-75.11094,5.43524],[-75.11047,5.43435],[-75.10945,5.43405],[-75.10724,5.43435],[-75.10653,5.43483],[-75.10605,5.43549],[-75.10582,5.43735],[-75.10492,5.43848],[-75.10403,5.43831],[-75.10379,5.43735],[-75.10468,5.43621],[-75.10498,5.43501],[-75.10414,5.4349],[-75.10307,5.43675],[-75.10229,5.43669],[-75.10229,5.4355],[-75.10164,5.43556],[-75.10116,5.43676],[-75.10027,5.43676],[-75.09979,5.43574],[-75.10335,5.43394],[-75.10643,5.43346],[-75.1107,5.43345],[-75.11274,5.4353],[-75.11435,5.43835],[-75.11561,5.43936],[-75.11561,5.4399],[-75.1143,5.44026],[-75.11334,5.4411],[-75.11591,5.4411],[-75.11603,5.44199],[-75.11501,5.44235],[-75.11269,5.44176],[-75.11191,5.44128],[-75.11179,5.43985],[-75.11095,5.43967],[-75.11036,5.44093],[-75.10952,5.44159],[-75.10761,5.44141],[-75.10696,5.44177],[-75.1069,5.44279],[-75.10959,5.44374],[-75.11024,5.44438],[-75.10999,5.44296],[-75.11542,5.44325],[-75.11488,5.44403],[-75.11226,5.44547],[-75.11178,5.44649],[-75.11226,5.44768],[-75.11417,5.44882],[-75.11346,5.44894],[-75.11268,5.44977],[-75.11306,5.45001],[-75.11312,5.45115],[-75.11431,5.45162],[-75.11432,5.4527],[-75.11515,5.45354],[-75.11515,5.45396],[-75.11408,5.45396],[-75.11402,5.45473],[-75.11575,5.45593],[-75.11588,5.45694],[-75.11522,5.45712],[-75.11474,5.45802],[-75.11373,5.45814],[-75.11361,5.45647],[-75.11199,5.45587],[-75.11265,5.45402],[-75.11062,5.45366],[-75.11008,5.45319],[-75.10692,5.45307],[-75.10399,5.4545]]]},"properties":{"cobertura":"Pastos limpios","bioma":"Orobioma andino cordillera central","clima":"Pluvial","suelo":"Asociacion SANTA ISABEL - Pensilvania","ecosistema":"Pastos limpios","area_ha":206.6549}},{"type":"Feature","id":25,"geometry":{"type":"Polygon","coordinates":[[[-75.12596,5.45537],[-75.12537,5.45753],[-75.12236,5.45944],[-75.12143,5.45939],[-75.12101,5.45807],[-75.12136,5.45604],[-75.12238,5.45604],[-75.12273,5.45496],[-75.12405,5.45442],[-75.12554,5.45466],[-75.12596,5.45537]]]},"properties":{"cobertura":"Pastos limpios","bioma":"Orobioma andino cordillera central","clima":"Pluvial","suelo":"Asociacion SANTA ISABEL - Pensilvania","ecosistema":"Pastos limpios","area_ha":19.6701}},{"type":"Feature","id":26,"geometry":{"type":"Polygon","coordinates":[[[-75.07234,5.46077],[-75.0721,5.4597],[-75.07167,5.4598],[-75.07148,5.46064],[-75.06964,5.46018],[-75.06985,5.45817],[-75.06875,5.4576],[-75.06856,5.45698],[-75.06899,5.45631],[-75.07023,5.45588],[-75.0708,5.45487],[-75.07323,5.45429],[-75.074,5.45353],[-75.07419,5.45243],[-75.07352,5.4519],[-75.07208,5.45185],[-75.07096,5.45246],[-75.07126,5.4509],[-75.07406,5.45072],[-75.07472,5.45287],[-75.07736,5.45325],[-75.07847,5.45477],[-75.0761,5.45565],[-75.07567,5.45705],[-75.07352,5.45854],[-75.07289,5.45851],[-75.07301,5.46043],[-75.07234,5.46077]]]},"properties":{"cobertura":"Mosaico de cultivos, pastos y espacios naturales","bioma":"Orobioma andino cordillera central","clima":"Pluvial","suelo":"Asociacion AZUFRADO - Rio Samana","ecosistema":"Mosaico de cultivos, pastos y espacios naturales","area_ha":49.4304}},{"type":"Feature","id":27,"geometry":{"type":"Polygon","coordinates":[[[-75.07155,5.44486],[-75.07102,5.44372],[-75.07292,5.44324],[-75.07357,5.4439],[-75.07388,5.44587],[-75.07459,5.44575],[-75.07507,5.44462],[-75.07578,5.44474],[-75.07638,5.44545],[-75.07531,5.44587],[-75.07489,5.44743],[-75.07412,5.44743],[-75.07298,5.44528],[-75.07155,5.44486]]]},"properties":{"cobertura":"Pastos limpios","bioma":"Orobioma andino cordillera central","clima":"Pluvial","suelo":"Asociacion AZUFRADO - Rio Samana","ecosistema":"Pastos limpios","area_ha":9.8425}},{"type":"Feature","id":28,"geometry":{"type":"Polygon","coordinates":[[[-75.06956,5.44092],[-75.06877,5.43893],[-75.0704,5.43793],[-75.07112,5.43846],[-75.07301,5.43811],[-75.07148,5.44011],[-75.07282,5.44181],[-75.06956,5.44092]]]},"properties":{"cobertura":"Mosaico de pastos con espacios naturales","bioma":"Orobioma andino cordillera central","clima":"Pluvial","suelo":"Asociacion AZUFRADO - Rio Samana","ecosistema":"Mosaico de pastos con espacios naturales","area_ha":9.9093}},{"type":"Feature","id":29,"geometry":{"type":"Polygon","coordinates":[[[-75.06898,5.43669],[-75.06953,5.43611],[-75.06962,5.43319],[-75.071,5.43305],[-75.07206,5.43458],[-75.07324,5.43481],[-75.07319,5.43655],[-75.07058,5.43727],[-75.06898,5.43669]]]},"properties":{"cobertura":"Pastos enmalezados","bioma":"Orobioma andino cordillera central","clima":"Pluvial","suelo":"Asociacion AZUFRADO - Rio Samana","ecosistema":"Pastos enmalezados","area_ha":14.3801}},{"type":"Feature","id":30,"geometry":{"type":"Polygon","coordinates":[[[-75.07107,5.44367],[-75.07112,5.44262],[-75.06956,5.44092],[-75.0719,5.44139],[-75.07293,5.44191],[-75.07324,5.44292],[-75.07409,5.44338],[-75.07514,5.44331],[-75.07651,5.44546],[-75.07507,5.44462],[-75.07459,5.44575],[-75.07388,5.44587],[-75.07333,5.44354],[-75.07244,5.44325],[-75.07107,5.44367]]]},"properties":{"cobertura":"Mosaico de cultivos, pastos y espacios naturales","bioma":"Orobioma andino cordillera central","clima":"Pluvial","suelo":"Asociacion AZUFRADO - Rio Samana","ecosistema":"Mosaico de cultivos, pastos y espacios naturales","area_ha":11.5823}},{"type":"Feature","id":31,"geometry":{"type":"Polygon","coordinates":[[[-75.06767,5.43664],[-75.07058,5.43727],[-75.07319,5.43655],[-75.07325,5.43781],[-75.07237,5.43846],[-75.07112,5.43846],[-75.0704,5.43793],[-75.06877,5.43893],[-75.06767,5.43664]]]},"properties":{"cobertura":"Mosaico de cultivos, pastos y espacios naturales","bioma":"Orobioma andino cordillera central","clima":"Pluvial","suelo":"Asociacion AZUFRADO - Rio Samana","ecosistema":"Mosaico de cultivos, pastos y espacios naturales","area_ha":9.7574}},{"type":"Feature","id":32,"geometry":{"type":"Polygon","coordinates":[[[-75.08975,5.46863],[-75.08936,5.46827],[-75.08996,5.46654],[-75.0918,5.46564],[-75.0927,5.46582],[-75.09276,5.46695],[-75.09079,5.46773],[-75.08975,5.46863]]]},"properties":{"cobertura":"Pastos limpios","bioma":"Orobioma subandino cordillera central","clima":"Muy Hsmedo","suelo":"Asociacion AZUFRADO - Rio Samana","ecosistema":"Pastos limpios","area_ha":6.4581}},{"type":"Feature","id":33,"geometry":{"type":"Polygon","coordinates":[[[-75.09276,5.46695],[-75.0927,5.46582],[-75.0918,5.46564],[-75.09156,5.46355],[-75.09212,5.46298],[-75.09354,5.46353],[-75.09397,5.46626],[-75.09523,5.46618],[-75.09682,5.46724],[-75.0961,5.46719],[-75.0961,5.46683],[-75.09503,5.46725],[-75.09276,5.46695]]]},"properties":{"cobertura":"Mosaico de pastos y cultivos","bioma":"Orobioma subandino cordillera central","clima":"Muy Hcmedo","suelo":"Asociacion SANTA ISABEL - Pensilvania","ecosistema":"Mosaico de pastos y cultivos","area_ha":10.1999}},{"type":"Feature","id":34,"geometry":{"type":"Polygon","coordinates":[[[-75.0916,5.48627],[-75.09112,5.47973],[-75.09155,5.4782],[-75.08997,5.4773],[-75.09011,5.47581],[-75.08901,5.47452],[-75.08843,5.47293],[-75.08886,5.47167],[-75.08774,5.47069],[-75.08898,5.46985],[-75.08958,5.47194],[-75.09113,5.47266],[-75.09113,5.47307],[-75.0897,5.47397],[-75.08964,5.47451],[-75.0906,5.47487],[-75.09185,5.47654],[-75.09281,5.47702],[-75.09288,5.47912],[-75.09368,5.47949],[-75.09288,5.48141],[-75.09203,5.48155],[-75.09203,5.48208],[-75.09319,5.48325],[-75.09199,5.48425],[-75.09203,5.48627],[-75.0916,5.48627]]]},"properties":{"cobertura":"Mosaico de cultivos, pastos y espacios naturales","bioma":"Orobioma subandino cordillera central","clima":"Muy Hcmedo","suelo":"Asociacion SANTA ISABEL - Pensilvania","ecosistema":"Mosaico de cultivos, pastos y espacios naturales","area_ha":26.9961}},{"type":"Feature","id":35,"geometry":{"type":"Polygon","coordinates":[[[-75.091,5.46767],[-75.09264,5.46695],[-75.09503,5.46725],[-75.0961,5.46683],[-75.09728,5.46819],[-75.09916,5.46823],[-75.09803,5.46986],[-75.09568,5.47015],[-75.09388,5.47469],[-75.09143,5.47433],[-75.09155,5.47337],[-75.0928,5.47211],[-75.0928,5.47122],[-75.09029,5.47062],[-75.09047,5.46979],[-75.09238,5.46877],[-75.0922,5.46817],[-75.091,5.46767]]]},"properties":{"cobertura":"Mosaico de cultivos, pastos y espacios naturales","bioma":"Orobioma subandino cordillera central","clima":"Muy Hcmedo","suelo":"Asociacion SANTA ISABEL - Pensilvania","ecosistema":"Mosaico de cultivos, pastos y espacios naturales","area_ha":38.0791}},{"type":"Feature","id":36,"geometry":{"type":"Polygon","coordinates":[[[-75.07427,5.45793],[-75.07567,5.45705],[-75.0761,5.45565],[-75.07847,5.45477],[-75.0795,5.45507],[-75.08004,5.45376],[-75.08105,5.45286],[-75.08117,5.45172],[-75.08188,5.45094],[-75.0826,5.451],[-75.08326,5.45196],[-75.08326,5.45274],[-75.08177,5.45346],[-75.08153,5.45489],[-75.08183,5.45621],[-75.08332,5.45764],[-75.0816,5.45986],[-75.07945,5.46124],[-75.07945,5.46195],[-75.08077,5.46225],[-75.08255,5.46069],[-75.08446,5.45788],[-75.0844,5.45716],[-75.08314,5.45531],[-75.08415,5.4528],[-75.08498,5.45214],[-75.08614,5.45345],[-75.08568,5.45607],[-75.08632,5.45899],[-75.08446,5.45963],[-75.08408,5.46131],[-75.08318,5.46136],[-75.08146,5.46323],[-75.08146,5.46366],[-75.08275,5.46346],[-75.08304,5.46418],[-75.0819,5.46782],[-75.08113,5.46753],[-75.08104,5.46658],[-75.08032,5.46591],[-75.07937,5.46668],[-75.0785,5.46572],[-75.07602,5.46682],[-75.07497,5.46653],[-75.07516,5.46534],[-75.07822,5.46491],[-75.07941,5.46371],[-75.07945,5.46275],[-75.0784,5.46194],[-75.07721,5.46175],[-75.07702,5.4639],[-75.07635,5.464],[-75.07639,5.45969],[-75.07491,5.45807],[-75.07427,5.45793]]]},"properties":{"cobertura":"Mosaico de cultivos, pastos y espacios naturales","bioma":"Orobioma subandino cordillera central","clima":"Muy Hcmedo","suelo":"Asociacion AZUFRADO - Rio Samana","ecosistema":"Mosaico de cultivos, pastos y espacios naturales","area_ha":106.2075}},{"type":"Feature","id":37,"geometry":{"type":"Polygon","coordinates":[[[-75.08625,5.45917],[-75.08568,5.45607],[-75.08614,5.45345],[-75.08529,5.45282],[-75.08485,5.45183],[-75.0843,5.45185],[-75.08396,5.45089],[-75.08426,5.45023],[-75.08516,5.44969],[-75.08666,5.44753],[-75.0873,5.44467],[-75.0866,5.44392],[-75.08625,5.44265],[-75.08558,5.44196],[-75.08412,5.44128],[-75.08262,5.44004],[-75.08168,5.43813],[-75.08347,5.43639],[-75.08276,5.43174],[-75.08507,5.43065],[-75.08542,5.42837],[-75.08188,5.42609],[-75.08084,5.42431],[-75.08188,5.42153],[-75.08162,5.42031],[-75.08077,5.41993],[-75.07984,5.41871],[-75.07985,5.41681],[-75.07845,5.41448],[-75.07894,5.41256],[-75.07824,5.41085],[-75.0787,5.40835],[-75.0792,5.40789],[-75.07962,5.40592],[-75.07861,5.40423],[-75.07846,5.40225],[-75.07785,5.40132],[-75.07613,5.40035],[-75.0754,5.39885],[-75.07344,5.39691],[-75.07161,5.39654],[-75.06967,5.39561],[-75.06852,5.39563],[-75.06807,5.39644],[-75.06703,5.39663],[-75.06391,5.39633],[-75.06354,5.39581],[-75.06256,5.39652],[-75.0589,5.39667],[-75.05802,5.39628],[-75.05636,5.39776],[-75.05448,5.39755],[-75.05149,5.39555],[-75.05053,5.39372],[-75.05013,5.39176],[-75.05026,5.39055],[-75.05072,5.38949],[-75.05019,5.38798],[-75.04756,5.38598],[-75.04595,5.38585],[-75.04318,5.385],[-75.04096,5.38399],[-75.03978,5.38314],[-75.03888,5.38187],[-75.03845,5.3806],[-75.03726,5.37996],[-75.03529,5.37672],[-75.03543,5.37499],[-75.03583,5.37414],[-75.0373,5.37248],[-75.03743,5.37147],[-75.03866,5.36933],[-75.04146,5.36659],[-75.04366,5.36357],[-75.04432,5.36228],[-75.04394,5.35972],[-75.04444,5.3619],[-75.0441,5.36301],[-75.0414,5.36679],[-75.03893,5.36921],[-75.03733,5.37266],[-75.03561,5.37475],[-75.03542,5.37663],[-75.03734,5.37977],[-75.03856,5.38053],[-75.03983,5.38298],[-75.04346,5.38494],[-75.04766,5.38584],[-75.05025,5.38787],[-75.05089,5.38966],[-75.0503,5.39121],[-75.05072,5.39364],[-75.05163,5.39541],[-75.05454,5.39743],[-75.0561,5.3976],[-75.05801,5.39602],[-75.05915,5.39653],[-75.06253,5.39635],[-75.06336,5.39557],[-75.06401,5.39616],[-75.06703,5.39647],[-75.06793,5.39631],[-75.06837,5.39551],[-75.06939,5.39538],[-75.07335,5.39658],[-75.07545,5.39858],[-75.0763,5.40025],[-75.07797,5.40119],[-75.07875,5.40245],[-75.07878,5.40415],[-75.07977,5.40586],[-75.07844,5.41084],[-75.07915,5.41253],[-75.07862,5.41449],[-75.08019,5.41704],[-75.08013,5.41888],[-75.08193,5.42056],[-75.08189,5.42264],[-75.08106,5.42446],[-75.08176,5.42576],[-75.08491,5.42763],[-75.08559,5.42844],[-75.08525,5.43078],[-75.08289,5.43197],[-75.08364,5.43646],[-75.08188,5.4382],[-75.08316,5.44026],[-75.08639,5.44243],[-75.08686,5.44406],[-75.08747,5.4447],[-75.08675,5.44776],[-75.08525,5.45006],[-75.08448,5.45022],[-75.08415,5.45126],[-75.0849,5.45154],[-75.08553,5.45271],[-75.08644,5.45331],[-75.08588,5.45535],[-75.08604,5.45747],[-75.08652,5.45844],[-75.08614,5.46063],[-75.08797,5.46379],[-75.08826,5.46687],[-75.08755,5.46762],[-75.08753,5.46829],[-75.08781,5.46925],[-75.08767,5.47064],[-75.08888,5.47172],[-75.08843,5.47293],[-75.08901,5.47419],[-75.08855,5.47489],[-75.08882,5.47404],[-75.08829,5.47257],[-75.0887,5.47167],[-75.08748,5.47067],[-75.08736,5.46775],[-75.08813,5.46684],[-75.08779,5.46394],[-75.08596,5.46076],[-75.08625,5.45917]]]},"properties":{"cobertura":"Rios","bioma":"Orobioma subandino cordillera central","clima":"Muy Homedo","suelo":"Asociacion AZUFRADO - Libano","ecosistema":"Rios","area_ha":36.6571}},{"type":"Feature","id":38,"geometry":{"type":"Polygon","coordinates":[[[-75.11628,5.47881],[-75.11696,5.47792],[-75.11771,5.47718],[-75.11747,5.47823],[-75.11628,5.47881]]]},"properties":{"cobertura":"Mosaico de cultivos, pastos y espacios naturales","bioma":"Orobioma andino cordillera central","clima":"Pluvial","suelo":"Asociacion AZUFRADO - Libano","ecosistema":"Mosaico de cultivos, pastos y espacios naturales","area_ha":0.9777}},{"type":"Feature","id":39,"geometry":{"type":"Polygon","coordinates":[[[-75.11988,5.46237],[-75.12008,5.46179],[-75.11988,5.46341],[-75.11988,5.46237]]]},"properties":{"cobertura":"Pastos limpios","bioma":"Orobioma andino cordillera central","clima":"Pluvial","suelo":"Asociacion SANTA ISABEL - Pensilvania","ecosistema":"Pastos limpios","area_ha":0.1644}},{"type":"Feature","id":40,"geometry":{"type":"Polygon","coordinates":[[[-75.12547,5.45347],[-75.1232,5.45317],[-75.1223,5.45168],[-75.12051,5.4515],[-75.12087,5.45055],[-75.1232,5.45126],[-75.12403,5.44964],[-75.1257,5.45],[-75.12618,5.45066],[-75.12583,5.45299],[-75.12547,5.45347]]]},"properties":{"cobertura":"Pastos enmalezados","bioma":"Orobioma andino cordillera central","clima":"Pluvial","suelo":"Asociacion SANTA ISABEL - Pensilvania","ecosistema":"Pastos enmalezados","area_ha":14.2559}},{"type":"Feature","id":41,"geometry":{"type":"Polygon","coordinates":[[[-75.13158,5.43408],[-75.13355,5.43486],[-75.13385,5.43611],[-75.13433,5.43641],[-75.13332,5.43635],[-75.13248,5.43701],[-75.13272,5.43779],[-75.13398,5.43832],[-75.1338,5.43886],[-75.1332,5.43892],[-75.13363,5.44084],[-75.13177,5.44036],[-75.13219,5.43875],[-75.13105,5.43677],[-75.13158,5.43408]]]},"properties":{"cobertura":"Mosaico de pastos con espacios naturales","bioma":"Orobioma andino cordillera central","clima":"Pluvial","suelo":"Asociacion SANTA ISABEL - Pensilvania","ecosistema":"Mosaico de pastos con espacios naturales","area_ha":13.3991}},{"type":"Feature","id":42,"geometry":{"type":"Polygon","coordinates":[[[-75.13356,5.43987],[-75.1332,5.43892],[-75.1338,5.43886],[-75.13398,5.43832],[-75.13254,5.43761],[-75.13272,5.43671],[-75.13332,5.43635],[-75.13493,5.43647],[-75.13623,5.43498],[-75.13583,5.43476],[-75.13619,5.43417],[-75.13723,5.43424],[-75.13705,5.4351],[-75.13895,5.43442],[-75.13863,5.4351],[-75.13888,5.43564],[-75.13766,5.43535],[-75.13777,5.43736],[-75.13716,5.43747],[-75.13652,5.43661],[-75.13584,5.43668],[-75.13584,5.43783],[-75.13641,5.4384],[-75.13595,5.43923],[-75.13624,5.44013],[-75.13356,5.43987]]]},"properties":{"cobertura":"Pastos enmalezados","bioma":"Orobioma andino cordillera central","clima":"Pluvial","suelo":"Asociacion SANTA ISABEL - Pensilvania","ecosistema":"Pastos enmalezados","area_ha":19.8803}},{"type":"Feature","id":43,"geometry":{"type":"Polygon","coordinates":[[[-75.12954,5.42667],[-75.12844,5.42719],[-75.13127,5.42772],[-75.13074,5.42941],[-75.13186,5.43073],[-75.1312,5.43184],[-75.13194,5.43294],[-75.13105,5.43653],[-75.13219,5.43875],[-75.13177,5.44036],[-75.13388,5.44117],[-75.13348,5.44214],[-75.13238,5.44221],[-75.13211,5.44354],[-75.13352,5.44376],[-75.13351,5.44413],[-75.13232,5.44431],[-75.13023,5.44294],[-75.12963,5.44294],[-75.12963,5.44407],[-75.13133,5.44469],[-75.13074,5.44533],[-75.1288,5.44557],[-75.12844,5.44617],[-75.12796,5.44587],[-75.1279,5.44467],[-75.12533,5.44318],[-75.12509,5.44235],[-75.12527,5.44181],[-75.12784,5.44198],[-75.12855,5.44114],[-75.12891,5.43965],[-75.131,5.43959],[-75.13099,5.43863],[-75.12968,5.43815],[-75.12986,5.4363],[-75.13063,5.43582],[-75.13057,5.43528],[-75.12848,5.43492],[-75.12872,5.43415],[-75.12979,5.43379],[-75.12979,5.43319],[-75.12931,5.43229],[-75.1277,5.43193],[-75.12877,5.43098],[-75.12889,5.42972],[-75.12829,5.42871],[-75.12704,5.42895],[-75.12668,5.42757],[-75.12596,5.42745],[-75.12382,5.43158],[-75.12245,5.43135],[-75.12227,5.42997],[-75.1243,5.42943],[-75.12531,5.42739],[-75.12477,5.42602],[-75.12262,5.42614],[-75.12274,5.42554],[-75.12399,5.42512],[-75.1247,5.42297],[-75.12554,5.42363],[-75.1268,5.42614],[-75.12954,5.42667]]]},"properties":{"cobertura":"Pastos limpios","bioma":"Orobioma andino cordillera central","clima":"Pluvial","suelo":"Asociacion SANTA ISABEL - Pensilvania","ecosistema":"Pastos limpios","area_ha":89.7741}},{"type":"Feature","id":44,"geometry":{"type":"Polygon","coordinates":[[[-75.09416,5.45914],[-75.0953,5.45823],[-75.09556,5.45683],[-75.09644,5.45587],[-75.09752,5.45578],[-75.09722,5.45744],[-75.09531,5.45858],[-75.09561,5.46031],[-75.09705,5.46103],[-75.09723,5.46198],[-75.09592,5.46264],[-75.09622,5.46402],[-75.09502,5.46414],[-75.09467,5.4651],[-75.09413,5.4645],[-75.09461,5.46354],[-75.09416,5.45914]]]},"properties":{"cobertura":"Pastos limpios","bioma":"Orobioma andino cordillera central","clima":"Pluvial","suelo":"Asociacion SANTA ISABEL - Pensilvania","ecosistema":"Pastos limpios","area_ha":16.9054}},{"type":"Feature","id":45,"geometry":{"type":"Polygon","coordinates":[[[-75.09826,5.45207],[-75.10065,5.4527],[-75.10065,5.45301],[-75.09946,5.45311],[-75.09826,5.45207]]]},"properties":{"cobertura":"Mosaico de cultivos, pastos y espacios naturales","bioma":"Orobioma andino cordillera central","clima":"Muy Hcmedo","suelo":"Asociacion SANTA ISABEL - Pensilvania","ecosistema":"Mosaico de cultivos, pastos y espacios naturales","area_ha":1.1364}},{"type":"Feature","id":46,"geometry":{"type":"Polygon","coordinates":[[[-75.09607,5.44992],[-75.0973,5.44974],[-75.09736,5.45046],[-75.097,5.4508],[-75.09607,5.44992]]]},"properties":{"cobertura":"Mosaico de cultivos, pastos y espacios naturales","bioma":"Orobioma andino cordillera central","clima":"Pluvial","suelo":"Asociacion AZUFRADO - Rio Samana","ecosistema":"Mosaico de cultivos, pastos y espacios naturales","area_ha":1.0422}},{"type":"Feature","id":47,"geometry":{"type":"Polygon","coordinates":[[[-75.09402,5.44825],[-75.09416,5.44633],[-75.09417,5.4462],[-75.09485,5.44777],[-75.09402,5.44825]]]},"properties":{"cobertura":"Mosaico de cultivos, pastos y espacios naturales","bioma":"Orobioma andino cordillera central","clima":"Pluvial","suelo":"Asociacion SANTA ISABEL - Pensilvania","ecosistema":"Mosaico de cultivos, pastos y espacios naturales","area_ha":1.2938}},{"type":"Feature","id":48,"geometry":{"type":"Polygon","coordinates":[[[-75.09445,5.44364],[-75.09307,5.44234],[-75.0946,5.44139],[-75.09493,5.44342],[-75.09445,5.44364]]]},"properties":{"cobertura":"Mosaico de cultivos, pastos y espacios naturales","bioma":"Orobioma andino cordillera central","clima":"Pluvial","suelo":"Asociacion SANTA ISABEL - Pensilvania","ecosistema":"Mosaico de cultivos, pastos y espacios naturales","area_ha":2.5717}},{"type":"Feature","id":49,"geometry":{"type":"Polygon","coordinates":[[[-75.09519,5.44121],[-75.09581,5.44103],[-75.0932,5.43938],[-75.09444,5.43696],[-75.09438,5.43615],[-75.09695,5.43526],[-75.10169,5.4347],[-75.09985,5.43568],[-75.09985,5.4364],[-75.10116,5.43676],[-75.10164,5.43556],[-75.10229,5.4355],[-75.10229,5.43669],[-75.10307,5.43675],[-75.10408,5.43496],[-75.10456,5.4349],[-75.1051,5.43531],[-75.10379,5.43789],[-75.10433,5.43848],[-75.10492,5.43848],[-75.10582,5.43735],[-75.10605,5.43549],[-75.10724,5.43435],[-75.10981,5.43405],[-75.11047,5.43435],[-75.11094,5.43524],[-75.11089,5.43722],[-75.1097,5.43842],[-75.10737,5.43878],[-75.10671,5.43944],[-75.1051,5.43896],[-75.10433,5.44034],[-75.10302,5.4401],[-75.10325,5.43831],[-75.10253,5.43753],[-75.10068,5.43795],[-75.09955,5.43742],[-75.09865,5.43616],[-75.09776,5.43622],[-75.09686,5.4376],[-75.09687,5.43868],[-75.09729,5.43963],[-75.0979,5.43963],[-75.09801,5.44036],[-75.09669,5.44021],[-75.0961,5.44121],[-75.09519,5.44121]]]},"properties":{"cobertura":"Mosaico de cultivos, pastos y espacios naturales","bioma":"Orobioma andino cordillera central","clima":"Muy Hcmedo","suelo":"Asociacion SANTA ISABEL - Pensilvania","ecosistema":"Mosaico de cultivos, pastos y espacios naturales","area_ha":65.4746}},{"type":"Feature","id":50,"geometry":{"type":"Polygon","coordinates":[[[-75.09826,5.45207],[-75.09808,5.45141],[-75.097,5.4508],[-75.0973,5.44974],[-75.09607,5.44992],[-75.0949,5.44829],[-75.09397,5.4491],[-75.09402,5.44825],[-75.09485,5.44777],[-75.09417,5.4462],[-75.09445,5.44364],[-75.09493,5.44342],[-75.0946,5.44139],[-75.0961,5.44121],[-75.09669,5.44021],[-75.0979,5.44043],[-75.0979,5.43963],[-75.09878,5.43951],[-75.09938,5.44112],[-75.10075,5.44106],[-75.1026,5.44225],[-75.10487,5.44225],[-75.10529,5.44297],[-75.10219,5.44441],[-75.09974,5.44441],[-75.09986,5.44507],[-75.10147,5.44603],[-75.10195,5.44991],[-75.10064,5.45159],[-75.10053,5.45278],[-75.09826,5.45207]]]},"properties":{"cobertura":"Mosaico de pastos con espacios naturales","bioma":"Orobioma andino cordillera central","clima":"Pluvial","suelo":"Asociacion SANTA ISABEL - Pensilvania","ecosistema":"Mosaico de pastos con espacios naturales","area_ha":93.7683}},{"type":"Feature","id":51,"geometry":{"type":"Polygon","coordinates":[[[-75.11525,5.44881],[-75.11745,5.44432],[-75.1187,5.44342],[-75.12139,5.4436],[-75.12163,5.44456],[-75.12043,5.44546],[-75.11787,5.44516],[-75.11757,5.4472],[-75.11811,5.44869],[-75.11764,5.44965],[-75.11525,5.44881]]]},"properties":{"cobertura":"Pastos limpios","bioma":"Orobioma andino cordillera central","clima":"Pluvial","suelo":"Asociacion SANTA ISABEL - Pensilvania","ecosistema":"Pastos limpios","area_ha":16.9018}},{"type":"Feature","id":52,"geometry":{"type":"Polygon","coordinates":[[[-75.11417,5.44882],[-75.11208,5.4475],[-75.11178,5.44613],[-75.1125,5.44529],[-75.11512,5.44385],[-75.1153,5.44313],[-75.10999,5.44296],[-75.11029,5.44398],[-75.11024,5.44438],[-75.10959,5.44374],[-75.1069,5.44279],[-75.10696,5.44177],[-75.10761,5.44141],[-75.10952,5.44159],[-75.11036,5.44093],[-75.11095,5.43967],[-75.11179,5.43985],[-75.11209,5.44146],[-75.11501,5.44235],[-75.11591,5.44223],[-75.11591,5.4411],[-75.11334,5.4411],[-75.1143,5.44026],[-75.11561,5.4399],[-75.11561,5.43936],[-75.11435,5.43835],[-75.11274,5.4353],[-75.1107,5.43345],[-75.10643,5.43346],[-75.10435,5.4325],[-75.10223,5.43243],[-75.10276,5.43161],[-75.10461,5.43161],[-75.10658,5.43256],[-75.10939,5.43238],[-75.11124,5.43177],[-75.11112,5.43058],[-75.11058,5.43016],[-75.10855,5.43046],[-75.10801,5.42867],[-75.1089,5.42867],[-75.10884,5.42807],[-75.10651,5.42652],[-75.10622,5.42652],[-75.10622,5.42796],[-75.10526,5.42838],[-75.10294,5.42868],[-75.1021,5.42826],[-75.1021,5.42778],[-75.10335,5.4273],[-75.10401,5.42628],[-75.10586,5.42658],[-75.10561,5.42389],[-75.10711,5.42395],[-75.10764,5.42359],[-75.10776,5.42287],[-75.10866,5.42257],[-75.10871,5.42067],[-75.11109,5.41974],[-75.11181,5.4203],[-75.113,5.42042],[-75.11348,5.42119],[-75.11432,5.42119],[-75.11473,5.42095],[-75.11521,5.41922],[-75.11688,5.41904],[-75.11804,5.41941],[-75.1181,5.42017],[-75.11563,5.42006],[-75.11652,5.42107],[-75.11605,5.42197],[-75.11617,5.42394],[-75.11449,5.42447],[-75.1121,5.42334],[-75.11115,5.42346],[-75.1124,5.42502],[-75.11068,5.42705],[-75.11151,5.42902],[-75.11426,5.42962],[-75.11444,5.43069],[-75.11635,5.43111],[-75.11617,5.43248],[-75.11713,5.43248],[-75.11606,5.43655],[-75.11654,5.43858],[-75.11834,5.44073],[-75.11762,5.44115],[-75.11768,5.44247],[-75.1187,5.44349],[-75.11739,5.44438],[-75.11543,5.44869],[-75.11417,5.44882]]]},"properties":{"cobertura":"Mosaico de pastos con espacios naturales","bioma":"Orobioma andino cordillera central","clima":"Pluvial","suelo":"Asociacion SANTA ISABEL - Pensilvania","ecosistema":"Mosaico de pastos con espacios naturales","area_ha":192.0947}},{"type":"Feature","id":53,"geometry":{"type":"Polygon","coordinates":[[[-75.11834,5.44073],[-75.11654,5.43858],[-75.11606,5.43655],[-75.11713,5.4326],[-75.11617,5.43248],[-75.11635,5.43111],[-75.11444,5.43069],[-75.11426,5.42962],[-75.11151,5.42902],[-75.11068,5.42729],[-75.1124,5.42502],[-75.11288,5.42561],[-75.11485,5.42543],[-75.11539,5.42585],[-75.11503,5.42854],[-75.11551,5.42956],[-75.11694,5.42872],[-75.11736,5.42764],[-75.11826,5.42782],[-75.11903,5.42973],[-75.12029,5.42925],[-75.12088,5.42955],[-75.11999,5.43206],[-75.11815,5.43314],[-75.11839,5.4338],[-75.12041,5.43266],[-75.1222,5.43289],[-75.12363,5.43223],[-75.12501,5.43223],[-75.1259,5.43283],[-75.12585,5.43373],[-75.12531,5.4342],[-75.12304,5.43391],[-75.12209,5.43451],[-75.12167,5.43385],[-75.12083,5.43385],[-75.12257,5.43756],[-75.12114,5.43726],[-75.12006,5.43571],[-75.11905,5.43583],[-75.11923,5.43709],[-75.11785,5.43739],[-75.11786,5.4381],[-75.11923,5.4384],[-75.11953,5.43924],[-75.11899,5.43948],[-75.11899,5.44049],[-75.11834,5.44073]]]},"properties":{"cobertura":"Pastos limpios","bioma":"Orobioma andino cordillera central","clima":"Pluvial","suelo":"Asociacion SANTA ISABEL - Pensilvania","ecosistema":"Pastos limpios","area_ha":82.3532}},{"type":"Feature","id":54,"geometry":{"type":"Polygon","coordinates":[[[-75.09489,5.45636],[-75.09292,5.45589],[-75.09274,5.45499],[-75.09686,5.45522],[-75.09752,5.4557],[-75.09644,5.45587],[-75.09556,5.45683],[-75.0953,5.45823],[-75.09416,5.45914],[-75.09489,5.45768],[-75.09489,5.45636]]]},"properties":{"cobertura":"Pastos limpios","bioma":"Orobioma subandino cordillera central","clima":"Muy Hsmedo","suelo":"Asociacion SANTA ISABEL - Pensilvania","ecosistema":"Pastos limpios","area_ha":7.2473}},{"type":"Feature","id":55,"geometry":{"type":"Polygon","coordinates":[[[-75.09239,5.45786],[-75.09269,5.45744],[-75.0943,5.4575],[-75.0946,5.4572],[-75.09435,5.4563],[-75.09489,5.45636],[-75.09489,5.45768],[-75.09323,5.46002],[-75.09279,5.46186],[-75.09215,5.46216],[-75.09114,5.46133],[-75.09108,5.4596],[-75.09215,5.46014],[-75.09317,5.45977],[-75.09239,5.45786]]]},"properties":{"cobertura":"Mosaico de pastos y cultivos","bioma":"Orobioma subandino cordillera central","clima":"Muy Hcmedo","suelo":"Asociacion SANTA ISABEL - Pensilvania","ecosistema":"Mosaico de pastos y cultivos","area_ha":9.1562}},{"type":"Feature","id":56,"geometry":{"type":"Polygon","coordinates":[[[-75.08614,5.45412],[-75.08641,5.45325],[-75.08553,5.45271],[-75.0849,5.45154],[-75.08427,5.45149],[-75.08415,5.45092],[-75.08451,5.45018],[-75.08525,5.45006],[-75.08675,5.44776],[-75.08747,5.4447],[-75.08686,5.44406],[-75.08639,5.44243],[-75.08327,5.44035],[-75.08191,5.43842],[-75.08198,5.43786],[-75.08356,5.43671],[-75.08375,5.43582],[-75.08289,5.43197],[-75.08515,5.43088],[-75.08557,5.42977],[-75.08714,5.42833],[-75.0909,5.42892],[-75.0912,5.4276],[-75.09024,5.42641],[-75.09024,5.42419],[-75.09035,5.42368],[-75.09201,5.42367],[-75.09314,5.42451],[-75.09411,5.4245],[-75.09497,5.42506],[-75.09523,5.42591],[-75.09746,5.42618],[-75.09691,5.42636],[-75.09685,5.4279],[-75.09618,5.42941],[-75.09522,5.43037],[-75.09527,5.43097],[-75.09687,5.43084],[-75.09995,5.43168],[-75.10175,5.43364],[-75.10175,5.43448],[-75.09695,5.43526],[-75.09438,5.43615],[-75.09444,5.43696],[-75.0932,5.43938],[-75.09581,5.44103],[-75.09307,5.44234],[-75.09446,5.44354],[-75.09361,5.44364],[-75.09383,5.44448],[-75.09252,5.44413],[-75.09216,5.44466],[-75.09216,5.44502],[-75.09413,5.4461],[-75.09402,5.44825],[-75.09348,5.44753],[-75.09181,5.44724],[-75.08781,5.45191],[-75.08966,5.45191],[-75.09175,5.44897],[-75.09264,5.44867],[-75.0933,5.44969],[-75.09324,5.45094],[-75.0942,5.451],[-75.09509,5.4501],[-75.09607,5.44992],[-75.09759,5.45141],[-75.09808,5.45141],[-75.09808,5.45192],[-75.09946,5.45311],[-75.10065,5.45301],[-75.10166,5.45463],[-75.101,5.45464],[-75.09992,5.45576],[-75.09752,5.45578],[-75.09686,5.45522],[-75.09274,5.45499],[-75.09292,5.45589],[-75.09447,5.45642],[-75.09454,5.45732],[-75.09251,5.4575],[-75.09185,5.45876],[-75.0886,5.45938],[-75.08812,5.45837],[-75.08759,5.45837],[-75.08794,5.45699],[-75.0892,5.45687],[-75.08913,5.4555],[-75.08812,5.45538],[-75.08865,5.45466],[-75.08853,5.45382],[-75.08794,5.45376],[-75.08698,5.45448],[-75.08614,5.45412]]]},"properties":{"cobertura":"Mosaico de cultivos, pastos y espacios naturales","bioma":"Orobioma subandino cordillera central","clima":"Muy Hcmedo","suelo":"Asociacion AZUFRADO - Rio Samana","ecosistema":"Mosaico de cultivos, pastos y espacios naturales","area_ha":402.4874}},{"type":"Feature","id":57,"geometry":{"type":"Polygon","coordinates":[[[-75.09156,5.46355],[-75.08965,5.4617],[-75.0903,5.46092],[-75.08976,5.45918],[-75.09185,5.45876],[-75.09245,5.45786],[-75.09317,5.45977],[-75.09215,5.46014],[-75.09108,5.4596],[-75.09114,5.46133],[-75.09234,5.46247],[-75.09156,5.46355]]]},"properties":{"cobertura":"Pastos limpios","bioma":"Orobioma subandino cordillera central","clima":"Muy Hsmedo","suelo":"Asociacion SANTA ISABEL - Pensilvania","ecosistema":"Pastos limpios","area_ha":10.5878}},{"type":"Feature","id":58,"geometry":{"type":"Polygon","coordinates":[[[-75.09402,5.44825],[-75.09397,5.4491],[-75.0949,5.44829],[-75.09607,5.44992],[-75.09509,5.4501],[-75.0942,5.451],[-75.09336,5.451],[-75.0933,5.44969],[-75.09264,5.44867],[-75.09222,5.44867],[-75.08966,5.45191],[-75.08781,5.45191],[-75.09181,5.44724],[-75.09348,5.44753],[-75.09402,5.44825]]]},"properties":{"cobertura":"Mosaico de pastos con espacios naturales","bioma":"Orobioma subandino cordillera central","clima":"Muy Hcmedo","suelo":"Asociacion AZUFRADO - Rio Samana","ecosistema":"Mosaico de pastos con espacios naturales","area_ha":17.5932}},{"type":"Feature","id":59,"geometry":{"type":"Polygon","coordinates":[[[-75.09445,5.44364],[-75.09417,5.4462],[-75.09216,5.44502],[-75.09252,5.44413],[-75.09383,5.44448],[-75.09361,5.44364],[-75.09445,5.44364]]]},"properties":{"cobertura":"Mosaico de pastos con espacios naturales","bioma":"Orobioma subandino cordillera central","clima":"Muy Hcmedo","suelo":"Asociacion SANTA ISABEL - Pensilvania","ecosistema":"Mosaico de pastos con espacios naturales","area_ha":3.9044}},{"type":"Feature","id":60,"geometry":{"type":"Polygon","coordinates":[[[-75.06964,5.46018],[-75.07148,5.46064],[-75.07134,5.4631],[-75.07029,5.46272],[-75.07033,5.46205],[-75.06957,5.46114],[-75.06964,5.46018]]]},"properties":{"cobertura":"Mosaico de cultivos, pastos y espacios naturales","bioma":"Orobioma andino cordillera central","clima":"Muy Hcmedo","suelo":"Asociacion AZUFRADO - Rio Samana","ecosistema":"Mosaico de cultivos, pastos y espacios naturales","area_ha":4.7836}},{"type":"Feature","id":61,"geometry":{"type":"Polygon","coordinates":[[[-75.07234,5.46077],[-75.07301,5.46043],[-75.07289,5.45851],[-75.07353,5.45854],[-75.07358,5.45999],[-75.07291,5.46085],[-75.07267,5.46228],[-75.07205,5.46205],[-75.07234,5.46077]]]},"properties":{"cobertura":"Mosaico de cultivos, pastos y espacios naturales","bioma":"Orobioma andino cordillera central","clima":"Muy Hcmedo","suelo":"Asociacion AZUFRADO - Rio Samana","ecosistema":"Mosaico de cultivos, pastos y espacios naturales","area_ha":2.7838}},{"type":"Feature","id":62,"geometry":{"type":"Polygon","coordinates":[[[-75.07553,5.45305],[-75.07747,5.45281],[-75.07764,5.45161],[-75.0783,5.45167],[-75.07902,5.45268],[-75.078,5.45389],[-75.07736,5.45325],[-75.07553,5.45305]]]},"properties":{"cobertura":"Mosaico de cultivos, pastos y espacios naturales","bioma":"Orobioma subandino cordillera central","clima":"Muy Hcmedo","suelo":"Asociacion AZUFRADO - Rio Samana","ecosistema":"Mosaico de cultivos, pastos y espacios naturales","area_ha":3.9582}},{"type":"Feature","id":63,"geometry":{"type":"Polygon","coordinates":[[[-75.05239,5.43557],[-75.0532,5.43446],[-75.05525,5.43446],[-75.05544,5.43331],[-75.05458,5.4322],[-75.05531,5.43233],[-75.05624,5.43571],[-75.05776,5.43624],[-75.05721,5.438],[-75.0565,5.4382],[-75.05645,5.43877],[-75.05736,5.43958],[-75.05779,5.44102],[-75.05464,5.44011],[-75.0534,5.44073],[-75.05297,5.43977],[-75.05373,5.43968],[-75.05483,5.43843],[-75.05258,5.43829],[-75.05239,5.43557]]]},"properties":{"cobertura":"Mosaico de cultivos, pastos y espacios naturales","bioma":"Orobioma subandino cordillera central","clima":"Muy Hcmedo","suelo":"Asociacion AZUFRADO - Rio Samana","ecosistema":"Mosaico de cultivos, pastos y espacios naturales","area_ha":30.6106}},{"type":"Feature","id":64,"geometry":{"type":"Polygon","coordinates":[[[-75.05821,5.43695],[-75.0575,5.43598],[-75.05624,5.43571],[-75.05557,5.43273],[-75.05458,5.4322],[-75.05477,5.43087],[-75.05343,5.42944],[-75.05357,5.42891],[-75.05486,5.42853],[-75.05381,5.4259],[-75.05404,5.42504],[-75.05543,5.42532],[-75.05687,5.42853],[-75.05787,5.42881],[-75.0582,5.42766],[-75.05877,5.42761],[-75.05882,5.42986],[-75.05921,5.43043],[-75.06035,5.43062],[-75.06059,5.42989],[-75.06127,5.43018],[-75.06088,5.43316],[-75.06198,5.43402],[-75.06132,5.43469],[-75.06132,5.43541],[-75.06313,5.43665],[-75.06289,5.43737],[-75.06242,5.43742],[-75.06266,5.43876],[-75.0622,5.43852],[-75.06216,5.43949],[-75.06321,5.44061],[-75.0627,5.44117],[-75.06273,5.44189],[-75.06185,5.44139],[-75.06108,5.43977],[-75.05979,5.43967],[-75.05951,5.43905],[-75.05817,5.43862],[-75.05821,5.43695]]]},"properties":{"cobertura":"Mosaico de pastos y cultivos","bioma":"Orobioma subandino cordillera central","clima":"Muy Hcmedo","suelo":"Asociacion AZUFRADO - Rio Samana","ecosistema":"Mosaico de pastos y cultivos","area_ha":82.0449}},{"type":"Feature","id":65,"geometry":{"type":"Polygon","coordinates":[[[-75.07282,5.44181],[-75.07148,5.44011],[-75.07327,5.43786],[-75.07523,5.43678],[-75.07583,5.43696],[-75.07649,5.43816],[-75.07738,5.43851],[-75.0778,5.43965],[-75.0796,5.44012],[-75.0796,5.44042],[-75.07798,5.44049],[-75.07601,5.43893],[-75.07542,5.43893],[-75.07494,5.43947],[-75.07518,5.44019],[-75.07673,5.44079],[-75.0762,5.44306],[-75.07542,5.4433],[-75.07465,5.44228],[-75.07282,5.44181]]]},"properties":{"cobertura":"Mosaico de pastos con espacios naturales","bioma":"Orobioma subandino cordillera central","clima":"Muy Hcmedo","suelo":"Asociacion AZUFRADO - Rio Samana","ecosistema":"Mosaico de pastos con espacios naturales","area_ha":26.8941}},{"type":"Feature","id":66,"geometry":{"type":"Polygon","coordinates":[[[-75.08019,5.43833],[-75.07815,5.43456],[-75.07815,5.43355],[-75.07869,5.43283],[-75.0797,5.43307],[-75.08078,5.43546],[-75.08233,5.43623],[-75.08186,5.43695],[-75.08066,5.43707],[-75.08019,5.43833]]]},"properties":{"cobertura":"Pastos enmalezados","bioma":"Orobioma subandino cordillera central","clima":"Muy Hsmedo","suelo":"Asociacion AZUFRADO - Rio Samana","ecosistema":"Pastos enmalezados","area_ha":12.5986}},{"type":"Feature","id":67,"geometry":{"type":"MultiPolygon","coordinates":[[[[-75.03653,5.4295],[-75.03728,5.42942],[-75.038,5.43013],[-75.03723,5.42972],[-75.03653,5.4295]]],[[[-75.03806,5.43016],[-75.03802,5.43014],[-75.03806,5.43014],[-75.03806,5.43016]]],[[[-75.03836,5.43032],[-75.03836,5.43032],[-75.03836,5.43032],[-75.03836,5.43032]]],[[[-75.03854,5.43041],[-75.03847,5.43038],[-75.03854,5.43038],[-75.03854,5.43041]]],[[[-75.03866,5.43047],[-75.03858,5.43044],[-75.03866,5.43044],[-75.03866,5.43047]]]]},"properties":{"cobertura":"Mosaico de pastos y cultivos","bioma":"Orobioma subandino cordillera central","clima":"Muy Hcmedo","suelo":"Asociacion AZUFRADO - Rio Samana","ecosistema":"Mosaico de pastos y cultivos","area_ha":0.4415}},{"type":"Feature","id":68,"geometry":{"type":"Polygon","coordinates":[[[-75.06289,5.43737],[-75.06308,5.43655],[-75.06132,5.43541],[-75.06193,5.43388],[-75.06088,5.43316],[-75.06126,5.43211],[-75.06107,5.43043],[-75.0615,5.43],[-75.06327,5.43081],[-75.06441,5.42976],[-75.06498,5.42976],[-75.0658,5.431],[-75.06642,5.431],[-75.06847,5.43047],[-75.06875,5.42989],[-75.06981,5.43056],[-75.07186,5.43037],[-75.07491,5.42878],[-75.07591,5.42916],[-75.07677,5.42859],[-75.0764,5.43065],[-75.07759,5.43122],[-75.07654,5.43203],[-75.07731,5.43356],[-75.07702,5.43471],[-75.0754,5.43471],[-75.07406,5.43386],[-75.07354,5.43481],[-75.07277,5.43481],[-75.07177,5.43429],[-75.07124,5.43319],[-75.07029,5.433],[-75.06952,5.43329],[-75.06943,5.4364],[-75.06772,5.4365],[-75.0692,5.44042],[-75.07112,5.44262],[-75.07107,5.44367],[-75.0705,5.44405],[-75.06834,5.44085],[-75.06816,5.44377],[-75.06969,5.44578],[-75.06974,5.44698],[-75.06764,5.44693],[-75.06673,5.44636],[-75.0663,5.44435],[-75.06734,5.44325],[-75.06739,5.44263],[-75.06433,5.43905],[-75.06366,5.43766],[-75.06289,5.43737]]]},"properties":{"cobertura":"Bosque fragmentado con pastos y cultivos","bioma":"Orobioma andino cordillera central","clima":"Pluvial","suelo":"Asociacion SANTA ISABEL - Pensilvania","ecosistema":"Bosque Pluvial del Orobioma andino cordillera central","area_ha":143.8671}},{"type":"Feature","id":69,"geometry":{"type":"Polygon","coordinates":[[[-75.05134,5.43448],[-75.05186,5.43451],[-75.0531,5.43341],[-75.05305,5.43288],[-75.05171,5.43203],[-75.0519,5.42868],[-75.05257,5.42815],[-75.05252,5.42748],[-75.05209,5.42695],[-75.04994,5.42744],[-75.04822,5.42706],[-75.04793,5.42591],[-75.04827,5.42572],[-75.04812,5.42485],[-75.04893,5.42184],[-75.04778,5.42179],[-75.04774,5.42356],[-75.04674,5.4239],[-75.04621,5.42495],[-75.0454,5.42481],[-75.04506,5.42218],[-75.04673,5.4228],[-75.04678,5.42002],[-75.04635,5.4195],[-75.04415,5.41888],[-75.04339,5.4195],[-75.04229,5.41955],[-75.0421,5.42128],[-75.04296,5.42228],[-75.04263,5.42319],[-75.04029,5.42224],[-75.03971,5.42095],[-75.03871,5.42104],[-75.03824,5.42233],[-75.03757,5.42238],[-75.03465,5.42081],[-75.03494,5.41971],[-75.03728,5.41942],[-75.03704,5.41774],[-75.0366,5.41736],[-75.03675,5.41664],[-75.03961,5.41673],[-75.03961,5.4163],[-75.03866,5.41592],[-75.03799,5.41487],[-75.03588,5.41464],[-75.03588,5.41397],[-75.0366,5.41349],[-75.03841,5.41334],[-75.03989,5.41166],[-75.0418,5.41118],[-75.0417,5.41066],[-75.04103,5.41066],[-75.03951,5.41085],[-75.03832,5.412],[-75.03703,5.41152],[-75.03722,5.41081],[-75.03846,5.4108],[-75.03822,5.40985],[-75.03884,5.40879],[-75.03745,5.40875],[-75.03783,5.40784],[-75.03855,5.40789],[-75.03879,5.40846],[-75.03926,5.40846],[-75.03974,5.40769],[-75.04046,5.40769],[-75.04103,5.40831],[-75.04237,5.40788],[-75.04222,5.40711],[-75.04122,5.40673],[-75.04184,5.40434],[-75.04026,5.40415],[-75.03974,5.40482],[-75.0384,5.40439],[-75.03859,5.40339],[-75.03949,5.40276],[-75.03925,5.40157],[-75.03963,5.40095],[-75.04064,5.4009],[-75.0414,5.40022],[-75.04245,5.40032],[-75.0424,5.40085],[-75.04183,5.40104],[-75.04188,5.40185],[-75.04389,5.4028],[-75.04384,5.4051],[-75.04308,5.40582],[-75.04385,5.40831],[-75.04251,5.40936],[-75.04251,5.40984],[-75.04361,5.41065],[-75.04428,5.4118],[-75.04457,5.4139],[-75.04601,5.41462],[-75.0471,5.4138],[-75.04806,5.41385],[-75.04816,5.4162],[-75.05083,5.41868],[-75.05241,5.41915],[-75.05313,5.4215],[-75.05418,5.42173],[-75.05471,5.42365],[-75.05605,5.42403],[-75.05705,5.42326],[-75.05786,5.42326],[-75.05987,5.42402],[-75.05968,5.42465],[-75.05848,5.42503],[-75.05848,5.4258],[-75.0604,5.42761],[-75.0605,5.43048],[-75.05959,5.43063],[-75.05887,5.4301],[-75.05873,5.42756],[-75.0582,5.42766],[-75.05787,5.42881],[-75.05687,5.42853],[-75.05543,5.42532],[-75.05404,5.42504],[-75.05381,5.4259],[-75.05486,5.42853],[-75.05357,5.42891],[-75.05343,5.42944],[-75.05477,5.43087],[-75.05458,5.43221],[-75.05544,5.43331],[-75.05539,5.43427],[-75.05492,5.4346],[-75.0531,5.43451],[-75.05185,5.43622],[-75.05168,5.43712],[-75.05126,5.43712],[-75.05108,5.43646],[-75.05134,5.43448]]]},"properties":{"cobertura":"Bosque fragmentado con pastos y cultivos","bioma":"Orobioma subandino cordillera central","clima":"Muy Hemedo","suelo":"Asociacion AZUFRADO - Rio Samana","ecosistema":"Bosque Muy Humedo del Orobioma subandino cordillera central","area_ha":282.0121}},{"type":"Feature","id":70,"geometry":{"type":"MultiPolygon","coordinates":[[[[-75.04817,5.4351],[-75.04649,5.4331],[-75.04603,5.4319],[-75.04617,5.43084],[-75.045,5.43089],[-75.04421,5.43013],[-75.04698,5.42983],[-75.04689,5.43093],[-75.04737,5.43213],[-75.04665,5.43227],[-75.04646,5.4328],[-75.04732,5.43313],[-75.04766,5.43375],[-75.04895,5.43361],[-75.04924,5.43428],[-75.04966,5.43428],[-75.04888,5.43504],[-75.04817,5.4351]]],[[[-75.04806,5.43561],[-75.04806,5.43561],[-75.04807,5.43562],[-75.04806,5.43561]]],[[[-75.04881,5.4363],[-75.04812,5.43567],[-75.04867,5.436],[-75.04881,5.4363]]],[[[-75.04972,5.43917],[-75.05029,5.43949],[-75.05044,5.44011],[-75.04972,5.43917]]],[[[-75.05244,5.44331],[-75.05269,5.44318],[-75.05269,5.44346],[-75.05244,5.44331]]]]},"properties":{"cobertura":"Bosque fragmentado con pastos y cultivos","bioma":"Orobioma subandino cordillera central","clima":"Pluvial","suelo":"Asociacion SANTA ISABEL - Pensilvania","ecosistema":"Bosque Pluvial del Orobioma subandino cordillera central","area_ha":8.3891}},{"type":"Feature","id":71,"geometry":{"type":"MultiPolygon","coordinates":[[[[-75.05456,5.44433],[-75.05475,5.44361],[-75.05571,5.44404],[-75.0559,5.44737],[-75.0548,5.44619],[-75.05514,5.44524],[-75.05456,5.44433]]],[[[-75.05459,5.45935],[-75.05567,5.45764],[-75.05644,5.45721],[-75.05506,5.45925],[-75.05459,5.45935]]]]},"properties":{"cobertura":"Bosque fragmentado con pastos y cultivos","bioma":"Orobioma andino cordillera central","clima":"Pluvial","suelo":"Asociacion SANTA ISABEL - Pensilvania","ecosistema":"Bosque Pluvial del Orobioma andino cordillera central","area_ha":5.0008}},{"type":"Feature","id":72,"geometry":{"type":"Polygon","coordinates":[[[-75.07847,5.45477],[-75.07789,5.45406],[-75.07902,5.45268],[-75.0783,5.45167],[-75.07759,5.45167],[-75.07747,5.45281],[-75.07526,5.45305],[-75.07454,5.45263],[-75.07406,5.45072],[-75.0715,5.45072],[-75.07114,5.45222],[-75.07003,5.45344],[-75.06932,5.45387],[-75.06817,5.45349],[-75.06812,5.45258],[-75.07013,5.45157],[-75.07074,5.45009],[-75.07088,5.44809],[-75.07179,5.44821],[-75.07173,5.44713],[-75.07065,5.4451],[-75.07226,5.44486],[-75.07298,5.44528],[-75.07412,5.44743],[-75.07489,5.44743],[-75.07531,5.44587],[-75.0759,5.44545],[-75.07847,5.44575],[-75.0799,5.44676],[-75.08044,5.44676],[-75.08092,5.44598],[-75.08157,5.44604],[-75.0814,5.44843],[-75.0783,5.44975],[-75.07818,5.45041],[-75.07902,5.45095],[-75.08009,5.45083],[-75.08212,5.44903],[-75.08349,5.44855],[-75.08289,5.4455],[-75.0833,5.44502],[-75.08408,5.44538],[-75.0845,5.44801],[-75.08528,5.44932],[-75.08398,5.45079],[-75.08412,5.45163],[-75.08498,5.45214],[-75.08415,5.4528],[-75.08314,5.45531],[-75.0844,5.45716],[-75.08446,5.45788],[-75.08255,5.46069],[-75.08077,5.46225],[-75.07945,5.46195],[-75.07945,5.46124],[-75.0816,5.45986],[-75.08332,5.45764],[-75.08183,5.45621],[-75.08153,5.45489],[-75.08177,5.45346],[-75.08326,5.45274],[-75.0829,5.4513],[-75.08188,5.45094],[-75.07968,5.4549],[-75.07847,5.45477]]]},"properties":{"cobertura":"Bosque fragmentado con pastos y cultivos","bioma":"Orobioma subandino cordillera central","clima":"Muy Hemedo","suelo":"Asociacion AZUFRADO - Rio Samana","ecosistema":"Bosque Muy Humedo del Orobioma subandino cordillera central","area_ha":118.8192}},{"type":"Feature","id":73,"geometry":{"type":"Polygon","coordinates":[[[-75.07088,5.44809],[-75.07084,5.44746],[-75.06974,5.44698],[-75.06969,5.44578],[-75.06816,5.44377],[-75.06834,5.44085],[-75.07016,5.44377],[-75.07101,5.44385],[-75.07155,5.44486],[-75.07053,5.44522],[-75.07179,5.44761],[-75.07179,5.44821],[-75.07088,5.44809]]]},"properties":{"cobertura":"Vegetacion secundaria o en transicion","bioma":"Orobioma andino cordillera central","clima":"Pluvial","suelo":"Asociacion AZUFRADO - Rio Samana","ecosistema":"Bosque secundario Pluvial del Orobioma andino cordillera central","area_ha":12.8784}},{"type":"Feature","id":74,"geometry":{"type":"Polygon","coordinates":[[[-75.07651,5.44546],[-75.07514,5.44331],[-75.07409,5.44338],[-75.07324,5.44292],[-75.07282,5.44181],[-75.07465,5.44228],[-75.07542,5.4433],[-75.0762,5.44306],[-75.07673,5.44079],[-75.07518,5.44019],[-75.07494,5.43947],[-75.07542,5.43893],[-75.07601,5.43893],[-75.07798,5.44049],[-75.0796,5.44042],[-75.0796,5.44012],[-75.0778,5.43965],[-75.07738,5.43851],[-75.07637,5.43804],[-75.07565,5.43678],[-75.07303,5.4381],[-75.07319,5.43655],[-75.0747,5.43654],[-75.07565,5.4357],[-75.07804,5.436],[-75.07642,5.43475],[-75.07702,5.43471],[-75.07731,5.43404],[-75.07654,5.43203],[-75.07759,5.43122],[-75.0764,5.43065],[-75.07677,5.42859],[-75.07591,5.42916],[-75.07491,5.42878],[-75.07211,5.43015],[-75.07122,5.42967],[-75.07155,5.42814],[-75.07094,5.4276],[-75.0707,5.4259],[-75.07158,5.42584],[-75.07163,5.42536],[-75.07003,5.42406],[-75.07063,5.42197],[-75.07144,5.42183],[-75.07084,5.41984],[-75.06964,5.41925],[-75.06858,5.41733],[-75.06764,5.41748],[-75.0662,5.41539],[-75.06465,5.41498],[-75.06101,5.41504],[-75.06005,5.41265],[-75.05915,5.41188],[-75.05551,5.41093],[-75.05408,5.40979],[-75.05061,5.40836],[-75.04978,5.40711],[-75.04924,5.4043],[-75.04904,5.39616],[-75.04791,5.39395],[-75.04868,5.39],[-75.0473,5.38803],[-75.04742,5.38738],[-75.04837,5.3866],[-75.05057,5.38859],[-75.05072,5.38975],[-75.05012,5.39231],[-75.05135,5.39537],[-75.05442,5.39752],[-75.05636,5.39776],[-75.05802,5.39628],[-75.0589,5.39667],[-75.06256,5.39652],[-75.06354,5.39581],[-75.06391,5.39633],[-75.06703,5.39663],[-75.06807,5.39644],[-75.06852,5.39563],[-75.06942,5.39557],[-75.07333,5.39683],[-75.0754,5.39885],[-75.07613,5.40035],[-75.07814,5.40173],[-75.0775,5.40191],[-75.07715,5.40257],[-75.07494,5.40209],[-75.0744,5.40461],[-75.07441,5.40574],[-75.0753,5.40604],[-75.07572,5.40694],[-75.07709,5.4067],[-75.07763,5.40795],[-75.07614,5.40831],[-75.07524,5.4073],[-75.07459,5.40724],[-75.07334,5.4076],[-75.07244,5.40898],[-75.07406,5.41059],[-75.07543,5.41089],[-75.0768,5.41052],[-75.07704,5.4113],[-75.07831,5.4113],[-75.07891,5.41242],[-75.07847,5.41456],[-75.07985,5.41681],[-75.07984,5.41871],[-75.08077,5.41993],[-75.08162,5.42031],[-75.08188,5.42153],[-75.0809,5.42451],[-75.08188,5.42609],[-75.08542,5.42837],[-75.08507,5.43065],[-75.08276,5.43174],[-75.08347,5.43639],[-75.08168,5.43813],[-75.08278,5.44022],[-75.08625,5.44265],[-75.08734,5.44515],[-75.08666,5.44753],[-75.08528,5.44932],[-75.0845,5.44801],[-75.08408,5.44538],[-75.08318,5.44508],[-75.08289,5.44622],[-75.08349,5.44855],[-75.08212,5.44903],[-75.07973,5.45095],[-75.07848,5.45065],[-75.07818,5.44999],[-75.07889,5.44933],[-75.08027,5.44915],[-75.0814,5.44843],[-75.08169,5.44616],[-75.08092,5.44598],[-75.08044,5.44676],[-75.0799,5.44676],[-75.07847,5.44575],[-75.07651,5.44546]],[[-75.07815,5.43456],[-75.08019,5.43833],[-75.08066,5.43707],[-75.08186,5.43695],[-75.08233,5.43623],[-75.08078,5.43546],[-75.0797,5.43307],[-75.07869,5.43283],[-75.07815,5.43355],[-75.07815,5.43456]],[[-75.06219,5.40984],[-75.06267,5.40948],[-75.06219,5.40828],[-75.06535,5.40439],[-75.0657,5.4029],[-75.06326,5.40392],[-75.06249,5.40601],[-75.06135,5.40577],[-75.06118,5.40846],[-75.05867,5.40835],[-75.05861,5.40877],[-75.05933,5.40883],[-75.05975,5.40942],[-75.06219,5.40984]]]},"properties":{"cobertura":"Mosaico de cultivos, pastos y espacios naturales","bioma":"Orobioma subandino cordillera central","clima":"Muy Hcmedo","suelo":"Asociacion AZUFRADO - Libano","ecosistema":"Mosaico de cultivos, pastos y espacios naturales","area_ha":911.6908}},{"type":"Feature","id":75,"geometry":{"type":"MultiPolygon","coordinates":[[[[-75.14338,5.43311],[-75.14392,5.43146],[-75.1431,5.43093],[-75.14249,5.43129],[-75.1407,5.43111],[-75.13941,5.42986],[-75.13855,5.43025],[-75.13812,5.43],[-75.13786,5.42871],[-75.13858,5.42742],[-75.13737,5.42678],[-75.13743,5.42663],[-75.1418,5.42786],[-75.14512,5.42781],[-75.14638,5.42694],[-75.14713,5.42697],[-75.14805,5.42825],[-75.14501,5.43251],[-75.14438,5.43308],[-75.14338,5.43311]]],[[[-75.13194,5.44697],[-75.13002,5.44722],[-75.13133,5.44469],[-75.12963,5.44407],[-75.12963,5.44294],[-75.13023,5.44294],[-75.13232,5.44431],[-75.13321,5.44437],[-75.13352,5.44376],[-75.13211,5.44354],[-75.13238,5.44221],[-75.13316,5.44232],[-75.13377,5.44182],[-75.13388,5.44117],[-75.1333,5.44017],[-75.13416,5.43977],[-75.13617,5.4402],[-75.13595,5.43923],[-75.13641,5.4384],[-75.13584,5.43783],[-75.13584,5.43668],[-75.13652,5.43661],[-75.13716,5.43747],[-75.13777,5.43736],[-75.13766,5.43535],[-75.13891,5.43553],[-75.13863,5.4351],[-75.13895,5.43442],[-75.13705,5.4351],[-75.13734,5.43446],[-75.13669,5.43399],[-75.13583,5.43476],[-75.13623,5.43498],[-75.13576,5.43581],[-75.13493,5.43647],[-75.13403,5.43635],[-75.13355,5.43486],[-75.13158,5.43408],[-75.13194,5.43285],[-75.1312,5.43184],[-75.13177,5.43027],[-75.13074,5.42941],[-75.13127,5.42772],[-75.12844,5.42719],[-75.12985,5.42652],[-75.12988,5.42564],[-75.13102,5.42567],[-75.13227,5.42661],[-75.13424,5.42549],[-75.13474,5.42588],[-75.13687,5.43094],[-75.13894,5.43101],[-75.13873,5.43208],[-75.13991,5.43194],[-75.1417,5.43326],[-75.14299,5.43229],[-75.13805,5.43999],[-75.13677,5.44393],[-75.13473,5.44556],[-75.13243,5.44593],[-75.13194,5.44697]]],[[[-75.12965,5.44879],[-75.1299,5.44847],[-75.12965,5.44887],[-75.12965,5.44879]]]]},"properties":{"cobertura":"Bosque denso alto de tierra firme","bioma":"Orobioma andino cordillera central","clima":"Pluvial","suelo":"Asociacion SANTA ISABEL - Pensilvania","ecosistema":"Bosque Pluvial del Orobioma andino cordillera central","area_ha":173.4587}},{"type":"Feature","id":76,"geometry":{"type":"MultiPolygon","coordinates":[[[[-75.13481,5.42495],[-75.13663,5.42584],[-75.13644,5.42647],[-75.13596,5.42617],[-75.13481,5.42495]]],[[[-75.12005,5.46179],[-75.11767,5.46163],[-75.11778,5.46074],[-75.1193,5.46042],[-75.11777,5.45863],[-75.11714,5.45868],[-75.11672,5.45947],[-75.11635,5.45868],[-75.11486,5.45898],[-75.11427,5.46012],[-75.11158,5.46066],[-75.11105,5.46132],[-75.10976,5.46094],[-75.10874,5.45903],[-75.10785,5.45903],[-75.10677,5.45993],[-75.10681,5.46133],[-75.10502,5.46163],[-75.10478,5.46061],[-75.10311,5.46055],[-75.10215,5.4599],[-75.10209,5.45942],[-75.10329,5.45942],[-75.10335,5.4584],[-75.10394,5.4581],[-75.10394,5.4575],[-75.1022,5.45631],[-75.10566,5.45565],[-75.10399,5.45487],[-75.10399,5.4545],[-75.1056,5.45349],[-75.10692,5.45307],[-75.11008,5.45319],[-75.11062,5.45366],[-75.11265,5.45402],[-75.11199,5.45587],[-75.11361,5.45647],[-75.11373,5.45814],[-75.11474,5.45802],[-75.11522,5.45712],[-75.11588,5.45694],[-75.11575,5.45593],[-75.11402,5.45473],[-75.11408,5.45396],[-75.11515,5.45396],[-75.11515,5.45354],[-75.11432,5.4527],[-75.11431,5.45162],[-75.11312,5.45115],[-75.11274,5.44965],[-75.11346,5.44894],[-75.11429,5.44882],[-75.11543,5.44881],[-75.11764,5.44965],[-75.11811,5.44869],[-75.11757,5.4472],[-75.11787,5.44516],[-75.12014,5.44552],[-75.12163,5.44456],[-75.12133,5.44354],[-75.11936,5.44372],[-75.11816,5.44325],[-75.11768,5.44247],[-75.11768,5.44103],[-75.11893,5.44055],[-75.11899,5.43948],[-75.11953,5.43924],[-75.11923,5.4384],[-75.11792,5.43822],[-75.11785,5.43739],[-75.11917,5.43715],[-75.11905,5.43583],[-75.12006,5.43571],[-75.12114,5.43726],[-75.12257,5.43756],[-75.12083,5.43385],[-75.12167,5.43385],[-75.12209,5.43451],[-75.12304,5.43391],[-75.12531,5.4342],[-75.12585,5.43373],[-75.1259,5.43283],[-75.12501,5.43223],[-75.12363,5.43223],[-75.1222,5.43289],[-75.12041,5.43266],[-75.11839,5.4338],[-75.11815,5.43314],[-75.11999,5.43206],[-75.12088,5.42955],[-75.12029,5.42925],[-75.11903,5.42973],[-75.11826,5.42782],[-75.11736,5.42764],[-75.11694,5.42872],[-75.11551,5.42956],[-75.11503,5.42854],[-75.11539,5.42585],[-75.11485,5.42543],[-75.11276,5.42555],[-75.11115,5.42346],[-75.1121,5.42334],[-75.11395,5.424],[-75.1151,5.42447],[-75.11534,5.42508],[-75.11581,5.42442],[-75.11665,5.42436],[-75.11862,5.42537],[-75.12005,5.42555],[-75.11999,5.42298],[-75.12285,5.42196],[-75.12213,5.4213],[-75.12058,5.4213],[-75.11879,5.42065],[-75.1181,5.42017],[-75.11804,5.41941],[-75.12225,5.42094],[-75.12333,5.42082],[-75.12434,5.4201],[-75.12655,5.42028],[-75.1275,5.41908],[-75.12756,5.41806],[-75.12833,5.41854],[-75.12858,5.41985],[-75.13129,5.41936],[-75.13205,5.41867],[-75.13025,5.41827],[-75.1305,5.41773],[-75.13154,5.41737],[-75.131,5.41648],[-75.13118,5.41587],[-75.12982,5.41533],[-75.13089,5.41425],[-75.12989,5.41422],[-75.12761,5.41525],[-75.12367,5.41496],[-75.12385,5.41412],[-75.12588,5.41316],[-75.12629,5.41256],[-75.12688,5.41299],[-75.13071,5.4126],[-75.1306,5.41206],[-75.12951,5.41165],[-75.12796,5.40986],[-75.12746,5.41019],[-75.12726,5.41139],[-75.12581,5.4103],[-75.12599,5.40954],[-75.12456,5.40886],[-75.12394,5.40917],[-75.12309,5.40874],[-75.12495,5.40829],[-75.12588,5.40875],[-75.12638,5.40854],[-75.12549,5.40789],[-75.12361,5.40802],[-75.12389,5.40721],[-75.12568,5.40781],[-75.12722,5.40775],[-75.12755,5.40879],[-75.13189,5.4123],[-75.13221,5.4156],[-75.13327,5.41932],[-75.13194,5.41982],[-75.13194,5.42061],[-75.1323,5.42119],[-75.13309,5.42136],[-75.13302,5.42348],[-75.13367,5.42345],[-75.1345,5.42477],[-75.13349,5.42492],[-75.13198,5.4242],[-75.13023,5.42514],[-75.13105,5.42308],[-75.12834,5.4232],[-75.12727,5.42386],[-75.12727,5.42464],[-75.12984,5.42613],[-75.12985,5.42652],[-75.12793,5.42649],[-75.12656,5.4259],[-75.12554,5.42363],[-75.1247,5.42297],[-75.12399,5.42512],[-75.12262,5.42572],[-75.12262,5.42614],[-75.12477,5.42602],[-75.1253,5.42674],[-75.12435,5.42937],[-75.12227,5.42997],[-75.12263,5.43153],[-75.12412,5.43134],[-75.12596,5.42745],[-75.12668,5.42757],[-75.12704,5.42895],[-75.12829,5.42871],[-75.12889,5.42972],[-75.12877,5.43098],[-75.1277,5.43193],[-75.12931,5.43229],[-75.12979,5.43319],[-75.12979,5.43379],[-75.12872,5.43415],[-75.12848,5.43492],[-75.13057,5.43528],[-75.13063,5.43582],[-75.12986,5.4363],[-75.12968,5.43815],[-75.13099,5.43863],[-75.131,5.43959],[-75.12891,5.43965],[-75.12855,5.44114],[-75.12784,5.44198],[-75.12527,5.44181],[-75.12509,5.44282],[-75.1279,5.44467],[-75.1282,5.44611],[-75.12868,5.44617],[-75.12874,5.44563],[-75.1294,5.44527],[-75.13074,5.44533],[-75.13002,5.44722],[-75.13119,5.44732],[-75.1304,5.4477],[-75.12878,5.45091],[-75.12745,5.45255],[-75.12753,5.4544],[-75.12676,5.45627],[-75.12584,5.45669],[-75.1259,5.45519],[-75.12506,5.45448],[-75.12273,5.45496],[-75.12238,5.45604],[-75.12136,5.45604],[-75.12101,5.45759],[-75.12143,5.45939],[-75.1222,5.45958],[-75.12019,5.46087],[-75.12005,5.46179]],[[-75.12559,5.45335],[-75.12618,5.45066],[-75.12499,5.44964],[-75.12403,5.44964],[-75.12344,5.4512],[-75.12195,5.45114],[-75.12165,5.45055],[-75.12093,5.45049],[-75.12051,5.45121],[-75.12051,5.4515],[-75.1223,5.45168],[-75.1232,5.45317],[-75.12559,5.45335]],[[-75.12804,5.42284],[-75.12888,5.42236],[-75.1314,5.4223],[-75.13137,5.42133],[-75.13062,5.42076],[-75.1304,5.42115],[-75.12726,5.42105],[-75.12697,5.42147],[-75.12482,5.42171],[-75.12667,5.42195],[-75.12804,5.42284]]]]},"properties":{"cobertura":"Bosque fragmentado con pastos y cultivos","bioma":"Orobioma andino cordillera central","clima":"Pluvial","suelo":"Asociacion SANTA ISABEL - Pensilvania","ecosistema":"Bosque Pluvial del Orobioma andino cordillera central","area_ha":592.7415}},{"type":"Feature","id":77,"geometry":{"type":"MultiPolygon","coordinates":[[[[-75.01959,5.42625],[-75.01757,5.4261],[-75.01487,5.42381],[-75.01389,5.42138],[-75.01135,5.41856],[-75.01142,5.41808],[-75.01264,5.4189],[-75.01516,5.42332],[-75.01569,5.42308],[-75.01551,5.41943],[-75.01342,5.41901],[-75.01318,5.41764],[-75.01156,5.41698],[-75.01175,5.4155],[-75.00944,5.41584],[-75.00904,5.4154],[-75.01084,5.41278],[-75.01168,5.41002],[-75.0114,5.40787],[-75.01037,5.40652],[-75.01143,5.40718],[-75.0134,5.41063],[-75.01559,5.41117],[-75.01684,5.41003],[-75.01684,5.40883],[-75.01743,5.40812],[-75.01988,5.40865],[-75.02024,5.40763],[-75.02155,5.40673],[-75.02382,5.40655],[-75.02435,5.40691],[-75.02436,5.40864],[-75.02369,5.409],[-75.02322,5.41149],[-75.02155,5.41419],[-75.0218,5.41624],[-75.02121,5.4181],[-75.02043,5.41876],[-75.01936,5.4187],[-75.01859,5.41942],[-75.01754,5.42188],[-75.01796,5.42475],[-75.01874,5.42493],[-75.01959,5.42625]]],[[[-75.02502,5.42617],[-75.02529,5.42597],[-75.02595,5.42603],[-75.02558,5.42627],[-75.02502,5.42617]]]]},"properties":{"cobertura":"Bosque fragmentado con pastos y cultivos","bioma":"Orobioma subandino cordillera central","clima":"Muy Hemedo","suelo":"Asociacion AZUFRADO - Rio Samana","ecosistema":"Bosque Muy Humedo del Orobioma subandino cordillera central","area_ha":165.5445}},{"type":"Feature","id":78,"geometry":{"type":"Polygon","coordinates":[[[-75.13327,5.41932],[-75.13364,5.42001],[-75.13367,5.42345],[-75.13334,5.42373],[-75.13295,5.42327],[-75.13309,5.42136],[-75.1323,5.42119],[-75.13194,5.42061],[-75.13194,5.41982],[-75.13327,5.41932]]]},"properties":{"cobertura":"Pastos enmalezados","bioma":"Orobioma andino cordillera central","clima":"Pluvial","suelo":"Asociacion SANTA ISABEL - Pensilvania","ecosistema":"Pastos enmalezados","area_ha":4.8196}},{"type":"Feature","id":79,"geometry":{"type":"Polygon","coordinates":[[[-75.13622,5.42897],[-75.13554,5.42825],[-75.13663,5.42584],[-75.13743,5.42663],[-75.13693,5.42886],[-75.13622,5.42897]]]},"properties":{"cobertura":"Pastos enmalezados","bioma":"Orobioma andino cordillera central","clima":"Pluvial","suelo":"Asociacion SANTA ISABEL - Pensilvania","ecosistema":"Pastos enmalezados","area_ha":4.2032}},{"type":"Feature","id":80,"geometry":{"type":"Polygon","coordinates":[[[-75.13622,5.42897],[-75.13693,5.42886],[-75.13736,5.42677],[-75.1384,5.42717],[-75.13851,5.42774],[-75.13786,5.42871],[-75.13812,5.43],[-75.13855,5.43025],[-75.13941,5.42986],[-75.1407,5.43111],[-75.14249,5.43129],[-75.1431,5.43093],[-75.14392,5.43146],[-75.14333,5.43332],[-75.14217,5.43405],[-75.14292,5.43222],[-75.1417,5.43326],[-75.13991,5.43194],[-75.13873,5.43208],[-75.13905,5.43108],[-75.13687,5.43094],[-75.13622,5.42897]]]},"properties":{"cobertura":"Pastos limpios","bioma":"Orobioma andino cordillera central","clima":"Pluvial","suelo":"Asociacion SANTA ISABEL - Pensilvania","ecosistema":"Pastos limpios","area_ha":18.9078}},{"type":"Feature","id":81,"geometry":{"type":"Polygon","coordinates":[[[-75.10223,5.43243],[-75.10026,5.4319],[-75.10067,5.4294],[-75.10019,5.42892],[-75.09942,5.42886],[-75.09864,5.4297],[-75.09703,5.42941],[-75.09685,5.4279],[-75.09771,5.42665],[-75.09746,5.42618],[-75.09929,5.42677],[-75.10001,5.42605],[-75.10072,5.42599],[-75.09994,5.423],[-75.09792,5.4239],[-75.0972,5.42468],[-75.09649,5.42468],[-75.09601,5.42373],[-75.09411,5.4245],[-75.09364,5.42345],[-75.09272,5.42311],[-75.09172,5.42367],[-75.09028,5.42345],[-75.09164,5.42183],[-75.09083,5.42179],[-75.09063,5.42122],[-75.09141,5.42116],[-75.09272,5.42277],[-75.09451,5.42199],[-75.09475,5.42098],[-75.09308,5.42056],[-75.09272,5.41901],[-75.09349,5.41847],[-75.09463,5.41847],[-75.09701,5.41882],[-75.09803,5.41966],[-75.09964,5.41995],[-75.10203,5.42138],[-75.1022,5.41899],[-75.0997,5.41906],[-75.09946,5.41864],[-75.09946,5.41774],[-75.1013,5.41606],[-75.10196,5.41606],[-75.10232,5.41779],[-75.10304,5.41779],[-75.10328,5.4172],[-75.10405,5.41737],[-75.10459,5.41977],[-75.10382,5.42036],[-75.1037,5.42108],[-75.10591,5.42174],[-75.107,5.41798],[-75.10648,5.41677],[-75.10483,5.41574],[-75.10655,5.41519],[-75.1082,5.4154],[-75.10699,5.41397],[-75.10567,5.4142],[-75.10582,5.4132],[-75.10684,5.4125],[-75.10644,5.41169],[-75.10695,5.41129],[-75.10952,5.41143],[-75.11025,5.41084],[-75.11176,5.41234],[-75.11297,5.41234],[-75.11477,5.41425],[-75.11529,5.41403],[-75.11499,5.41183],[-75.11532,5.41186],[-75.11576,5.41245],[-75.11569,5.4155],[-75.11419,5.41558],[-75.11415,5.41628],[-75.1136,5.41668],[-75.11158,5.41658],[-75.11015,5.41702],[-75.10975,5.41698],[-75.10931,5.4161],[-75.10788,5.41625],[-75.10805,5.41868],[-75.10871,5.42053],[-75.10866,5.42257],[-75.10776,5.42287],[-75.10764,5.42359],[-75.10711,5.42395],[-75.10561,5.42389],[-75.10586,5.42658],[-75.10401,5.42628],[-75.10335,5.4273],[-75.1021,5.42778],[-75.1021,5.42826],[-75.10294,5.42868],[-75.10526,5.42838],[-75.10622,5.42796],[-75.10622,5.42652],[-75.10669,5.42658],[-75.1089,5.42819],[-75.1089,5.42867],[-75.10801,5.42867],[-75.10855,5.43046],[-75.11076,5.43022],[-75.11124,5.43177],[-75.10903,5.43244],[-75.10658,5.43256],[-75.10461,5.43161],[-75.10276,5.43161],[-75.10223,5.43243]]]},"properties":{"cobertura":"Pastos limpios","bioma":"Orobioma andino cordillera central","clima":"Pluvial","suelo":"Asociacion SANTA ISABEL - Pensilvania","ecosistema":"Pastos limpios","area_ha":225.6712}},{"type":"Feature","id":82,"geometry":{"type":"Polygon","coordinates":[[[-75.12763,5.42285],[-75.12667,5.42195],[-75.12482,5.42171],[-75.12697,5.42147],[-75.12726,5.42105],[-75.1304,5.42115],[-75.13062,5.42076],[-75.13137,5.42133],[-75.1314,5.4223],[-75.12888,5.42236],[-75.12763,5.42285]]]},"properties":{"cobertura":"Pastos limpios","bioma":"Orobioma andino cordillera central","clima":"Pluvial","suelo":"Asociacion SANTA ISABEL - Pensilvania","ecosistema":"Pastos limpios","area_ha":8.6104}},{"type":"Feature","id":83,"geometry":{"type":"Polygon","coordinates":[[[-75.11181,5.4203],[-75.11049,5.41935],[-75.11043,5.41869],[-75.11132,5.41713],[-75.11252,5.41701],[-75.11324,5.41797],[-75.11556,5.41838],[-75.11753,5.4173],[-75.11998,5.41742],[-75.11998,5.41646],[-75.11896,5.4158],[-75.11818,5.41574],[-75.11729,5.4167],[-75.11663,5.41664],[-75.11657,5.41623],[-75.11872,5.41198],[-75.12039,5.41138],[-75.12086,5.41036],[-75.12158,5.41036],[-75.12223,5.41101],[-75.12492,5.41095],[-75.12462,5.41167],[-75.12277,5.41209],[-75.12343,5.41281],[-75.12498,5.4128],[-75.12558,5.41167],[-75.12683,5.41208],[-75.12588,5.41316],[-75.12492,5.41334],[-75.12367,5.4143],[-75.12385,5.41514],[-75.12761,5.41525],[-75.12989,5.41422],[-75.13089,5.41425],[-75.12982,5.41533],[-75.13118,5.41587],[-75.131,5.41648],[-75.13154,5.41737],[-75.1305,5.41773],[-75.13025,5.41827],[-75.13207,5.41859],[-75.13129,5.41936],[-75.12858,5.41985],[-75.12833,5.41854],[-75.12756,5.41806],[-75.1275,5.41908],[-75.12655,5.42028],[-75.12434,5.4201],[-75.12333,5.42082],[-75.12225,5.42094],[-75.11688,5.41904],[-75.11521,5.41922],[-75.11473,5.42095],[-75.11432,5.42119],[-75.11348,5.42119],[-75.113,5.42042],[-75.11181,5.4203]]]},"properties":{"cobertura":"Pastos limpios","bioma":"Orobioma andino cordillera central","clima":"Pluvial","suelo":"Asociacion SANTA ISABEL - Pensilvania","ecosistema":"Pastos limpios","area_ha":129.6981}},{"type":"Feature","id":84,"geometry":{"type":"Polygon","coordinates":[[[-75.12986,5.42619],[-75.12739,5.42482],[-75.12727,5.42386],[-75.12834,5.4232],[-75.13091,5.42302],[-75.13077,5.42427],[-75.13012,5.4251],[-75.1322,5.4242],[-75.13349,5.42492],[-75.13476,5.42489],[-75.13637,5.42642],[-75.13565,5.42777],[-75.13424,5.42549],[-75.13227,5.42661],[-75.13091,5.42564],[-75.12988,5.42564],[-75.12986,5.42619]]]},"properties":{"cobertura":"Pastos limpios","bioma":"Orobioma andino cordillera central","clima":"Pluvial","suelo":"Asociacion SANTA ISABEL - Pensilvania","ecosistema":"Pastos limpios","area_ha":19.503}},{"type":"Feature","id":85,"geometry":{"type":"Polygon","coordinates":[[[-75.12632,5.41256],[-75.12683,5.41208],[-75.12611,5.41178],[-75.12599,5.41089],[-75.12492,5.40926],[-75.12599,5.40954],[-75.12581,5.4103],[-75.12726,5.41139],[-75.12746,5.41019],[-75.12796,5.40986],[-75.12951,5.41165],[-75.13071,5.41228],[-75.13071,5.4126],[-75.12688,5.41299],[-75.12632,5.41256]]]},"properties":{"cobertura":"Pastos enmalezados","bioma":"Orobioma andino cordillera central","clima":"Pluvial","suelo":"Asociacion SANTA ISABEL - Pensilvania","ecosistema":"Pastos enmalezados","area_ha":10.4846}},{"type":"Feature","id":86,"geometry":{"type":"Polygon","coordinates":[[[-75.1151,5.42447],[-75.11623,5.42376],[-75.11605,5.42197],[-75.11652,5.42107],[-75.11563,5.42035],[-75.11592,5.41987],[-75.11813,5.42017],[-75.12058,5.4213],[-75.12213,5.4213],[-75.12285,5.42196],[-75.11999,5.42298],[-75.12005,5.42555],[-75.11862,5.42537],[-75.11665,5.42436],[-75.11581,5.42442],[-75.11534,5.42508],[-75.1151,5.42447]]]},"properties":{"cobertura":"Pastos limpios","bioma":"Orobioma andino cordillera central","clima":"Pluvial","suelo":"Asociacion SANTA ISABEL - Pensilvania","ecosistema":"Pastos limpios","area_ha":27.0329}},{"type":"Feature","id":87,"geometry":{"type":"Polygon","coordinates":[[[-75.0921,5.41871],[-75.09231,5.41802],[-75.09366,5.41706],[-75.09383,5.41847],[-75.09272,5.41901],[-75.0921,5.41871]]]},"properties":{"cobertura":"Cafe con semisombra","bioma":"Orobioma andino cordillera central","clima":"Muy Hcmedo","suelo":"Asociacion SANTA ISABEL - Pensilvania","ecosistema":"Cafe con semisombra","area_ha":2.1195}},{"type":"Feature","id":88,"geometry":{"type":"Polygon","coordinates":[[[-75.09738,5.41432],[-75.09599,5.41345],[-75.0955,5.41235],[-75.09332,5.41013],[-75.09364,5.40945],[-75.0958,5.40992],[-75.09687,5.41112],[-75.09762,5.40983],[-75.09839,5.40947],[-75.09941,5.40935],[-75.10036,5.40995],[-75.10037,5.41258],[-75.09882,5.4124],[-75.09804,5.41408],[-75.09738,5.41432]]]},"properties":{"cobertura":"Cafe con semisombra","bioma":"Orobioma andino cordillera central","clima":"Muy Hcmedo","suelo":"Asociacion SANTA ISABEL - Pensilvania","ecosistema":"Cafe con semisombra","area_ha":24.4536}},{"type":"Feature","id":89,"geometry":{"type":"Polygon","coordinates":[[[-75.09685,5.4279],[-75.09739,5.42971],[-75.09864,5.4297],[-75.09942,5.42886],[-75.10067,5.4294],[-75.10026,5.4319],[-75.09687,5.43084],[-75.09527,5.43097],[-75.09522,5.43037],[-75.09618,5.42941],[-75.09685,5.4279]]]},"properties":{"cobertura":"Mosaico de cultivos, pastos y espacios naturales","bioma":"Orobioma andino cordillera central","clima":"Muy Hcmedo","suelo":"Asociacion AZUFRADO - Rio Samana","ecosistema":"Mosaico de cultivos, pastos y espacios naturales","area_ha":12.8103}},{"type":"Feature","id":90,"geometry":{"type":"Polygon","coordinates":[[[-75.09929,5.42677],[-75.09523,5.42591],[-75.09497,5.42506],[-75.09411,5.4245],[-75.09601,5.42373],[-75.09649,5.42468],[-75.0972,5.42468],[-75.09792,5.4239],[-75.09994,5.423],[-75.10072,5.42599],[-75.10001,5.42605],[-75.09929,5.42677]]]},"properties":{"cobertura":"Mosaico de cultivos, pastos y espacios naturales","bioma":"Orobioma andino cordillera central","clima":"Muy Hcmedo","suelo":"Asociacion SANTA ISABEL - Pensilvania","ecosistema":"Mosaico de cultivos, pastos y espacios naturales","area_ha":16.5647}},{"type":"Feature","id":91,"geometry":{"type":"Polygon","coordinates":[[[-75.09054,5.42146],[-75.09,5.421],[-75.0913,5.42018],[-75.0921,5.41871],[-75.09272,5.41901],[-75.09308,5.42056],[-75.09463,5.42086],[-75.09481,5.42176],[-75.09272,5.42277],[-75.09141,5.42116],[-75.09054,5.42146]]]},"properties":{"cobertura":"Mosaico de pastos y cultivos","bioma":"Orobioma andino cordillera central","clima":"Muy Hcmedo","suelo":"Asociacion SANTA ISABEL - Pensilvania","ecosistema":"Mosaico de pastos y cultivos","area_ha":9.9914}},{"type":"Feature","id":92,"geometry":{"type":"MultiPolygon","coordinates":[[[[-75.09847,5.38608],[-75.09945,5.38666],[-75.10034,5.38761],[-75.09895,5.38719],[-75.09847,5.38608]]],[[[-75.10047,5.38773],[-75.10035,5.38762],[-75.10047,5.38773],[-75.10047,5.38773]]],[[[-75.10118,5.38844],[-75.10106,5.38828],[-75.10124,5.38844],[-75.10118,5.38844]]],[[[-75.1013,5.3885],[-75.10124,5.38845],[-75.10131,5.3885],[-75.1013,5.3885]]],[[[-75.09687,5.41088],[-75.0952,5.40969],[-75.09364,5.40945],[-75.0927,5.41046],[-75.09173,5.41046],[-75.09107,5.40989],[-75.08963,5.40822],[-75.09017,5.4064],[-75.09134,5.40563],[-75.09062,5.40455],[-75.09161,5.40371],[-75.09094,5.40272],[-75.08954,5.40297],[-75.08883,5.40261],[-75.08817,5.40153],[-75.09008,5.40123],[-75.09055,5.39944],[-75.09336,5.39979],[-75.09413,5.39919],[-75.09347,5.398],[-75.09139,5.39848],[-75.09001,5.39818],[-75.09001,5.39752],[-75.09126,5.39668],[-75.09174,5.39579],[-75.09359,5.395],[-75.09135,5.39351],[-75.09275,5.39166],[-75.09424,5.39177],[-75.09239,5.3895],[-75.09292,5.38789],[-75.09292,5.38562],[-75.09387,5.38603],[-75.09417,5.38753],[-75.09578,5.38717],[-75.09721,5.38806],[-75.09656,5.38818],[-75.09698,5.38998],[-75.09549,5.39076],[-75.09597,5.39249],[-75.09579,5.39363],[-75.09669,5.39452],[-75.09615,5.39524],[-75.09508,5.39554],[-75.09508,5.3959],[-75.09676,5.39763],[-75.09533,5.40194],[-75.09587,5.40397],[-75.09682,5.40337],[-75.09772,5.40343],[-75.09993,5.40582],[-75.09987,5.40672],[-75.09815,5.40875],[-75.10089,5.40851],[-75.10161,5.40934],[-75.10268,5.4094],[-75.10232,5.40833],[-75.10256,5.40587],[-75.10351,5.40474],[-75.10458,5.40426],[-75.10518,5.40156],[-75.10673,5.4015],[-75.10625,5.39971],[-75.10711,5.39844],[-75.10932,5.40069],[-75.11061,5.40111],[-75.11216,5.40433],[-75.10995,5.40455],[-75.10894,5.4055],[-75.10799,5.40772],[-75.10978,5.40784],[-75.1105,5.40622],[-75.11175,5.4058],[-75.11393,5.4058],[-75.11437,5.40681],[-75.11432,5.40753],[-75.11348,5.40813],[-75.11247,5.4101],[-75.10847,5.40999],[-75.1065,5.41041],[-75.10615,5.41083],[-75.10483,5.41012],[-75.10644,5.4091],[-75.1065,5.40826],[-75.10549,5.40814],[-75.10316,5.41006],[-75.10119,5.40935],[-75.10001,5.40964],[-75.09881,5.40935],[-75.09762,5.40983],[-75.09687,5.41088]]]]},"properties":{"cobertura":"Mosaico de pastos con espacios naturales","bioma":"Orobioma andino cordillera central","clima":"Pluvial","suelo":"Asociacion SANTA ISABEL - Pensilvania","ecosistema":"Mosaico de pastos con espacios naturales","area_ha":250.8567}},{"type":"Feature","id":93,"geometry":{"type":"Polygon","coordinates":[[[-75.12053,5.41111],[-75.12064,5.40907],[-75.12219,5.40847],[-75.12219,5.40811],[-75.11975,5.40794],[-75.11855,5.4086],[-75.11766,5.40854],[-75.11796,5.40782],[-75.12019,5.40695],[-75.12172,5.40692],[-75.12389,5.40721],[-75.12361,5.40802],[-75.12527,5.40786],[-75.12631,5.40832],[-75.1261,5.40875],[-75.12506,5.40829],[-75.12309,5.40874],[-75.12394,5.40917],[-75.12456,5.40886],[-75.12599,5.41089],[-75.12611,5.41178],[-75.12558,5.41167],[-75.12498,5.4128],[-75.12343,5.41281],[-75.12277,5.41233],[-75.12289,5.41197],[-75.12486,5.41149],[-75.12474,5.41083],[-75.12223,5.41101],[-75.12158,5.41036],[-75.12086,5.41036],[-75.12053,5.41111]]]},"properties":{"cobertura":"Mosaico de pastos con espacios naturales","bioma":"Orobioma andino cordillera central","clima":"Pluvial","suelo":"Asociacion SANTA ISABEL - Pensilvania","ecosistema":"Mosaico de pastos con espacios naturales","area_ha":24.6923}},{"type":"Feature","id":94,"geometry":{"type":"MultiPolygon","coordinates":[[[[-75.12345,5.40721],[-75.12172,5.40692],[-75.1236,5.40712],[-75.12345,5.40721]]],[[[-75.10823,5.40784],[-75.10799,5.4073],[-75.1087,5.40592],[-75.10995,5.40455],[-75.11216,5.40433],[-75.11384,5.40556],[-75.11073,5.40604],[-75.10978,5.40784],[-75.10823,5.40784]]],[[[-75.1201,5.41152],[-75.11898,5.41045],[-75.11605,5.41058],[-75.11563,5.41022],[-75.11563,5.40968],[-75.11641,5.4092],[-75.11652,5.40776],[-75.11768,5.40642],[-75.12019,5.40695],[-75.11796,5.40782],[-75.11766,5.40854],[-75.11855,5.4086],[-75.11975,5.40794],[-75.12219,5.40811],[-75.12219,5.40847],[-75.12064,5.40907],[-75.12053,5.41111],[-75.1201,5.41152]]]]},"properties":{"cobertura":"Pastos limpios","bioma":"Orobioma andino cordillera central","clima":"Pluvial","suelo":"Asociacion SANTA ISABEL - Pensilvania","ecosistema":"Pastos limpios","area_ha":30.8498}},{"type":"Feature","id":95,"geometry":{"type":"Polygon","coordinates":[[[-75.0984,5.41324],[-75.09894,5.41234],[-75.10037,5.41258],[-75.10048,5.41012],[-75.10001,5.40965],[-75.1003,5.40947],[-75.10119,5.40935],[-75.10316,5.41006],[-75.10501,5.40832],[-75.10656,5.40832],[-75.10644,5.4091],[-75.10483,5.40994],[-75.10615,5.41089],[-75.10388,5.41395],[-75.10437,5.4161],[-75.10592,5.41807],[-75.10574,5.41885],[-75.10287,5.41562],[-75.10007,5.41509],[-75.09989,5.41413],[-75.1009,5.41317],[-75.10215,5.41299],[-75.10227,5.41209],[-75.10161,5.41198],[-75.09929,5.41335],[-75.0984,5.41324]]]},"properties":{"cobertura":"Pastos limpios","bioma":"Orobioma andino cordillera central","clima":"Pluvial","suelo":"Asociacion SANTA ISABEL - Pensilvania","ecosistema":"Pastos limpios","area_ha":38.9385}},{"type":"Feature","id":96,"geometry":{"type":"Polygon","coordinates":[[[-75.06726,5.43061],[-75.06711,5.43018],[-75.06782,5.42967],[-75.06763,5.42815],[-75.06842,5.42896],[-75.06907,5.42788],[-75.06954,5.42399],[-75.06996,5.42399],[-75.0707,5.4259],[-75.0702,5.4262],[-75.07086,5.42818],[-75.07015,5.42943],[-75.06925,5.4295],[-75.06925,5.42994],[-75.06875,5.42989],[-75.06847,5.43047],[-75.06726,5.43061]]]},"properties":{"cobertura":"Pastos limpios","bioma":"Orobioma andino cordillera central","clima":"Pluvial","suelo":"Asociacion AZUFRADO - Libano","ecosistema":"Pastos limpios","area_ha":11.5245}},{"type":"Feature","id":97,"geometry":{"type":"Polygon","coordinates":[[[-75.06981,5.43056],[-75.06925,5.4295],[-75.07033,5.42925],[-75.07086,5.42818],[-75.0702,5.4262],[-75.0707,5.4259],[-75.07094,5.4276],[-75.07155,5.42814],[-75.07122,5.42967],[-75.07211,5.43015],[-75.06981,5.43056]]]},"properties":{"cobertura":"Mosaico de cultivos, pastos y espacios naturales","bioma":"Orobioma andino cordillera central","clima":"Pluvial","suelo":"Asociacion AZUFRADO - Libano","ecosistema":"Mosaico de cultivos, pastos y espacios naturales","area_ha":5.7108}},{"type":"Feature","id":98,"geometry":{"type":"Polygon","coordinates":[[[-75.09131,5.42367],[-75.0898,5.42368],[-75.08968,5.42326],[-75.09051,5.42146],[-75.09164,5.42183],[-75.09028,5.42345],[-75.09131,5.42367]]]},"properties":{"cobertura":"Pastos limpios","bioma":"Orobioma subandino cordillera central","clima":"Muy Hsmedo","suelo":"Asociacion AZUFRADO - Rio Samana","ecosistema":"Pastos limpios","area_ha":2.1842}},{"type":"Feature","id":99,"geometry":{"type":"Polygon","coordinates":[[[-75.09172,5.42367],[-75.09272,5.42311],[-75.09364,5.42345],[-75.09411,5.4245],[-75.09314,5.42451],[-75.09172,5.42367]]]},"properties":{"cobertura":"Pastos limpios","bioma":"Orobioma subandino cordillera central","clima":"Muy Hsmedo","suelo":"Asociacion SANTA ISABEL - Pensilvania","ecosistema":"Pastos limpios","area_ha":2.1145}},{"type":"Feature","id":100,"geometry":{"type":"Polygon","coordinates":[[[-75.09746,5.42618],[-75.09771,5.42665],[-75.09685,5.4279],[-75.09691,5.42636],[-75.09746,5.42618]]]},"properties":{"cobertura":"Pastos limpios","bioma":"Orobioma subandino cordillera central","clima":"Muy Hsmedo","suelo":"Asociacion SANTA ISABEL - Pensilvania","ecosistema":"Pastos limpios","area_ha":1.0286}},{"type":"Feature","id":101,"geometry":{"type":"Polygon","coordinates":[[[-75.10026,5.4319],[-75.10251,5.43259],[-75.10435,5.4325],[-75.10654,5.43357],[-75.10335,5.43394],[-75.10169,5.4347],[-75.10175,5.43364],[-75.10026,5.4319]]]},"properties":{"cobertura":"Pastos limpios","bioma":"Orobioma subandino cordillera central","clima":"Muy Hsmedo","suelo":"Asociacion SANTA ISABEL - Pensilvania","ecosistema":"Pastos limpios","area_ha":9.0248}},{"type":"Feature","id":102,"geometry":{"type":"Polygon","coordinates":[[[-75.07908,5.40454],[-75.07856,5.40202],[-75.07797,5.40119],[-75.0763,5.40025],[-75.07518,5.39838],[-75.07624,5.39946],[-75.07684,5.39946],[-75.07779,5.39904],[-75.0785,5.3979],[-75.08011,5.39718],[-75.08083,5.3973],[-75.08107,5.39855],[-75.08173,5.39801],[-75.0831,5.39813],[-75.08435,5.39729],[-75.08686,5.39717],[-75.08805,5.39902],[-75.08764,5.39944],[-75.08764,5.40123],[-75.08997,5.40324],[-75.09062,5.40455],[-75.08996,5.40488],[-75.08967,5.40679],[-75.08794,5.4068],[-75.08597,5.40841],[-75.08585,5.40901],[-75.08854,5.40907],[-75.08914,5.4102],[-75.09087,5.4111],[-75.09183,5.4111],[-75.09332,5.41013],[-75.0955,5.41235],[-75.09599,5.41345],[-75.09738,5.41432],[-75.09638,5.41551],[-75.09438,5.41543],[-75.09366,5.41706],[-75.09231,5.41802],[-75.0921,5.41871],[-75.0913,5.41803],[-75.09064,5.41612],[-75.08861,5.4166],[-75.08718,5.41535],[-75.0864,5.41535],[-75.0861,5.41601],[-75.08551,5.41601],[-75.08425,5.41404],[-75.08419,5.41123],[-75.08329,5.41057],[-75.08078,5.41016],[-75.08066,5.4089],[-75.08174,5.40842],[-75.08191,5.4074],[-75.08078,5.40621],[-75.0806,5.40489],[-75.07908,5.40454]]]},"properties":{"cobertura":"Cafe con semisombra","bioma":"Orobioma subandino cordillera central","clima":"Muy Hcmedo","suelo":"Asociacion AZUFRADO - Libano","ecosistema":"Cafe con semisombra","area_ha":224.1243}},{"type":"Feature","id":103,"geometry":{"type":"Polygon","coordinates":[[[-75.08557,5.42977],[-75.08542,5.42804],[-75.08176,5.42576],[-75.08106,5.42446],[-75.08189,5.42264],[-75.08193,5.42056],[-75.08013,5.41888],[-75.08019,5.41704],[-75.07862,5.41449],[-75.07915,5.41253],[-75.07844,5.41084],[-75.07977,5.40586],[-75.07908,5.40454],[-75.0806,5.40489],[-75.08078,5.40621],[-75.08191,5.4074],[-75.08174,5.40842],[-75.08066,5.4089],[-75.08078,5.41016],[-75.08329,5.41057],[-75.08419,5.41123],[-75.08425,5.41404],[-75.08539,5.41589],[-75.0861,5.41601],[-75.0864,5.41535],[-75.08718,5.41535],[-75.08861,5.4166],[-75.09064,5.41612],[-75.0913,5.41803],[-75.0921,5.41871],[-75.0913,5.42018],[-75.09,5.421],[-75.09054,5.42146],[-75.08968,5.42326],[-75.0898,5.42368],[-75.09035,5.42368],[-75.09024,5.42641],[-75.0912,5.4276],[-75.09102,5.42874],[-75.08977,5.42892],[-75.08839,5.42833],[-75.08714,5.42833],[-75.08557,5.42977]]]},"properties":{"cobertura":"Mosaico de pastos y cultivos","bioma":"Orobioma subandino cordillera central","clima":"Muy Hcmedo","suelo":"Asociacion AZUFRADO - Libano","ecosistema":"Mosaico de pastos y cultivos","area_ha":190.898}},{"type":"Feature","id":104,"geometry":{"type":"Polygon","coordinates":[[[-75.09062,5.40455],[-75.09134,5.40563],[-75.09017,5.4064],[-75.08963,5.40822],[-75.09173,5.41046],[-75.09332,5.41013],[-75.09183,5.4111],[-75.09087,5.4111],[-75.08914,5.4102],[-75.08896,5.40943],[-75.08824,5.40895],[-75.08585,5.40901],[-75.08597,5.40841],[-75.08794,5.4068],[-75.08967,5.40679],[-75.08996,5.40488],[-75.09062,5.40455]]]},"properties":{"cobertura":"Mosaico de pastos con espacios naturales","bioma":"Orobioma subandino cordillera central","clima":"Muy Hcmedo","suelo":"Asociacion SANTA ISABEL - Pensilvania","ecosistema":"Mosaico de pastos con espacios naturales","area_ha":16.1737}},{"type":"Feature","id":105,"geometry":{"type":"MultiPolygon","coordinates":[[[[-75.00998,5.40449],[-75.00999,5.40419],[-75.00999,5.40449],[-75.00998,5.40449]]],[[[-75.01011,5.40604],[-75.00996,5.40515],[-75.01113,5.40484],[-75.01113,5.40562],[-75.01011,5.40604]]]]},"properties":{"cobertura":"Pastos limpios","bioma":"Orobioma subandino cordillera central","clima":"Muy Hsmedo","suelo":"Consociacion FLORENCIA","ecosistema":"Pastos limpios","area_ha":1.3873}},{"type":"Feature","id":106,"geometry":{"type":"Polygon","coordinates":[[[-75.01142,5.41808],[-75.01156,5.41698],[-75.01228,5.4171],[-75.01318,5.41764],[-75.01354,5.41913],[-75.01551,5.41943],[-75.01551,5.42326],[-75.01504,5.4232],[-75.01264,5.4189],[-75.01142,5.41808]]]},"properties":{"cobertura":"Mosaico de pastos con espacios naturales","bioma":"Orobioma subandino cordillera central","clima":"Muy Hcmedo","suelo":"Consociacion FLORENCIA","ecosistema":"Mosaico de pastos con espacios naturales","area_ha":11.1474}},{"type":"Feature","id":107,"geometry":{"type":"Polygon","coordinates":[[[-75.02595,5.42603],[-75.02212,5.42545],[-75.0208,5.42342],[-75.01949,5.42294],[-75.01883,5.42181],[-75.01757,5.42181],[-75.01859,5.41942],[-75.01936,5.4187],[-75.02043,5.41876],[-75.02121,5.4181],[-75.0218,5.41624],[-75.02155,5.41419],[-75.02322,5.41149],[-75.02369,5.409],[-75.02436,5.40864],[-75.02435,5.40691],[-75.02382,5.40655],[-75.02155,5.40673],[-75.02024,5.40763],[-75.01988,5.40865],[-75.01743,5.40812],[-75.01684,5.40883],[-75.01684,5.41003],[-75.01571,5.41117],[-75.0134,5.41063],[-75.01308,5.40968],[-75.01481,5.40931],[-75.01553,5.4083],[-75.01528,5.40363],[-75.01718,5.4007],[-75.01898,5.40106],[-75.01922,5.40249],[-75.0185,5.40333],[-75.01719,5.40375],[-75.01654,5.40584],[-75.01773,5.40716],[-75.01988,5.40703],[-75.02101,5.40368],[-75.02184,5.4038],[-75.02232,5.40488],[-75.02352,5.40506],[-75.02495,5.40463],[-75.0262,5.40344],[-75.02511,5.40289],[-75.02475,5.40217],[-75.02475,5.4008],[-75.02528,5.39978],[-75.0272,5.40068],[-75.02911,5.40061],[-75.02911,5.40019],[-75.02713,5.39894],[-75.02725,5.39727],[-75.02791,5.39613],[-75.02982,5.39643],[-75.03071,5.39601],[-75.03244,5.39391],[-75.03411,5.39271],[-75.03441,5.3938],[-75.03495,5.39374],[-75.03518,5.39288],[-75.03741,5.39324],[-75.0389,5.39497],[-75.04009,5.39479],[-75.03974,5.39724],[-75.04189,5.39819],[-75.04249,5.39921],[-75.04195,5.39933],[-75.04141,5.39873],[-75.04046,5.39903],[-75.04028,5.3982],[-75.03861,5.39802],[-75.03741,5.39724],[-75.03633,5.39743],[-75.03674,5.39839],[-75.03626,5.39923],[-75.03543,5.39905],[-75.03435,5.39761],[-75.03298,5.39798],[-75.03292,5.39869],[-75.0343,5.40054],[-75.03478,5.40431],[-75.03317,5.40473],[-75.03287,5.40414],[-75.03192,5.40384],[-75.03233,5.40222],[-75.03114,5.4021],[-75.02983,5.40528],[-75.02823,5.40594],[-75.02668,5.40828],[-75.0243,5.4102],[-75.02294,5.4157],[-75.02306,5.41774],[-75.02407,5.41857],[-75.02384,5.42108],[-75.02521,5.42138],[-75.02581,5.42012],[-75.02569,5.41851],[-75.02348,5.41696],[-75.02347,5.41648],[-75.02413,5.416],[-75.02491,5.41642],[-75.0258,5.41618],[-75.02604,5.41516],[-75.02449,5.41415],[-75.02454,5.41295],[-75.02609,5.41157],[-75.02824,5.41103],[-75.02842,5.4127],[-75.02795,5.41432],[-75.02705,5.41498],[-75.02705,5.41629],[-75.02766,5.42078],[-75.02808,5.42149],[-75.02951,5.42209],[-75.02904,5.42417],[-75.02801,5.42416],[-75.02595,5.42603]]]},"properties":{"cobertura":"Pastos limpios","bioma":"Orobioma subandino cordillera central","clima":"Muy Hsmedo","suelo":"Consociacion FLORENCIA","ecosistema":"Pastos limpios","area_ha":287.7567}},{"type":"Feature","id":108,"geometry":{"type":"Polygon","coordinates":[[[-75.07814,5.40173],[-75.07861,5.40423],[-75.07962,5.40582],[-75.0792,5.40789],[-75.0787,5.40835],[-75.07831,5.4113],[-75.07704,5.4113],[-75.0768,5.41052],[-75.07501,5.41089],[-75.07352,5.41035],[-75.07244,5.40898],[-75.07334,5.4076],[-75.07513,5.40724],[-75.07614,5.40831],[-75.07763,5.40795],[-75.07709,5.4067],[-75.07572,5.40694],[-75.0753,5.40604],[-75.07441,5.40574],[-75.07482,5.40227],[-75.07553,5.40203],[-75.07715,5.40257],[-75.0775,5.40191],[-75.07814,5.40173]]]},"properties":{"cobertura":"Cafe con semisombra","bioma":"Orobioma subandino cordillera central","clima":"Muy Hcmedo","suelo":"Asociacion AZUFRADO - Libano","ecosistema":"Cafe con semisombra","area_ha":47.7127}},{"type":"Feature","id":109,"geometry":{"type":"MultiPolygon","coordinates":[[[[-75.02295,5.42581],[-75.02295,5.42581],[-75.02295,5.42581],[-75.02295,5.42581]]],[[[-75.02002,5.4264],[-75.01874,5.42493],[-75.01796,5.42475],[-75.01757,5.42181],[-75.01883,5.42181],[-75.01949,5.42294],[-75.0208,5.42342],[-75.02212,5.42545],[-75.02288,5.4258],[-75.02111,5.42583],[-75.02002,5.4264]]]]},"properties":{"cobertura":"Mosaico de cultivos, pastos y espacios naturales","bioma":"Orobioma subandino cordillera central","clima":"Muy Hcmedo","suelo":"Asociacion AZUFRADO - Rio Samana","ecosistema":"Mosaico de cultivos, pastos y espacios naturales","area_ha":14.3252}},{"type":"Feature","id":110,"geometry":{"type":"Polygon","coordinates":[[[-75.07319,5.43655],[-75.07324,5.43481],[-75.07406,5.43386],[-75.07804,5.43576],[-75.07565,5.4357],[-75.0747,5.43654],[-75.07319,5.43655]]]},"properties":{"cobertura":"Pastos enmalezados","bioma":"Orobioma subandino cordillera central","clima":"Muy Hsmedo","suelo":"Asociacion AZUFRADO - Rio Samana","ecosistema":"Pastos enmalezados","area_ha":8.433}},{"type":"Feature","id":111,"geometry":{"type":"Polygon","coordinates":[[[-75.06266,5.42253],[-75.06483,5.4231],[-75.06531,5.42472],[-75.06746,5.42573],[-75.0671,5.42645],[-75.06531,5.42711],[-75.06698,5.42735],[-75.0677,5.42788],[-75.06782,5.42967],[-75.06711,5.43018],[-75.06519,5.42789],[-75.06263,5.42777],[-75.06167,5.42717],[-75.06221,5.42646],[-75.06364,5.42645],[-75.06173,5.42562],[-75.06214,5.42436],[-75.06286,5.42394],[-75.0625,5.42341],[-75.06266,5.42253]]]},"properties":{"cobertura":"Pastos limpios","bioma":"Orobioma subandino cordillera central","clima":"Muy Hsmedo","suelo":"Asociacion AZUFRADO - Libano","ecosistema":"Pastos limpios","area_ha":27.0553}},{"type":"Feature","id":112,"geometry":{"type":"Polygon","coordinates":[[[-75.0707,5.4259],[-75.07042,5.42539],[-75.07018,5.42411],[-75.07163,5.42536],[-75.07158,5.42584],[-75.0707,5.4259]]]},"properties":{"cobertura":"Pastos limpios","bioma":"Orobioma subandino cordillera central","clima":"Muy Hsmedo","suelo":"Asociacion AZUFRADO - Libano","ecosistema":"Pastos limpios","area_ha":1.8388}},{"type":"Feature","id":113,"geometry":{"type":"Polygon","coordinates":[[[-75.05133,5.40866],[-75.05408,5.40979],[-75.05551,5.41093],[-75.05844,5.41152],[-75.05963,5.41223],[-75.06005,5.41265],[-75.05963,5.41361],[-75.0597,5.41529],[-75.05862,5.41493],[-75.05856,5.41415],[-75.05701,5.41451],[-75.05689,5.4129],[-75.05629,5.41248],[-75.05181,5.41081],[-75.05115,5.4101],[-75.05133,5.40866]]]},"properties":{"cobertura":"Pastos limpios","bioma":"Orobioma subandino cordillera central","clima":"Muy Hsmedo","suelo":"Consociacion FLORENCIA","ecosistema":"Pastos limpios","area_ha":21.9582}},{"type":"Feature","id":114,"geometry":{"type":"Polygon","coordinates":[[[-75.06266,5.42253],[-75.06185,5.4206],[-75.06006,5.42043],[-75.05958,5.4175],[-75.05857,5.4175],[-75.05839,5.41929],[-75.05744,5.42025],[-75.05493,5.42014],[-75.05298,5.42115],[-75.05241,5.41915],[-75.05083,5.41868],[-75.04816,5.4162],[-75.04806,5.41385],[-75.0471,5.4138],[-75.04601,5.41462],[-75.04457,5.4139],[-75.04428,5.4118],[-75.04361,5.41065],[-75.04251,5.40984],[-75.04251,5.40936],[-75.04385,5.40831],[-75.04308,5.40582],[-75.04384,5.4051],[-75.04389,5.4028],[-75.04188,5.40185],[-75.04183,5.40104],[-75.0424,5.40085],[-75.04255,5.4003],[-75.04392,5.39982],[-75.04457,5.39994],[-75.04535,5.40095],[-75.04607,5.40071],[-75.04636,5.3994],[-75.04606,5.39725],[-75.04773,5.39359],[-75.04904,5.39616],[-75.04954,5.40633],[-75.05026,5.40794],[-75.05133,5.40866],[-75.05139,5.41039],[-75.05247,5.41123],[-75.05378,5.41135],[-75.05659,5.41266],[-75.05701,5.41451],[-75.05856,5.41415],[-75.05862,5.41493],[-75.0597,5.41529],[-75.05963,5.41361],[-75.06011,5.41283],[-75.06101,5.41504],[-75.06566,5.41516],[-75.06764,5.41743],[-75.06693,5.41945],[-75.06601,5.41945],[-75.06601,5.41998],[-75.06686,5.42042],[-75.06525,5.42072],[-75.06502,5.42209],[-75.06433,5.42291],[-75.06266,5.42253]]]},"properties":{"cobertura":"Mosaico de pastos y cultivos","bioma":"Orobioma subandino cordillera central","clima":"Muy Hcmedo","suelo":"Asociacion AZUFRADO - Rio Samana","ecosistema":"Mosaico de pastos y cultivos","area_ha":275.4512}},{"type":"Feature","id":115,"geometry":{"type":"Polygon","coordinates":[[[-75.06226,5.43014],[-75.06059,5.42989],[-75.0603,5.42742],[-75.05848,5.4258],[-75.05848,5.42503],[-75.05968,5.42465],[-75.05987,5.42402],[-75.05705,5.42326],[-75.05605,5.42403],[-75.05533,5.42403],[-75.05466,5.4236],[-75.05418,5.42173],[-75.05299,5.42121],[-75.05493,5.42014],[-75.05744,5.42025],[-75.05839,5.41929],[-75.05868,5.41744],[-75.0597,5.41762],[-75.06006,5.42043],[-75.06144,5.42031],[-75.06233,5.42144],[-75.06286,5.42394],[-75.06214,5.42436],[-75.06173,5.42562],[-75.06364,5.42645],[-75.06221,5.42646],[-75.06167,5.42717],[-75.06263,5.42777],[-75.06519,5.42789],[-75.06726,5.43061],[-75.0658,5.431],[-75.06498,5.42976],[-75.06441,5.42976],[-75.06327,5.43081],[-75.06226,5.43014]]]},"properties":{"cobertura":"Mosaico de cultivos, pastos y espacios naturales","bioma":"Orobioma subandino cordillera central","clima":"Muy Hcmedo","suelo":"Asociacion AZUFRADO - Rio Samana","ecosistema":"Mosaico de cultivos, pastos y espacios naturales","area_ha":71.3061}},{"type":"Feature","id":116,"geometry":{"type":"MultiPolygon","coordinates":[[[[-75.0383,5.42918],[-75.03716,5.42787],[-75.0374,5.42607],[-75.03697,5.42514],[-75.03909,5.42526],[-75.03949,5.42646],[-75.04154,5.42586],[-75.04127,5.42466],[-75.04034,5.42354],[-75.03855,5.42275],[-75.03831,5.42217],[-75.03885,5.42095],[-75.03971,5.42095],[-75.04029,5.42224],[-75.04217,5.42314],[-75.04307,5.42475],[-75.04384,5.42481],[-75.04444,5.42427],[-75.04515,5.42528],[-75.04665,5.42582],[-75.04698,5.42698],[-75.0457,5.42749],[-75.04516,5.42845],[-75.04566,5.43003],[-75.04421,5.43013],[-75.04329,5.42949],[-75.04136,5.42917],[-75.04082,5.43029],[-75.0383,5.42918]]],[[[-75.04498,5.43137],[-75.045,5.43089],[-75.04617,5.43084],[-75.04603,5.4319],[-75.04498,5.43137]]]]},"properties":{"cobertura":"Mosaico de pastos y cultivos","bioma":"Orobioma subandino cordillera central","clima":"Muy Hcmedo","suelo":"Asociacion AZUFRADO - Rio Samana","ecosistema":"Mosaico de pastos y cultivos","area_ha":55.8425}},{"type":"Feature","id":117,"geometry":{"type":"Polygon","coordinates":[[[-75.04217,5.42314],[-75.04282,5.42304],[-75.04296,5.42228],[-75.04215,5.42142],[-75.0421,5.41989],[-75.04415,5.41888],[-75.04606,5.41931],[-75.04678,5.42002],[-75.04673,5.4228],[-75.04506,5.42218],[-75.04559,5.425],[-75.04621,5.42495],[-75.04674,5.4239],[-75.04774,5.42356],[-75.04778,5.42179],[-75.04893,5.42184],[-75.04812,5.42485],[-75.04827,5.42572],[-75.04698,5.42698],[-75.04641,5.42552],[-75.04515,5.42528],[-75.04444,5.42427],[-75.04384,5.42481],[-75.04307,5.42475],[-75.04217,5.42314]]]},"properties":{"cobertura":"Mosaico de cultivos, pastos y espacios naturales","bioma":"Orobioma subandino cordillera central","clima":"Muy Hcmedo","suelo":"Asociacion AZUFRADO - Rio Samana","ecosistema":"Mosaico de cultivos, pastos y espacios naturales","area_ha":33.1854}},{"type":"Feature","id":118,"geometry":{"type":"Polygon","coordinates":[[[-75.05134,5.43448],[-75.05119,5.43337],[-75.05052,5.43332],[-75.04971,5.43428],[-75.04924,5.43428],[-75.04895,5.43361],[-75.04766,5.43375],[-75.04646,5.43246],[-75.04732,5.43218],[-75.04779,5.43132],[-75.04851,5.43132],[-75.04881,5.43197],[-75.04964,5.43197],[-75.05077,5.4306],[-75.05161,5.43059],[-75.05171,5.43203],[-75.05305,5.43288],[-75.0531,5.43341],[-75.05186,5.43451],[-75.05134,5.43448]]]},"properties":{"cobertura":"Mosaico de pastos y cultivos","bioma":"Orobioma subandino cordillera central","clima":"Muy Hcmedo","suelo":"Asociacion AZUFRADO - Rio Samana","ecosistema":"Mosaico de pastos y cultivos","area_ha":16.2159}},{"type":"Feature","id":119,"geometry":{"type":"Polygon","coordinates":[[[-75.04731,5.43174],[-75.04689,5.43093],[-75.04698,5.42983],[-75.04566,5.43003],[-75.04516,5.42911],[-75.0457,5.42749],[-75.04689,5.42707],[-75.04793,5.42602],[-75.0486,5.42739],[-75.05218,5.42705],[-75.05257,5.42815],[-75.0519,5.42868],[-75.05171,5.43065],[-75.05077,5.4306],[-75.04964,5.43197],[-75.04881,5.43197],[-75.04851,5.43132],[-75.04731,5.43174]]]},"properties":{"cobertura":"Cafe con semisombra","bioma":"Orobioma subandino cordillera central","clima":"Muy Hcmedo","suelo":"Asociacion AZUFRADO - Rio Samana","ecosistema":"Cafe con semisombra","area_ha":31.7399}},{"type":"Feature","id":120,"geometry":{"type":"Polygon","coordinates":[[[-75.03153,5.41394],[-75.0301,5.41364],[-75.03045,5.41245],[-75.03003,5.41125],[-75.02842,5.41006],[-75.02925,5.4079],[-75.03015,5.40802],[-75.03057,5.40904],[-75.03015,5.41047],[-75.03093,5.41059],[-75.03194,5.41161],[-75.03153,5.41232],[-75.03153,5.41394]]]},"properties":{"cobertura":"Pastos limpios","bioma":"Orobioma subandino cordillera central","clima":"Muy Hsmedo","suelo":"Consociacion FLORENCIA","ecosistema":"Pastos limpios","area_ha":11.0947}},{"type":"Feature","id":121,"geometry":{"type":"Polygon","coordinates":[[[-75.03052,5.414],[-75.03153,5.41394],[-75.03153,5.41232],[-75.03201,5.41191],[-75.03135,5.41089],[-75.03015,5.41047],[-75.03057,5.40928],[-75.03015,5.40802],[-75.02913,5.40802],[-75.02848,5.40976],[-75.02741,5.40958],[-75.02723,5.40832],[-75.02823,5.40594],[-75.02941,5.40564],[-75.03007,5.40492],[-75.03096,5.40228],[-75.03197,5.40204],[-75.03233,5.40246],[-75.03192,5.40384],[-75.03277,5.40409],[-75.03217,5.4058],[-75.03337,5.40718],[-75.03379,5.40903],[-75.03338,5.41041],[-75.03445,5.41238],[-75.03356,5.41627],[-75.03267,5.41669],[-75.03237,5.41765],[-75.03124,5.41747],[-75.03135,5.41544],[-75.03052,5.414]]]},"properties":{"cobertura":"Cafe con semisombra","bioma":"Orobioma subandino cordillera central","clima":"Muy Hcmedo","suelo":"Consociacion FLORENCIA","ecosistema":"Cafe con semisombra","area_ha":55.8256}},{"type":"Feature","id":122,"geometry":{"type":"Polygon","coordinates":[[[-75.03841,5.4095],[-75.03846,5.4108],[-75.03722,5.41081],[-75.03708,5.41202],[-75.0357,5.41196],[-75.03547,5.41124],[-75.03636,5.40897],[-75.03841,5.4095]]]},"properties":{"cobertura":"Pastos limpios","bioma":"Orobioma subandino cordillera central","clima":"Muy Hsmedo","suelo":"Asociacion AZUFRADO - Rio Samana","ecosistema":"Pastos limpios","area_ha":6.4648}},{"type":"Feature","id":123,"geometry":{"type":"Polygon","coordinates":[[[-75.03494,5.42853],[-75.0328,5.42641],[-75.0331,5.42566],[-75.03364,5.42566],[-75.0343,5.42643],[-75.03459,5.42766],[-75.03543,5.42769],[-75.03494,5.42853]]]},"properties":{"cobertura":"Pastos enmalezados","bioma":"Orobioma subandino cordillera central","clima":"Muy Hsmedo","suelo":"Asociacion AZUFRADO - Rio Samana","ecosistema":"Pastos enmalezados","area_ha":2.9312}},{"type":"Feature","id":124,"geometry":{"type":"Polygon","coordinates":[[[-75.09383,5.41847],[-75.09378,5.41615],[-75.09438,5.41543],[-75.09638,5.41551],[-75.09703,5.41438],[-75.09804,5.41408],[-75.0984,5.41324],[-75.10006,5.41312],[-75.10197,5.41197],[-75.10233,5.41281],[-75.10078,5.41323],[-75.09989,5.41413],[-75.10007,5.41509],[-75.10287,5.41562],[-75.10574,5.41885],[-75.10592,5.41807],[-75.1055,5.41723],[-75.10437,5.4161],[-75.10406,5.41353],[-75.1065,5.41041],[-75.11044,5.40981],[-75.11247,5.4101],[-75.11348,5.40813],[-75.11438,5.40741],[-75.11366,5.40516],[-75.11768,5.40642],[-75.11647,5.40788],[-75.11641,5.4092],[-75.11563,5.40968],[-75.11593,5.41052],[-75.11898,5.41045],[-75.1201,5.41152],[-75.11872,5.41198],[-75.11657,5.41623],[-75.11663,5.41664],[-75.11729,5.4167],[-75.11818,5.41574],[-75.11896,5.4158],[-75.11998,5.41646],[-75.11998,5.41742],[-75.11753,5.4173],[-75.11556,5.41838],[-75.11324,5.41797],[-75.11252,5.41701],[-75.11132,5.41713],[-75.11043,5.41869],[-75.11049,5.41935],[-75.11109,5.41974],[-75.10871,5.42067],[-75.10805,5.41868],[-75.10788,5.41625],[-75.10931,5.4161],[-75.10982,5.41702],[-75.11158,5.41658],[-75.1136,5.41668],[-75.11415,5.41628],[-75.11419,5.41558],[-75.11573,5.41547],[-75.11576,5.41245],[-75.11499,5.41183],[-75.11529,5.41403],[-75.11477,5.41425],[-75.11297,5.41234],[-75.11176,5.41234],[-75.11036,5.41088],[-75.10952,5.41143],[-75.10684,5.41132],[-75.1064,5.41177],[-75.10684,5.4125],[-75.10582,5.4132],[-75.10567,5.4142],[-75.10699,5.41397],[-75.1082,5.4154],[-75.10655,5.41519],[-75.10483,5.41574],[-75.10648,5.41677],[-75.107,5.41798],[-75.10591,5.42174],[-75.1037,5.42108],[-75.10382,5.42036],[-75.10459,5.41977],[-75.10405,5.41737],[-75.10328,5.4172],[-75.10304,5.41779],[-75.10232,5.41779],[-75.10196,5.41606],[-75.1013,5.41606],[-75.09946,5.41774],[-75.09946,5.41864],[-75.0997,5.41906],[-75.1022,5.41899],[-75.10203,5.42138],[-75.09964,5.41995],[-75.09803,5.41966],[-75.09701,5.41882],[-75.09383,5.41847]]]},"properties":{"cobertura":"Arbustal denso","bioma":"Orobioma andino cordillera central","clima":"Pluvial","suelo":"Asociacion SANTA ISABEL - Pensilvania","ecosistema":"Arbustal Pluvial del Orobioma andino cordillera central","area_ha":154.6115}},{"type":"Feature","id":125,"geometry":{"type":"Polygon","coordinates":[[[-75.06686,5.42042],[-75.06601,5.41998],[-75.06601,5.41945],[-75.06693,5.41945],[-75.06746,5.41759],[-75.06858,5.41733],[-75.06964,5.41925],[-75.07084,5.41984],[-75.07144,5.42183],[-75.06806,5.42237],[-75.06674,5.42144],[-75.06686,5.42042]]]},"properties":{"cobertura":"Bosque fragmentado con pastos y cultivos","bioma":"Orobioma andino cordillera central","clima":"Pluvial","suelo":"Asociacion AZUFRADO - Libano","ecosistema":"Bosque Pluvial del Orobioma andino cordillera central","area_ha":18.9281}},{"type":"Feature","id":126,"geometry":{"type":"Polygon","coordinates":[[[-75.06806,5.42896],[-75.06698,5.42735],[-75.06537,5.42729],[-75.0671,5.42645],[-75.06746,5.42573],[-75.06549,5.4249],[-75.06495,5.4243],[-75.06501,5.42334],[-75.06433,5.42291],[-75.06502,5.42209],[-75.06508,5.4209],[-75.06627,5.42042],[-75.06693,5.42036],[-75.06674,5.42144],[-75.06747,5.42164],[-75.06786,5.4223],[-75.07063,5.42197],[-75.07003,5.42406],[-75.06954,5.42399],[-75.06877,5.42854],[-75.06806,5.42896]]]},"properties":{"cobertura":"Vegetacion secundaria o en transicion","bioma":"Orobioma andino cordillera central","clima":"Pluvial","suelo":"Asociacion AZUFRADO - Libano","ecosistema":"Bosque secundario Pluvial del Orobioma andino cordillera central","area_ha":31.9669}},{"type":"Feature","id":127,"geometry":{"type":"Polygon","coordinates":[[[-75.03866,5.43047],[-75.03728,5.42942],[-75.03653,5.4295],[-75.03511,5.42879],[-75.03543,5.42769],[-75.03433,5.42739],[-75.0343,5.42643],[-75.03364,5.42566],[-75.0331,5.42566],[-75.0328,5.42641],[-75.03162,5.42554],[-75.03075,5.42555],[-75.02904,5.42417],[-75.02951,5.42209],[-75.02808,5.42149],[-75.02766,5.42078],[-75.02705,5.41629],[-75.02705,5.41498],[-75.02795,5.41432],[-75.02842,5.4127],[-75.02812,5.41091],[-75.02609,5.41157],[-75.02454,5.41295],[-75.02449,5.41415],[-75.02604,5.41516],[-75.0258,5.41618],[-75.02491,5.41642],[-75.02413,5.416],[-75.02347,5.41648],[-75.02348,5.41696],[-75.02569,5.41851],[-75.02581,5.42012],[-75.02521,5.42138],[-75.02384,5.42108],[-75.02407,5.41857],[-75.023,5.4175],[-75.02294,5.4157],[-75.0243,5.4102],[-75.0274,5.40741],[-75.02729,5.4094],[-75.02842,5.40976],[-75.03021,5.41167],[-75.03046,5.41298],[-75.0301,5.41364],[-75.03135,5.41544],[-75.03124,5.41747],[-75.03237,5.41765],[-75.03267,5.41669],[-75.03356,5.41627],[-75.03445,5.41238],[-75.03338,5.41041],[-75.03379,5.40903],[-75.03337,5.40718],[-75.03229,5.40604],[-75.03217,5.40527],[-75.03277,5.40409],[-75.03317,5.40473],[-75.03418,5.40467],[-75.03478,5.40431],[-75.03484,5.40371],[-75.0343,5.40054],[-75.03286,5.39857],[-75.03316,5.3978],[-75.03435,5.39761],[-75.03543,5.39905],[-75.03626,5.39923],[-75.03674,5.39839],[-75.03633,5.39743],[-75.03741,5.39724],[-75.03861,5.39802],[-75.04028,5.3982],[-75.04046,5.39903],[-75.04141,5.39873],[-75.04195,5.39933],[-75.04249,5.39921],[-75.04189,5.39819],[-75.03974,5.39724],[-75.04003,5.39473],[-75.0389,5.39497],[-75.03765,5.39336],[-75.03518,5.39288],[-75.03393,5.38878],[-75.03434,5.38676],[-75.03698,5.3878],[-75.03864,5.39045],[-75.04074,5.39038],[-75.04104,5.39186],[-75.04278,5.39197],[-75.04433,5.39113],[-75.04558,5.39113],[-75.04594,5.39161],[-75.0423,5.39275],[-75.04212,5.39347],[-75.04433,5.3955],[-75.04637,5.39657],[-75.04607,5.40071],[-75.04535,5.40095],[-75.04457,5.39994],[-75.04392,5.39982],[-75.03963,5.40095],[-75.03925,5.40157],[-75.03949,5.40276],[-75.03859,5.40339],[-75.0384,5.40439],[-75.03974,5.40482],[-75.04026,5.40415],[-75.04184,5.40434],[-75.04184,5.4052],[-75.04107,5.40657],[-75.04041,5.40657],[-75.04005,5.40591],[-75.0382,5.40568],[-75.03516,5.40586],[-75.03611,5.4064],[-75.03653,5.40825],[-75.03745,5.40875],[-75.03884,5.40879],[-75.03841,5.4095],[-75.03636,5.40897],[-75.03547,5.41124],[-75.03576,5.41202],[-75.03832,5.412],[-75.03965,5.4108],[-75.0418,5.41089],[-75.04137,5.41142],[-75.03989,5.41166],[-75.03841,5.41334],[-75.0366,5.41349],[-75.03588,5.41397],[-75.03588,5.41464],[-75.03799,5.41487],[-75.03866,5.41592],[-75.03961,5.4163],[-75.03961,5.41673],[-75.03675,5.41664],[-75.0366,5.41736],[-75.03704,5.41774],[-75.03728,5.41942],[-75.03503,5.41966],[-75.03465,5.42047],[-75.03585,5.42162],[-75.03757,5.42238],[-75.03831,5.42217],[-75.03862,5.42281],[-75.04034,5.42354],[-75.04153,5.4252],[-75.04134,5.42612],[-75.04041,5.42646],[-75.03949,5.42646],[-75.03909,5.42526],[-75.03829,5.4254],[-75.03756,5.42494],[-75.03686,5.42531],[-75.0374,5.42607],[-75.03734,5.42822],[-75.03854,5.42942],[-75.04082,5.43029],[-75.03866,5.43047]]]},"properties":{"cobertura":"Mosaico de cultivos, pastos y espacios naturales","bioma":"Orobioma subandino cordillera central","clima":"Muy Hcmedo","suelo":"Asociacion AZUFRADO - Rio Samana","ecosistema":"Mosaico de cultivos, pastos y espacios naturales","area_ha":361.1629}},{"type":"Feature","id":128,"geometry":{"type":"Polygon","coordinates":[[[-75.10711,5.39844],[-75.10597,5.39836],[-75.10568,5.3998],[-75.10359,5.39938],[-75.10233,5.39598],[-75.10281,5.39508],[-75.10268,5.39341],[-75.10137,5.39281],[-75.10047,5.39161],[-75.10083,5.38964],[-75.09969,5.38857],[-75.09724,5.38809],[-75.09718,5.38719],[-75.09963,5.38719],[-75.10213,5.38927],[-75.1028,5.39208],[-75.10573,5.3943],[-75.10612,5.39678],[-75.10735,5.39757],[-75.11061,5.40111],[-75.10932,5.40069],[-75.10711,5.39844]]]},"properties":{"cobertura":"Plantacion de coniferas","bioma":"Orobioma andino cordillera central","clima":"Pluvial","suelo":"Asociacion SANTA ISABEL - Pensilvania","ecosistema":"Plantacion Fortestal","area_ha":43.7966}},{"type":"Feature","id":129,"geometry":{"type":"Polygon","coordinates":[[[-75.08745,5.39651],[-75.08751,5.39565],[-75.08626,5.39151],[-75.08935,5.3919],[-75.09069,5.39351],[-75.08965,5.39555],[-75.08864,5.39567],[-75.08745,5.39651]]]},"properties":{"cobertura":"Mosaico de pastos y cultivos","bioma":"Orobioma andino cordillera central","clima":"Muy Hcmedo","suelo":"Asociacion SANTA ISABEL - Pensilvania","ecosistema":"Mosaico de pastos y cultivos","area_ha":15.7296}},{"type":"Feature","id":130,"geometry":{"type":"Polygon","coordinates":[[[-75.08965,5.40297],[-75.09094,5.40272],[-75.09161,5.404],[-75.09062,5.40455],[-75.08965,5.40297]]]},"properties":{"cobertura":"Cafe con semisombra","bioma":"Orobioma andino cordillera central","clima":"Muy Hcmedo","suelo":"Asociacion SANTA ISABEL - Pensilvania","ecosistema":"Cafe con semisombra","area_ha":2.4378}},{"type":"Feature","id":131,"geometry":{"type":"Polygon","coordinates":[[[-75.09771,5.39823],[-75.09508,5.3959],[-75.09508,5.39554],[-75.09615,5.39524],[-75.09669,5.39452],[-75.09579,5.39363],[-75.09597,5.39249],[-75.09549,5.39076],[-75.09698,5.38998],[-75.09656,5.38818],[-75.09802,5.38809],[-75.09993,5.38869],[-75.10062,5.38985],[-75.09835,5.39069],[-75.09818,5.39231],[-75.10063,5.39422],[-75.10093,5.39553],[-75.10206,5.39649],[-75.10189,5.39822],[-75.10219,5.39852],[-75.10292,5.39824],[-75.10347,5.39921],[-75.10308,5.39971],[-75.10189,5.39977],[-75.10106,5.40079],[-75.10034,5.40079],[-75.09885,5.40008],[-75.09771,5.39823]]]},"properties":{"cobertura":"Pastos limpios","bioma":"Orobioma andino cordillera central","clima":"Pluvial","suelo":"Asociacion SANTA ISABEL - Pensilvania","ecosistema":"Pastos limpios","area_ha":60.8055}},{"type":"Feature","id":132,"geometry":{"type":"Polygon","coordinates":[[[-75.10014,5.38886],[-75.10089,5.38976],[-75.10053,5.39173],[-75.10137,5.39281],[-75.10268,5.39341],[-75.10281,5.39508],[-75.10233,5.39598],[-75.10293,5.39705],[-75.10272,5.39852],[-75.10189,5.39822],[-75.10206,5.39649],[-75.10093,5.39553],[-75.10063,5.39422],[-75.0989,5.39314],[-75.09812,5.39213],[-75.09853,5.39051],[-75.10056,5.39003],[-75.10014,5.38886]]]},"properties":{"cobertura":"Pastos enmalezados","bioma":"Orobioma andino cordillera central","clima":"Pluvial","suelo":"Asociacion SANTA ISABEL - Pensilvania","ecosistema":"Pastos enmalezados","area_ha":19.071}},{"type":"Feature","id":133,"geometry":{"type":"Polygon","coordinates":[[[-75.08861,5.40129],[-75.08848,5.39965],[-75.08927,5.39805],[-75.08742,5.39689],[-75.08745,5.39651],[-75.08864,5.39567],[-75.08965,5.39555],[-75.0906,5.39351],[-75.0918,5.39363],[-75.09359,5.39471],[-75.09353,5.39518],[-75.09174,5.39579],[-75.09126,5.39668],[-75.09001,5.39752],[-75.09001,5.39818],[-75.09139,5.39848],[-75.09347,5.398],[-75.09401,5.39859],[-75.09401,5.39949],[-75.0921,5.39979],[-75.09055,5.39944],[-75.09008,5.40123],[-75.08954,5.40153],[-75.08861,5.40129]]]},"properties":{"cobertura":"Pastos limpios","bioma":"Orobioma andino cordillera central","clima":"Muy Hsmedo","suelo":"Asociacion SANTA ISABEL - Pensilvania","ecosistema":"Pastos limpios","area_ha":28.5988}},{"type":"Feature","id":134,"geometry":{"type":"Polygon","coordinates":[[[-75.0866,5.39095],[-75.08693,5.39],[-75.08657,5.38935],[-75.0875,5.38766],[-75.08803,5.38814],[-75.08809,5.38891],[-75.08761,5.39047],[-75.0866,5.39095]]]},"properties":{"cobertura":"Mosaico de pastos y cultivos","bioma":"Orobioma andino cordillera central","clima":"Muy Hcmedo","suelo":"Asociacion SANTA ISABEL - Pensilvania","ecosistema":"Mosaico de pastos y cultivos","area_ha":3.483}},{"type":"Feature","id":135,"geometry":{"type":"Polygon","coordinates":[[[-75.09069,5.39351],[-75.09026,5.39289],[-75.0909,5.39256],[-75.09102,5.39196],[-75.09018,5.3907],[-75.09024,5.38813],[-75.08886,5.38808],[-75.08863,5.38755],[-75.09014,5.38767],[-75.09107,5.38604],[-75.09119,5.38526],[-75.08988,5.38472],[-75.09011,5.38377],[-75.09106,5.38287],[-75.09333,5.38377],[-75.09441,5.3832],[-75.09846,5.38608],[-75.09895,5.38719],[-75.09736,5.38713],[-75.09701,5.38776],[-75.09578,5.38717],[-75.09417,5.38753],[-75.09375,5.38585],[-75.09274,5.38574],[-75.09292,5.38789],[-75.09239,5.3895],[-75.09424,5.39177],[-75.09275,5.39166],[-75.09135,5.39351],[-75.09069,5.39351]]]},"properties":{"cobertura":"Pastos limpios","bioma":"Orobioma andino cordillera central","clima":"Muy Hsmedo","suelo":"Asociacion AZUFRADO - Libano","ecosistema":"Pastos limpios","area_ha":48.6998}},{"type":"Feature","id":136,"geometry":{"type":"Polygon","coordinates":[[[-75.10065,5.4042],[-75.10005,5.40283],[-75.101,5.40259],[-75.10213,5.40157],[-75.10226,5.40408],[-75.10065,5.4042]]]},"properties":{"cobertura":"Pastos limpios","bioma":"Orobioma andino cordillera central","clima":"Pluvial","suelo":"Asociacion SANTA ISABEL - Pensilvania","ecosistema":"Pastos limpios","area_ha":5.0922}},{"type":"Feature","id":137,"geometry":{"type":"Polygon","coordinates":[[[-75.07727,5.379],[-75.07948,5.37796],[-75.08543,5.37953],[-75.0869,5.38106],[-75.08533,5.38138],[-75.08461,5.37989],[-75.08282,5.38055],[-75.08283,5.38145],[-75.08366,5.3821],[-75.0836,5.383],[-75.08623,5.38407],[-75.08611,5.38503],[-75.08522,5.38491],[-75.08528,5.38676],[-75.08451,5.3879],[-75.08493,5.38904],[-75.08636,5.38999],[-75.0866,5.39113],[-75.08648,5.39143],[-75.08505,5.39125],[-75.08385,5.3903],[-75.08278,5.39042],[-75.0829,5.39299],[-75.08189,5.39401],[-75.07944,5.39377],[-75.07867,5.39264],[-75.07706,5.39252],[-75.0764,5.39198],[-75.07628,5.39097],[-75.07753,5.39061],[-75.0786,5.38965],[-75.07842,5.38863],[-75.07675,5.38863],[-75.07568,5.38971],[-75.0749,5.38953],[-75.07514,5.3881],[-75.07627,5.3878],[-75.07687,5.38702],[-75.07764,5.38744],[-75.07931,5.38731],[-75.08003,5.38653],[-75.07931,5.38498],[-75.07662,5.38487],[-75.07502,5.38726],[-75.07394,5.38708],[-75.07424,5.38571],[-75.07609,5.38403],[-75.07722,5.38152],[-75.07727,5.379]]]},"properties":{"cobertura":"Cafe con semisombra","bioma":"Orobioma subandino cordillera central","clima":"Muy Hcmedo","suelo":"Asociacion AZUFRADO - Libano","ecosistema":"Cafe con semisombra","area_ha":136.3779}},{"type":"Feature","id":138,"geometry":{"type":"Polygon","coordinates":[[[-75.06175,5.37748],[-75.06927,5.37755],[-75.0688,5.37848],[-75.0676,5.3789],[-75.06755,5.37974],[-75.06892,5.38081],[-75.07035,5.38123],[-75.07041,5.38177],[-75.06624,5.3841],[-75.06577,5.38572],[-75.06499,5.38626],[-75.0638,5.38566],[-75.06385,5.38375],[-75.0626,5.38399],[-75.06201,5.38525],[-75.0629,5.38608],[-75.06117,5.38651],[-75.06123,5.38728],[-75.06225,5.38824],[-75.06201,5.38961],[-75.05831,5.39004],[-75.05742,5.38914],[-75.05736,5.38843],[-75.05777,5.38759],[-75.05747,5.38585],[-75.05848,5.38489],[-75.05711,5.38358],[-75.05675,5.38239],[-75.05818,5.38226],[-75.06004,5.38465],[-75.06123,5.38453],[-75.06093,5.38358],[-75.06152,5.38244],[-75.0629,5.38244],[-75.06295,5.3816],[-75.06391,5.38094],[-75.06307,5.37915],[-75.06176,5.37801],[-75.06175,5.37748]]]},"properties":{"cobertura":"Cafe con semisombra","bioma":"Orobioma subandino cordillera central","clima":"Muy Hcmedo","suelo":"Asociacion AZUFRADO - Libano","ecosistema":"Cafe con semisombra","area_ha":87.0286}},{"type":"Feature","id":139,"geometry":{"type":"Polygon","coordinates":[[[-75.08673,5.39711],[-75.08745,5.39651],[-75.08742,5.39689],[-75.08927,5.39805],[-75.08848,5.39965],[-75.08861,5.40129],[-75.08764,5.40123],[-75.08764,5.39944],[-75.08805,5.39902],[-75.08673,5.39711]]]},"properties":{"cobertura":"Pastos limpios","bioma":"Orobioma subandino cordillera central","clima":"Muy Hsmedo","suelo":"Asociacion SANTA ISABEL - Pensilvania","ecosistema":"Pastos limpios","area_ha":6.1808}},{"type":"Feature","id":140,"geometry":{"type":"Polygon","coordinates":[[[-75.0869,5.38106],[-75.09008,5.38399],[-75.08988,5.38472],[-75.0882,5.38485],[-75.08802,5.38568],[-75.08671,5.38604],[-75.08671,5.38712],[-75.0875,5.38766],[-75.08657,5.38935],[-75.08693,5.39],[-75.0866,5.39058],[-75.08612,5.38975],[-75.08493,5.38904],[-75.08451,5.3879],[-75.08528,5.38676],[-75.08522,5.38491],[-75.08611,5.38503],[-75.08623,5.38407],[-75.0836,5.383],[-75.08366,5.3821],[-75.08283,5.38145],[-75.08282,5.38055],[-75.08461,5.37989],[-75.08533,5.38138],[-75.0869,5.38106]]]},"properties":{"cobertura":"Mosaico de pastos y cultivos","bioma":"Orobioma subandino cordillera central","clima":"Muy Hcmedo","suelo":"Asociacion AZUFRADO - Libano","ecosistema":"Mosaico de pastos y cultivos","area_ha":35.4954}},{"type":"Feature","id":141,"geometry":{"type":"Polygon","coordinates":[[[-75.06438,5.39607],[-75.06566,5.39499],[-75.0656,5.39332],[-75.06619,5.3923],[-75.06703,5.392],[-75.06697,5.39062],[-75.06649,5.38985],[-75.06684,5.38853],[-75.06541,5.38823],[-75.06541,5.38763],[-75.06601,5.38668],[-75.06762,5.38638],[-75.06791,5.38542],[-75.06827,5.38542],[-75.0706,5.38727],[-75.07096,5.38864],[-75.07299,5.39043],[-75.07323,5.39139],[-75.07121,5.39367],[-75.07082,5.39581],[-75.06877,5.39537],[-75.06764,5.3964],[-75.06438,5.39607]]]},"properties":{"cobertura":"Mosaico de cultivos, pastos y espacios naturales","bioma":"Orobioma subandino cordillera central","clima":"Muy Hcmedo","suelo":"Asociacion AZUFRADO - Libano","ecosistema":"Mosaico de cultivos, pastos y espacios naturales","area_ha":65.1734}},{"type":"Feature","id":142,"geometry":{"type":"Polygon","coordinates":[[[-75.08863,5.38755],[-75.08862,5.38652],[-75.09062,5.38634],[-75.09014,5.38767],[-75.08863,5.38755]]]},"properties":{"cobertura":"Pastos limpios","bioma":"Orobioma subandino cordillera central","clima":"Muy Hsmedo","suelo":"Asociacion SANTA ISABEL - Pensilvania","ecosistema":"Pastos limpios","area_ha":2.5095}},{"type":"Feature","id":143,"geometry":{"type":"Polygon","coordinates":[[[-75.01967,5.39625],[-75.02187,5.39375],[-75.02724,5.39069],[-75.02718,5.38979],[-75.02592,5.38896],[-75.02538,5.38692],[-75.0258,5.3862],[-75.02597,5.38274],[-75.02705,5.38088],[-75.02806,5.38064],[-75.02812,5.38213],[-75.02687,5.38453],[-75.02688,5.38614],[-75.02843,5.388],[-75.02849,5.38889],[-75.02679,5.39421],[-75.02947,5.39504],[-75.03079,5.39498],[-75.03125,5.39559],[-75.02982,5.39643],[-75.02791,5.39613],[-75.02739,5.39672],[-75.02589,5.39499],[-75.02498,5.39512],[-75.02367,5.39596],[-75.0229,5.39817],[-75.02188,5.39943],[-75.02099,5.39907],[-75.01967,5.39625]]]},"properties":{"cobertura":"Cafe con semisombra","bioma":"Orobioma subandino cordillera central","clima":"Muy Hcmedo","suelo":"Consociacion FLORENCIA","ecosistema":"Cafe con semisombra","area_ha":62.9708}},{"type":"Feature","id":144,"geometry":{"type":"Polygon","coordinates":[[[-75.03363,5.39331],[-75.03273,5.38986],[-75.03312,5.38397],[-75.03423,5.38337],[-75.03476,5.38248],[-75.03368,5.37931],[-75.0338,5.37833],[-75.03491,5.37849],[-75.03478,5.37727],[-75.03542,5.37687],[-75.03726,5.37996],[-75.03845,5.3806],[-75.03996,5.38331],[-75.04318,5.385],[-75.04595,5.38585],[-75.04711,5.3858],[-75.04843,5.38658],[-75.04742,5.38738],[-75.0473,5.38803],[-75.04862,5.38998],[-75.04628,5.39049],[-75.04407,5.38978],[-75.04222,5.3905],[-75.03897,5.39059],[-75.03837,5.39026],[-75.03698,5.3878],[-75.03434,5.38676],[-75.03393,5.38878],[-75.03518,5.39225],[-75.03519,5.39338],[-75.03441,5.3938],[-75.03423,5.39271],[-75.03363,5.39331]]]},"properties":{"cobertura":"Cafe con sombra","bioma":"Orobioma subandino cordillera central","clima":"Muy Hcmedo","suelo":"Asociacion AZUFRADO - Libano","ecosistema":"Cafe con sombra","area_ha":130.133}},{"type":"Feature","id":145,"geometry":{"type":"Polygon","coordinates":[[[-75.06219,5.40984],[-75.05975,5.40942],[-75.05933,5.40883],[-75.05861,5.40877],[-75.05867,5.40835],[-75.06118,5.40846],[-75.06135,5.40577],[-75.06249,5.40601],[-75.06326,5.40392],[-75.0657,5.4029],[-75.06535,5.40439],[-75.06219,5.40828],[-75.06267,5.40948],[-75.06219,5.40984]]]},"properties":{"cobertura":"Pastos limpios","bioma":"Orobioma subandino cordillera central","clima":"Muy Hsmedo","suelo":"Asociacion AZUFRADO - Libano","ecosistema":"Pastos limpios","area_ha":16.6231}},{"type":"Feature","id":146,"geometry":{"type":"Polygon","coordinates":[[[-75.04074,5.39038],[-75.04222,5.3905],[-75.04407,5.38978],[-75.04628,5.39049],[-75.04868,5.39],[-75.04791,5.39377],[-75.04689,5.39485],[-75.04637,5.39657],[-75.04433,5.3955],[-75.04212,5.39347],[-75.0423,5.39275],[-75.04594,5.39185],[-75.04576,5.39125],[-75.04433,5.39113],[-75.04278,5.39197],[-75.0414,5.39197],[-75.04081,5.39156],[-75.04074,5.39038]]]},"properties":{"cobertura":"Cafe con semisombra","bioma":"Orobioma subandino cordillera central","clima":"Muy Hcmedo","suelo":"Asociacion AZUFRADO - Libano","ecosistema":"Cafe con semisombra","area_ha":33.9048}},{"type":"Feature","id":147,"geometry":{"type":"Polygon","coordinates":[[[-75.0374,5.40843],[-75.03647,5.40819],[-75.03611,5.4064],[-75.03522,5.4058],[-75.03665,5.40556],[-75.04005,5.40591],[-75.04041,5.40657],[-75.04122,5.40645],[-75.04237,5.40731],[-75.04189,5.40831],[-75.03974,5.40769],[-75.03926,5.40846],[-75.03869,5.40841],[-75.03845,5.40784],[-75.03783,5.40784],[-75.0374,5.40843]]]},"properties":{"cobertura":"Pastos limpios","bioma":"Orobioma subandino cordillera central","clima":"Muy Hsmedo","suelo":"Asociacion AZUFRADO - Libano","ecosistema":"Pastos limpios","area_ha":15.8246}},{"type":"Feature","id":148,"geometry":{"type":"Polygon","coordinates":[[[-75.01927,5.3938],[-75.0229,5.39182],[-75.02427,5.38919],[-75.02592,5.38794],[-75.02592,5.38896],[-75.02718,5.38979],[-75.02724,5.39069],[-75.02187,5.39375],[-75.01967,5.39625],[-75.01844,5.3965],[-75.01766,5.39416],[-75.01927,5.3938]]]},"properties":{"cobertura":"Pastos limpios","bioma":"Orobioma subandino cordillera central","clima":"Muy Hsmedo","suelo":"Consociacion FLORENCIA","ecosistema":"Pastos limpios","area_ha":26.1632}},{"type":"Feature","id":149,"geometry":{"type":"Polygon","coordinates":[[[-75.02237,5.39203],[-75.02141,5.39243],[-75.01956,5.39099],[-75.01747,5.3883],[-75.01717,5.38693],[-75.01938,5.38776],[-75.02063,5.38974],[-75.02189,5.39009],[-75.02237,5.39203]]]},"properties":{"cobertura":"Cafe con semisombra","bioma":"Orobioma subandino cordillera central","clima":"Muy Hcmedo","suelo":"Consociacion FLORENCIA","ecosistema":"Cafe con semisombra","area_ha":13.8539}},{"type":"Feature","id":150,"geometry":{"type":"Polygon","coordinates":[[[-75.01344,5.39764],[-75.01344,5.39573],[-75.01251,5.39481],[-75.01257,5.39355],[-75.01297,5.39295],[-75.01515,5.39304],[-75.01515,5.39369],[-75.01378,5.39447],[-75.01372,5.39519],[-75.01605,5.39584],[-75.01617,5.39758],[-75.01344,5.39764]]]},"properties":{"cobertura":"Cafe con semisombra","bioma":"Orobioma subandino cordillera central","clima":"Muy Hcmedo","suelo":"Consociacion FLORENCIA","ecosistema":"Cafe con semisombra","area_ha":13.0623}},{"type":"Feature","id":151,"geometry":{"type":"Polygon","coordinates":[[[-75.02818,5.38129],[-75.03009,5.38131],[-75.03105,5.38256],[-75.03202,5.38298],[-75.03113,5.38434],[-75.03054,5.38798],[-75.03168,5.39199],[-75.03239,5.39247],[-75.03345,5.39211],[-75.03363,5.39331],[-75.03244,5.39391],[-75.03128,5.39549],[-75.03079,5.39498],[-75.02947,5.39504],[-75.02679,5.39421],[-75.02849,5.38889],[-75.02843,5.388],[-75.02688,5.38614],[-75.02687,5.38453],[-75.02794,5.38261],[-75.02818,5.38129]]]},"properties":{"cobertura":"Mosaico de cultivos, pastos y espacios naturales","bioma":"Orobioma subandino cordillera central","clima":"Muy Hcmedo","suelo":"Consociacion FLORENCIA","ecosistema":"Mosaico de cultivos, pastos y espacios naturales","area_ha":63.1649}},{"type":"Feature","id":152,"geometry":{"type":"Polygon","coordinates":[[[-75.02451,5.38895],[-75.02326,5.38853],[-75.0229,5.38794],[-75.02349,5.38369],[-75.0239,5.38279],[-75.02563,5.38171],[-75.02605,5.38058],[-75.02687,5.38118],[-75.0258,5.38351],[-75.0258,5.3862],[-75.02539,5.3874],[-75.02584,5.38791],[-75.02451,5.38895]]]},"properties":{"cobertura":"Mosaico de pastos y cultivos","bioma":"Orobioma subandino cordillera central","clima":"Muy Hcmedo","suelo":"Consociacion FLORENCIA","ecosistema":"Mosaico de pastos y cultivos","area_ha":20.0854}},{"type":"Feature","id":153,"geometry":{"type":"Polygon","coordinates":[[[-75.08626,5.39151],[-75.08579,5.39125],[-75.08648,5.39143],[-75.0866,5.39095],[-75.08761,5.39047],[-75.08809,5.38891],[-75.08803,5.38814],[-75.08671,5.38712],[-75.08671,5.38604],[-75.08802,5.38568],[-75.0882,5.38485],[-75.09095,5.38502],[-75.09119,5.38574],[-75.09083,5.38628],[-75.08856,5.38664],[-75.08886,5.38808],[-75.09024,5.38813],[-75.09018,5.3907],[-75.09102,5.39196],[-75.0909,5.39256],[-75.09026,5.39289],[-75.08905,5.39178],[-75.08626,5.39151]]]},"properties":{"cobertura":"Vegetacion secundaria o en transicion","bioma":"Orobioma andino cordillera central","clima":"Muy Hamedo","suelo":"Asociacion SANTA ISABEL - Pensilvania","ecosistema":"Bosque secundario Muy Humedo del Orobioma andino cordillera central","area_ha":24.1171}},{"type":"Feature","id":154,"geometry":{"type":"MultiPolygon","coordinates":[[[[-75.00953,5.39673],[-75.00804,5.39668],[-75.00528,5.3934],[-75.00687,5.39132],[-75.00633,5.38924],[-75.00702,5.38823],[-75.00859,5.38762],[-75.00913,5.39057],[-75.00801,5.39342],[-75.00854,5.39428],[-75.00854,5.39607],[-75.00953,5.39673]]],[[[-75.01,5.40409],[-75.00997,5.40305],[-75.01138,5.40175],[-75.01172,5.39994],[-75.01165,5.39817],[-75.00954,5.39673],[-75.01092,5.3968],[-75.01052,5.39408],[-75.01125,5.39361],[-75.01125,5.39295],[-75.00999,5.39209],[-75.01038,5.3893],[-75.0121,5.3895],[-75.01283,5.38784],[-75.01415,5.38744],[-75.01561,5.3889],[-75.01561,5.39201],[-75.01515,5.39308],[-75.01297,5.39295],[-75.01257,5.39355],[-75.01251,5.39481],[-75.01344,5.39573],[-75.01344,5.39799],[-75.01185,5.39951],[-75.01212,5.40349],[-75.01146,5.40363],[-75.0106,5.4029],[-75.01,5.40409]]]]},"properties":{"cobertura":"Bosque fragmentado con pastos y cultivos","bioma":"Orobioma subandino cordillera central","clima":"Muy Hemedo","suelo":"Consociacion FLORENCIA","ecosistema":"Bosque Muy Humedo del Orobioma subandino cordillera central","area_ha":72.0794}},{"type":"Feature","id":155,"geometry":{"type":"Polygon","coordinates":[[[-75.02818,5.38129],[-75.02826,5.38003],[-75.03172,5.37967],[-75.03285,5.37775],[-75.0338,5.37833],[-75.03369,5.38003],[-75.03476,5.3817],[-75.03476,5.38248],[-75.03423,5.38337],[-75.03312,5.38397],[-75.03273,5.38986],[-75.03345,5.39211],[-75.03239,5.39247],[-75.03168,5.39199],[-75.03054,5.38798],[-75.03113,5.38434],[-75.03202,5.38298],[-75.03105,5.38256],[-75.03009,5.38131],[-75.02818,5.38129]]]},"properties":{"cobertura":"Bosque de galeria y ripario","bioma":"Orobioma subandino cordillera central","clima":"Muy Hemedo","suelo":"Asociacion AZUFRADO - Libano","ecosistema":"Bosque de galeria y ripario Muy Hamedo del Orobioma subandino cordillera central","area_ha":46.2763}},{"type":"Feature","id":156,"geometry":{"type":"MultiPolygon","coordinates":[[[[-75.06402,5.37747],[-75.06416,5.37722],[-75.06534,5.37734],[-75.06498,5.37753],[-75.06402,5.37747]]],[[[-75.07606,5.39934],[-75.07576,5.39862],[-75.07331,5.39656],[-75.07082,5.39581],[-75.07121,5.39367],[-75.073,5.39181],[-75.07329,5.39085],[-75.07108,5.38882],[-75.0706,5.38727],[-75.06827,5.38542],[-75.06791,5.38542],[-75.06762,5.38638],[-75.06601,5.38668],[-75.06541,5.38763],[-75.06541,5.38823],[-75.06684,5.38853],[-75.06649,5.38985],[-75.06697,5.39062],[-75.06703,5.392],[-75.06619,5.3923],[-75.06566,5.3932],[-75.06566,5.39499],[-75.06524,5.39541],[-75.06412,5.39617],[-75.06326,5.39557],[-75.06253,5.39635],[-75.05915,5.39653],[-75.05801,5.39602],[-75.05687,5.3972],[-75.05545,5.39765],[-75.05454,5.39743],[-75.05153,5.39529],[-75.05042,5.39257],[-75.05031,5.39106],[-75.05089,5.38966],[-75.05025,5.38787],[-75.04766,5.38584],[-75.04346,5.38494],[-75.03983,5.38298],[-75.041,5.38229],[-75.04123,5.37715],[-75.04171,5.37685],[-75.04224,5.3744],[-75.04171,5.37326],[-75.04099,5.37326],[-75.04052,5.3753],[-75.03962,5.37583],[-75.03908,5.37494],[-75.03968,5.37434],[-75.03968,5.37231],[-75.04051,5.37224],[-75.04116,5.36901],[-75.04253,5.36794],[-75.04331,5.36841],[-75.04331,5.37045],[-75.04409,5.37027],[-75.04426,5.36698],[-75.04629,5.36482],[-75.04569,5.36362],[-75.04402,5.36315],[-75.04444,5.36239],[-75.04425,5.36],[-75.04824,5.36299],[-75.04767,5.36681],[-75.04882,5.36831],[-75.04748,5.3714],[-75.04755,5.37314],[-75.04905,5.37467],[-75.04856,5.37552],[-75.05071,5.37588],[-75.05083,5.37683],[-75.05149,5.37731],[-75.05125,5.37857],[-75.05161,5.37952],[-75.05245,5.37976],[-75.0534,5.3785],[-75.05377,5.37508],[-75.05501,5.37527],[-75.05549,5.37641],[-75.06007,5.37633],[-75.06175,5.37748],[-75.06187,5.37819],[-75.06307,5.37915],[-75.06325,5.38004],[-75.06391,5.38058],[-75.06295,5.3816],[-75.0629,5.38244],[-75.06152,5.38244],[-75.06093,5.38358],[-75.06111,5.38459],[-75.06004,5.38465],[-75.05818,5.38226],[-75.05675,5.38239],[-75.05711,5.38358],[-75.05848,5.38489],[-75.05747,5.38585],[-75.05777,5.38759],[-75.05736,5.38843],[-75.05742,5.38914],[-75.05831,5.39004],[-75.06201,5.38961],[-75.06225,5.38824],[-75.06123,5.38728],[-75.06117,5.38651],[-75.0629,5.38608],[-75.06201,5.38525],[-75.0626,5.38399],[-75.06385,5.38375],[-75.0638,5.38566],[-75.06499,5.38626],[-75.06577,5.38572],[-75.06624,5.3841],[-75.07041,5.38177],[-75.07035,5.38123],[-75.06892,5.38081],[-75.06755,5.37974],[-75.0676,5.3789],[-75.0688,5.37848],[-75.06927,5.37755],[-75.07076,5.37716],[-75.07273,5.37816],[-75.07313,5.37942],[-75.07592,5.37986],[-75.07727,5.379],[-75.07722,5.38152],[-75.07609,5.38403],[-75.07424,5.38571],[-75.07394,5.38708],[-75.07502,5.38726],[-75.07662,5.38487],[-75.07931,5.38498],[-75.08003,5.38653],[-75.07925,5.38737],[-75.07764,5.38744],[-75.07687,5.38702],[-75.07627,5.3878],[-75.07514,5.3881],[-75.0749,5.38953],[-75.0752,5.38971],[-75.07699,5.38857],[-75.0783,5.38857],[-75.07872,5.38899],[-75.0786,5.38965],[-75.07753,5.39061],[-75.07628,5.39097],[-75.0764,5.39198],[-75.07706,5.39252],[-75.07867,5.39264],[-75.07944,5.39377],[-75.08189,5.39401],[-75.0829,5.39299],[-75.08266,5.39054],[-75.08385,5.3903],[-75.08457,5.39113],[-75.08626,5.39151],[-75.08751,5.39565],[-75.08745,5.39651],[-75.08673,5.39711],[-75.08435,5.39729],[-75.0831,5.39813],[-75.08173,5.39801],[-75.08137,5.39855],[-75.08083,5.39844],[-75.08083,5.3973],[-75.08011,5.39718],[-75.0785,5.3979],[-75.07779,5.39904],[-75.07606,5.39934]]]]},"properties":{"cobertura":"Mosaico de pastos y cultivos","bioma":"Orobioma subandino cordillera central","clima":"Muy Hcmedo","suelo":"Asociacion AZUFRADO - Libano","ecosistema":"Mosaico de pastos y cultivos","area_ha":731.9829}},{"type":"Feature","id":157,"geometry":{"type":"Polygon","coordinates":[[[-75.01125,5.40694],[-75.01011,5.40604],[-75.01113,5.40562],[-75.01119,5.4049],[-75.00996,5.40515],[-75.01034,5.40316],[-75.01073,5.4029],[-75.01146,5.40363],[-75.01212,5.40349],[-75.01185,5.39951],[-75.01318,5.39845],[-75.01344,5.39764],[-75.01617,5.39758],[-75.01605,5.39584],[-75.01372,5.39519],[-75.01378,5.39447],[-75.01521,5.39357],[-75.01568,5.38916],[-75.01475,5.38771],[-75.01356,5.38744],[-75.0127,5.38798],[-75.01224,5.38943],[-75.01038,5.3893],[-75.00999,5.39209],[-75.01125,5.39295],[-75.01125,5.39361],[-75.01052,5.39408],[-75.01092,5.3968],[-75.00986,5.39686],[-75.00854,5.39607],[-75.00854,5.39428],[-75.00801,5.39342],[-75.00913,5.39057],[-75.00859,5.38762],[-75.00998,5.38753],[-75.01224,5.38611],[-75.01219,5.38488],[-75.01351,5.38417],[-75.0155,5.38554],[-75.01783,5.38386],[-75.01857,5.38307],[-75.01957,5.3793],[-75.02138,5.37714],[-75.02145,5.3759],[-75.02238,5.37718],[-75.02169,5.37771],[-75.02223,5.37986],[-75.0236,5.37986],[-75.02456,5.38094],[-75.02456,5.3816],[-75.02325,5.38208],[-75.02259,5.38339],[-75.02211,5.38279],[-75.02038,5.38298],[-75.0202,5.38226],[-75.01967,5.38238],[-75.01955,5.38483],[-75.02003,5.38525],[-75.02164,5.38411],[-75.02218,5.38429],[-75.02248,5.38519],[-75.022,5.38602],[-75.02266,5.38626],[-75.02325,5.3859],[-75.02296,5.38818],[-75.02451,5.38895],[-75.02326,5.39146],[-75.02237,5.39203],[-75.02189,5.39009],[-75.02063,5.38974],[-75.01938,5.38776],[-75.01717,5.38693],[-75.01741,5.38818],[-75.01878,5.39016],[-75.02141,5.39243],[-75.01927,5.3938],[-75.01783,5.39399],[-75.01766,5.39458],[-75.01844,5.3965],[-75.01967,5.39625],[-75.02141,5.39943],[-75.02224,5.39919],[-75.02379,5.39584],[-75.02589,5.39499],[-75.02744,5.39672],[-75.02725,5.39924],[-75.02911,5.40019],[-75.02911,5.40061],[-75.0272,5.40068],[-75.02528,5.39978],[-75.02475,5.4008],[-75.02475,5.40217],[-75.02541,5.40313],[-75.02627,5.40331],[-75.02596,5.40374],[-75.02495,5.40463],[-75.02292,5.40506],[-75.02232,5.40488],[-75.02184,5.4038],[-75.02101,5.40368],[-75.02,5.40692],[-75.01857,5.40728],[-75.01707,5.40662],[-75.01654,5.40584],[-75.01653,5.40495],[-75.01743,5.40351],[-75.0185,5.40333],[-75.01904,5.40279],[-75.01927,5.40141],[-75.01844,5.40076],[-75.01718,5.4007],[-75.01528,5.40363],[-75.01553,5.4083],[-75.01469,5.40937],[-75.01295,5.40983],[-75.01125,5.40694]]]},"properties":{"cobertura":"Mosaico de cultivos, pastos y espacios naturales","bioma":"Orobioma subandino cordillera central","clima":"Muy Hcmedo","suelo":"Consociacion FLORENCIA","ecosistema":"Mosaico de cultivos, pastos y espacios naturales","area_ha":301.4903}},{"type":"Feature","id":158,"geometry":{"type":"Polygon","coordinates":[[[-75.09676,5.39763],[-75.09771,5.39823],[-75.09885,5.40008],[-75.10034,5.40079],[-75.10106,5.40079],[-75.10189,5.39977],[-75.10308,5.39971],[-75.10347,5.39921],[-75.10407,5.39968],[-75.10568,5.3998],[-75.10597,5.39836],[-75.10711,5.39842],[-75.10625,5.39971],[-75.10673,5.4015],[-75.10518,5.40156],[-75.10458,5.40426],[-75.10351,5.40474],[-75.10256,5.40587],[-75.10232,5.40833],[-75.10268,5.4094],[-75.10161,5.40934],[-75.10089,5.40851],[-75.09815,5.40875],[-75.09958,5.40719],[-75.09999,5.406],[-75.09772,5.40343],[-75.09682,5.40337],[-75.09617,5.40397],[-75.09563,5.40367],[-75.09545,5.40122],[-75.09676,5.39763]],[[-75.10065,5.4042],[-75.10226,5.40408],[-75.10213,5.40157],[-75.101,5.40259],[-75.10005,5.40283],[-75.10065,5.4042]]]},"properties":{"cobertura":"Arbustal denso","bioma":"Orobioma andino cordillera central","clima":"Pluvial","suelo":"Asociacion SANTA ISABEL - Pensilvania","ecosistema":"Arbustal Pluvial del Orobioma andino cordillera central","area_ha":70.1599}},{"type":"Feature","id":159,"geometry":{"type":"Polygon","coordinates":[[[-75.08792,5.382],[-75.09001,5.38249],[-75.09106,5.38305],[-75.09003,5.38396],[-75.08792,5.382]]]},"properties":{"cobertura":"Mosaico de pastos y cultivos","bioma":"Orobioma andino cordillera central","clima":"Muy Hcmedo","suelo":"Asociacion SANTA ISABEL - Pensilvania","ecosistema":"Mosaico de pastos y cultivos","area_ha":3.177}},{"type":"Feature","id":160,"geometry":{"type":"Polygon","coordinates":[[[-75.04402,5.36315],[-75.04569,5.36362],[-75.04629,5.36482],[-75.04426,5.36698],[-75.04409,5.37027],[-75.04331,5.37045],[-75.04331,5.36841],[-75.04253,5.36794],[-75.04116,5.36901],[-75.04051,5.37224],[-75.03968,5.37231],[-75.03968,5.37434],[-75.03908,5.37494],[-75.03962,5.37583],[-75.04052,5.3753],[-75.04099,5.37326],[-75.04171,5.37326],[-75.04224,5.3744],[-75.04171,5.37685],[-75.04123,5.37715],[-75.041,5.38229],[-75.03973,5.38285],[-75.03856,5.38053],[-75.03734,5.37977],[-75.03542,5.37663],[-75.03561,5.37475],[-75.03733,5.37266],[-75.03893,5.36921],[-75.0414,5.36679],[-75.04402,5.36315]]]},"properties":{"cobertura":"Cafe con semisombra","bioma":"Orobioma subandino cordillera central","clima":"Muy Hcmedo","suelo":"Asociacion AZUFRADO - Libano","ecosistema":"Cafe con semisombra","area_ha":85.7771}},{"type":"Feature","id":161,"geometry":{"type":"MultiPolygon","coordinates":[[[[-75.05519,5.37551],[-75.05552,5.37583],[-75.0565,5.37617],[-75.05549,5.37641],[-75.05519,5.37551]]],[[[-75.05155,5.37934],[-75.05125,5.37857],[-75.05149,5.37731],[-75.05083,5.37683],[-75.05071,5.37588],[-75.04856,5.37552],[-75.04892,5.37474],[-75.05281,5.37445],[-75.05377,5.37508],[-75.0534,5.3785],[-75.05245,5.37976],[-75.05155,5.37934]]]]},"properties":{"cobertura":"Mosaico de cultivos, pastos y espacios naturales","bioma":"Orobioma subandino cordillera central","clima":"Muy Hcmedo","suelo":"Asociacion AZUFRADO - Libano","ecosistema":"Mosaico de cultivos, pastos y espacios naturales","area_ha":17.3629}},{"type":"Feature","id":162,"geometry":{"type":"Polygon","coordinates":[[[-75.02238,5.37718],[-75.02436,5.37964],[-75.02605,5.38058],[-75.02563,5.38171],[-75.02367,5.38303],[-75.02343,5.3856],[-75.02266,5.38626],[-75.022,5.38602],[-75.02248,5.38519],[-75.02218,5.38429],[-75.02164,5.38411],[-75.01991,5.38525],[-75.01937,5.384],[-75.01949,5.38262],[-75.0199,5.38226],[-75.02032,5.38238],[-75.02038,5.38298],[-75.02211,5.38279],[-75.02259,5.38339],[-75.02325,5.38208],[-75.02456,5.3816],[-75.02456,5.38094],[-75.0236,5.37986],[-75.02241,5.37998],[-75.02211,5.37963],[-75.02169,5.37771],[-75.02238,5.37718]]]},"properties":{"cobertura":"Cafe con semisombra","bioma":"Orobioma subandino cordillera central","clima":"Muy Hcmedo","suelo":"Consociacion FLORENCIA","ecosistema":"Cafe con semisombra","area_ha":21.7361}},{"type":"Feature","id":163,"geometry":{"type":"Polygon","coordinates":[[[-75.02687,5.38113],[-75.02323,5.37851],[-75.02145,5.3759],[-75.02166,5.37222],[-75.02225,5.37111],[-75.02198,5.36699],[-75.02279,5.36852],[-75.02286,5.37462],[-75.02472,5.37582],[-75.03287,5.37775],[-75.03172,5.37967],[-75.02849,5.37991],[-75.02802,5.38064],[-75.02687,5.38113]]]},"properties":{"cobertura":"Cafe con sombra","bioma":"Orobioma subandino cordillera central","clima":"Muy Hcmedo","suelo":"Asociacion AZUFRADO - Libano","ecosistema":"Cafe con sombra","area_ha":52.0219}},{"type":"Feature","id":164,"geometry":{"type":"Polygon","coordinates":[[[-75.03491,5.37849],[-75.03182,5.37724],[-75.02472,5.37582],[-75.02286,5.37462],[-75.02279,5.36852],[-75.02198,5.36699],[-75.02389,5.36473],[-75.02481,5.36239],[-75.02643,5.36089],[-75.02765,5.36056],[-75.02814,5.36261],[-75.02866,5.36309],[-75.03525,5.3628],[-75.03786,5.36212],[-75.0406,5.35974],[-75.04362,5.35944],[-75.04416,5.36018],[-75.0443,5.36237],[-75.04146,5.36659],[-75.03866,5.36933],[-75.03743,5.37147],[-75.0373,5.37248],[-75.03551,5.37463],[-75.03542,5.37687],[-75.03478,5.37727],[-75.03491,5.37849]]]},"properties":{"cobertura":"Cafe con semisombra","bioma":"Orobioma subandino cordillera central","clima":"Muy Hcmedo","suelo":"Asociacion AZUFRADO - Libano","ecosistema":"Cafe con semisombra","area_ha":301.8405}}]}