{"type":"FeatureCollection","features":[{"type":"Feature","id":0,"geometry":{"type":"MultiPolygon","coordinates":[[[[-75.0107,5.40695],[-75.01021,5.40626],[-75.01136,5.40652],[-75.0107,5.40695]]],[[[-75.03516,5.40824],[-75.03427,5.40728],[-75.03361,5.40757],[-75.03455,5.40588],[-75.03551,5.40742],[-75.03516,5.40824]]],[[[-75.01313,5.40901],[-75.01266,5.40769],[-75.01208,5.40743],[-75.01193,5.40696],[-75.01224,5.40659],[-75.01172,5.40583],[-75.01009,5.40525],[-75.01,5.40395],[-75.0119,5.40518],[-75.01287,5.40647],[-75.01414,5.40883],[-75.01313,5.40901]]],[[[-75.01492,5.41058],[-75.01398,5.41011],[-75.01318,5.41048],[-75.01276,5.41021],[-75.01345,5.40937],[-75.01463,5.40973],[-75.01541,5.4109],[-75.01524,5.41116],[-75.01492,5.41058]]],[[[-75.02488,5.42615],[-75.0228,5.42578],[-75.02093,5.42592],[-75.02188,5.42492],[-75.02167,5.4246],[-75.02045,5.42571],[-75.02008,5.42555],[-75.02109,5.42444],[-75.02082,5.42402],[-75.02024,5.42434],[-75.01971,5.42539],[-75.01903,5.42513],[-75.01913,5.4246],[-75.02003,5.42386],[-75.0195,5.42354],[-75.01903,5.42413],[-75.01881,5.42354],[-75.01966,5.42312],[-75.01929,5.42259],[-75.01908,5.42312],[-75.01749,5.4228],[-75.01813,5.42196],[-75.01775,5.42122],[-75.01818,5.42053],[-75.01765,5.42042],[-75.01712,5.4208],[-75.01707,5.42132],[-75.01643,5.42154],[-75.01611,5.42122],[-75.01659,5.42074],[-75.01559,5.42048],[-75.01559,5.42127],[-75.01622,5.42206],[-75.01543,5.42339],[-75.01511,5.42307],[-75.01537,5.42243],[-75.01495,5.42175],[-75.01421,5.4219],[-75.01411,5.42132],[-75.01437,5.42079],[-75.01295,5.41958],[-75.01305,5.41852],[-75.01221,5.41815],[-75.01139,5.41829],[-75.01164,5.41632],[-75.0125,5.41751],[-75.01292,5.4172],[-75.0134,5.41772],[-75.01371,5.4173],[-75.01356,5.41609],[-75.01387,5.4161],[-75.01471,5.41704],[-75.01508,5.41793],[-75.01497,5.41851],[-75.0166,5.41972],[-75.01681,5.41909],[-75.01529,5.41825],[-75.01576,5.41788],[-75.01518,5.41725],[-75.01544,5.41688],[-75.01576,5.4173],[-75.01666,5.41736],[-75.01755,5.41699],[-75.01749,5.41846],[-75.01812,5.41862],[-75.01907,5.41762],[-75.02023,5.41825],[-75.01928,5.41956],[-75.01975,5.41993],[-75.02001,5.41988],[-75.01975,5.41935],[-75.02038,5.41883],[-75.02101,5.41909],[-75.02001,5.42077],[-75.02001,5.4215],[-75.02106,5.4215],[-75.02085,5.4204],[-75.02132,5.41862],[-75.02117,5.41778],[-75.02075,5.4182],[-75.02065,5.41757],[-75.0209,5.41741],[-75.02075,5.41688],[-75.02132,5.41688],[-75.0209,5.41609],[-75.02143,5.41557],[-75.02185,5.41441],[-75.02101,5.41478],[-75.02085,5.41552],[-75.02033,5.4161],[-75.01975,5.41599],[-75.02001,5.41525],[-75.01954,5.41489],[-75.01933,5.41573],[-75.01912,5.41573],[-75.01891,5.41389],[-75.01865,5.41378],[-75.0187,5.41615],[-75.01807,5.41604],[-75.01791,5.4152],[-75.01755,5.41504],[-75.01797,5.41452],[-75.01633,5.41494],[-75.01591,5.41457],[-75.01702,5.41399],[-75.01733,5.41336],[-75.01755,5.41394],[-75.01807,5.41363],[-75.01797,5.41279],[-75.01713,5.41189],[-75.01644,5.41247],[-75.01566,5.41268],[-75.01502,5.41426],[-75.0124,5.41336],[-75.01282,5.41289],[-75.01408,5.41331],[-75.01487,5.41237],[-75.01624,5.41216],[-75.01674,5.41155],[-75.01717,5.41176],[-75.01982,5.41141],[-75.02136,5.41257],[-75.02306,5.41137],[-75.02559,5.40767],[-75.02925,5.40647],[-75.0298,5.4067],[-75.03013,5.40877],[-75.03092,5.40941],[-75.03248,5.40941],[-75.03345,5.40785],[-75.03368,5.40913],[-75.03472,5.40929],[-75.034,5.41092],[-75.0346,5.41124],[-75.03575,5.41073],[-75.03699,5.41101],[-75.03599,5.41308],[-75.03517,5.41691],[-75.03361,5.41839],[-75.03214,5.41904],[-75.03173,5.42001],[-75.03129,5.42411],[-75.03055,5.42499],[-75.03032,5.42507],[-75.02942,5.42415],[-75.02801,5.42416],[-75.02591,5.42605],[-75.02531,5.42571],[-75.02488,5.42615]]]]},"properties":{"uso_principal":"Cultivos permanentes semi intensivos de clima medio","vocacion":"Agrícola","oferta_ambiental":"Áreas Para Producción","area_ha":330.8618}},{"type":"Feature","id":1,"geometry":{"type":"MultiPolygon","coordinates":[[[[-75.02138,5.40346],[-75.02151,5.40315],[-75.02151,5.40379],[-75.02138,5.40346]]],[[[-75.02045,5.40948],[-75.02091,5.40934],[-75.0211,5.40823],[-75.02187,5.40761],[-75.02296,5.40737],[-75.02278,5.40852],[-75.02312,5.40916],[-75.02401,5.40946],[-75.02454,5.40767],[-75.02448,5.40648],[-75.02365,5.40666],[-75.02341,5.40719],[-75.02296,5.4066],[-75.02166,5.40707],[-75.02198,5.4063],[-75.02194,5.4054],[-75.02252,5.40511],[-75.02216,5.40458],[-75.0221,5.40333],[-75.02114,5.40245],[-75.02137,5.40128],[-75.02394,5.40178],[-75.02491,5.40159],[-75.02546,5.40118],[-75.02692,5.39882],[-75.0277,5.39818],[-75.02922,5.39799],[-75.03037,5.39826],[-75.03079,5.39909],[-75.02997,5.4013],[-75.02831,5.40209],[-75.02758,5.40279],[-75.02635,5.4068],[-75.02306,5.41137],[-75.02136,5.41257],[-75.01982,5.41141],[-75.02045,5.40948]]]]},"properties":{"uso_principal":"Cultivos transitorios semi intensivos de clima cálido","vocacion":"Agrícola","oferta_ambiental":"Áreas Para Producción","area_ha":70.9679}},{"type":"Feature","id":2,"geometry":{"type":"MultiPolygon","coordinates":[[[[-75.1015,5.39439],[-75.10087,5.39214],[-75.101,5.3911],[-75.0982,5.39108],[-75.0987,5.39208],[-75.09666,5.3925],[-75.09628,5.39006],[-75.09754,5.39001],[-75.09787,5.38973],[-75.09731,5.38866],[-75.09735,5.38824],[-75.09778,5.38805],[-75.09895,5.38833],[-75.10124,5.38945],[-75.10119,5.39198],[-75.10166,5.39264],[-75.10143,5.39296],[-75.10157,5.39338],[-75.10283,5.39324],[-75.10313,5.39361],[-75.10276,5.39399],[-75.1015,5.39439]]],[[[-75.02097,5.40719],[-75.0208,5.40678],[-75.02032,5.4069],[-75.0202,5.40648],[-75.02061,5.40612],[-75.0208,5.40464],[-75.02138,5.40346],[-75.02127,5.40452],[-75.02194,5.4054],[-75.02198,5.4063],[-75.02166,5.40707],[-75.02097,5.40719]]],[[[-75.02103,5.40827],[-75.0211,5.40823],[-75.02099,5.40844],[-75.02103,5.40827]]],[[[-75.02008,5.40969],[-75.02045,5.40948],[-75.02002,5.41029],[-75.02002,5.41023],[-75.02008,5.40969]]],[[[-75.01674,5.41155],[-75.01749,5.41048],[-75.0166,5.41011],[-75.01624,5.41079],[-75.01528,5.41084],[-75.01463,5.40973],[-75.01518,5.40953],[-75.0146,5.4089],[-75.01414,5.40883],[-75.0119,5.40518],[-75.01,5.40395],[-75.00997,5.40305],[-75.01138,5.40175],[-75.01172,5.39994],[-75.01165,5.39817],[-75.00941,5.39663],[-75.00814,5.39668],[-75.00814,5.39603],[-75.00751,5.39503],[-75.00699,5.39488],[-75.00757,5.39435],[-75.00735,5.39393],[-75.00699,5.39414],[-75.00668,5.39383],[-75.00751,5.39351],[-75.00757,5.39309],[-75.00673,5.39283],[-75.00772,5.39236],[-75.00825,5.39299],[-75.00857,5.39183],[-75.00904,5.39136],[-75.00904,5.39068],[-75.00857,5.39031],[-75.00883,5.38905],[-75.00846,5.38894],[-75.00825,5.38957],[-75.00772,5.38941],[-75.00715,5.38968],[-75.00678,5.38889],[-75.00793,5.38868],[-75.00899,5.38763],[-75.00883,5.38753],[-75.00998,5.38753],[-75.01138,5.38638],[-75.01208,5.38616],[-75.01208,5.38653],[-75.0134,5.38632],[-75.0134,5.387],[-75.01387,5.38747],[-75.01382,5.3881],[-75.01329,5.38815],[-75.01224,5.38768],[-75.01229,5.38989],[-75.01392,5.38957],[-75.01376,5.39015],[-75.01271,5.39046],[-75.01482,5.39183],[-75.01586,5.39225],[-75.01628,5.39215],[-75.01508,5.38999],[-75.01513,5.38921],[-75.01613,5.38983],[-75.01644,5.38957],[-75.01602,5.38873],[-75.01633,5.38826],[-75.01591,5.38784],[-75.01555,5.38868],[-75.01529,5.38868],[-75.0155,5.38773],[-75.01524,5.38742],[-75.01513,5.38789],[-75.01482,5.38794],[-75.01418,5.38605],[-75.01366,5.38574],[-75.01382,5.38516],[-75.01316,5.38436],[-75.01351,5.38417],[-75.0155,5.38554],[-75.01857,5.38307],[-75.01888,5.38111],[-75.01957,5.3793],[-75.02138,5.37714],[-75.02166,5.37222],[-75.02225,5.37111],[-75.02197,5.36701],[-75.02389,5.36473],[-75.02416,5.36333],[-75.02481,5.36239],[-75.02643,5.36089],[-75.02765,5.36056],[-75.02814,5.36261],[-75.02866,5.36309],[-75.03081,5.36307],[-75.03169,5.36276],[-75.03525,5.3628],[-75.03786,5.36212],[-75.0406,5.35974],[-75.04229,5.35954],[-75.04253,5.36194],[-75.04191,5.36325],[-75.03955,5.3666],[-75.03783,5.36802],[-75.03736,5.36882],[-75.03687,5.36842],[-75.03683,5.36669],[-75.03609,5.36598],[-75.03627,5.3644],[-75.03564,5.36372],[-75.03474,5.36346],[-75.03451,5.36372],[-75.03484,5.3641],[-75.03552,5.36417],[-75.03574,5.36481],[-75.03529,5.36511],[-75.03425,5.36489],[-75.03368,5.36526],[-75.03387,5.36571],[-75.03658,5.36684],[-75.03654,5.36815],[-75.03391,5.368],[-75.03267,5.3674],[-75.03158,5.36609],[-75.03136,5.36643],[-75.03297,5.3683],[-75.03507,5.36894],[-75.03619,5.36864],[-75.03711,5.3692],[-75.03573,5.3722],[-75.03492,5.37307],[-75.03296,5.37177],[-75.03236,5.37106],[-75.03225,5.36963],[-75.03034,5.36701],[-75.03017,5.36731],[-75.0307,5.36844],[-75.02915,5.36897],[-75.02957,5.36939],[-75.03064,5.36909],[-75.03165,5.36957],[-75.03153,5.37112],[-75.02927,5.37159],[-75.02868,5.37195],[-75.02868,5.37248],[-75.02994,5.37216],[-75.03022,5.37465],[-75.03263,5.37493],[-75.03227,5.37606],[-75.0327,5.37737],[-75.0323,5.37759],[-75.03022,5.37677],[-75.02939,5.37677],[-75.0285,5.37522],[-75.02808,5.37332],[-75.02594,5.37225],[-75.02594,5.37278],[-75.02654,5.37344],[-75.02683,5.37445],[-75.02796,5.37564],[-75.02814,5.37629],[-75.02606,5.37587],[-75.02493,5.37582],[-75.02457,5.37605],[-75.02522,5.37647],[-75.02808,5.37689],[-75.02814,5.37742],[-75.02779,5.37808],[-75.02701,5.37867],[-75.02719,5.37938],[-75.02898,5.37724],[-75.03052,5.3773],[-75.03205,5.37797],[-75.03179,5.37985],[-75.03136,5.38004],[-75.03041,5.37985],[-75.02956,5.38075],[-75.02822,5.3809],[-75.02841,5.38175],[-75.0277,5.38304],[-75.02818,5.38351],[-75.02875,5.38304],[-75.02913,5.38166],[-75.02989,5.38189],[-75.03022,5.38128],[-75.03117,5.38142],[-75.03213,5.38018],[-75.0327,5.38118],[-75.03227,5.38223],[-75.03156,5.38242],[-75.03127,5.38492],[-75.02981,5.38442],[-75.02805,5.38442],[-75.02762,5.3838],[-75.02747,5.38427],[-75.027,5.38399],[-75.027,5.3848],[-75.02995,5.38489],[-75.0311,5.38533],[-75.03084,5.38665],[-75.03017,5.3877],[-75.03022,5.38818],[-75.03075,5.38851],[-75.03028,5.38965],[-75.03047,5.39046],[-75.03123,5.3917],[-75.03247,5.39194],[-75.03247,5.39132],[-75.03185,5.39079],[-75.03166,5.38994],[-75.03227,5.38875],[-75.03098,5.38765],[-75.03136,5.38699],[-75.03189,5.38694],[-75.03151,5.38589],[-75.03198,5.38589],[-75.03189,5.38418],[-75.03217,5.38294],[-75.03284,5.38251],[-75.03351,5.38123],[-75.03336,5.38061],[-75.03255,5.38009],[-75.03265,5.37837],[-75.03407,5.37728],[-75.03719,5.38173],[-75.03632,5.38245],[-75.03513,5.38411],[-75.03513,5.38507],[-75.03477,5.38548],[-75.03418,5.38548],[-75.03394,5.38596],[-75.03442,5.3862],[-75.03418,5.38673],[-75.03537,5.38655],[-75.03597,5.38495],[-75.03597,5.38411],[-75.03754,5.3826],[-75.03798,5.38314],[-75.03882,5.38351],[-75.03928,5.38425],[-75.03898,5.38446],[-75.03898,5.38513],[-75.03817,5.38546],[-75.03808,5.3858],[-75.03841,5.38627],[-75.03893,5.38599],[-75.03912,5.38642],[-75.03812,5.38699],[-75.03746,5.38832],[-75.03764,5.38889],[-75.03917,5.38694],[-75.04064,5.38585],[-75.0407,5.3854],[-75.04118,5.38508],[-75.04133,5.38559],[-75.04098,5.38575],[-75.04098,5.38637],[-75.03822,5.38894],[-75.03864,5.38975],[-75.03993,5.38913],[-75.04027,5.3877],[-75.0415,5.38618],[-75.04214,5.38663],[-75.0414,5.38746],[-75.0406,5.38946],[-75.0406,5.38999],[-75.04131,5.39037],[-75.0414,5.38932],[-75.04198,5.38899],[-75.04279,5.38689],[-75.04512,5.38667],[-75.04502,5.38718],[-75.04408,5.38794],[-75.04364,5.38899],[-75.04283,5.38979],[-75.04288,5.39065],[-75.04212,5.39099],[-75.04245,5.39151],[-75.04445,5.38951],[-75.04507,5.38784],[-75.04569,5.38708],[-75.04564,5.38666],[-75.04649,5.38653],[-75.04821,5.38829],[-75.04885,5.38842],[-75.04928,5.38885],[-75.04954,5.39],[-75.04906,5.39154],[-75.04834,5.39163],[-75.04778,5.39244],[-75.04787,5.39287],[-75.04646,5.39326],[-75.04568,5.39416],[-75.04534,5.3948],[-75.04551,5.39604],[-75.04385,5.39551],[-75.04236,5.39402],[-75.04153,5.39229],[-75.04081,5.392],[-75.04057,5.39229],[-75.04212,5.39467],[-75.04087,5.39533],[-75.03843,5.39527],[-75.03838,5.39568],[-75.03873,5.3961],[-75.04099,5.39574],[-75.04236,5.39604],[-75.04272,5.39545],[-75.0453,5.39664],[-75.04469,5.39703],[-75.04513,5.40005],[-75.04379,5.40044],[-75.04045,5.39931],[-75.03986,5.39943],[-75.03951,5.40015],[-75.04289,5.4005],[-75.04337,5.40104],[-75.04427,5.4014],[-75.04495,5.40075],[-75.04517,5.40131],[-75.04418,5.4026],[-75.04311,5.40225],[-75.04299,5.40375],[-75.04182,5.40372],[-75.04111,5.40401],[-75.04057,5.40336],[-75.03802,5.40342],[-75.03813,5.40479],[-75.03879,5.4049],[-75.03968,5.40389],[-75.0404,5.40395],[-75.04075,5.40467],[-75.04189,5.40419],[-75.04253,5.40431],[-75.0432,5.40405],[-75.042,5.40572],[-75.04195,5.40636],[-75.04269,5.40726],[-75.04294,5.40855],[-75.04186,5.40896],[-75.03968,5.40758],[-75.03897,5.40871],[-75.03808,5.40824],[-75.03719,5.40841],[-75.03694,5.40877],[-75.03531,5.40824],[-75.03551,5.40742],[-75.03455,5.40588],[-75.03248,5.40941],[-75.03161,5.4095],[-75.03036,5.40914],[-75.0298,5.4067],[-75.02925,5.40647],[-75.02559,5.40767],[-75.02635,5.4068],[-75.02758,5.40279],[-75.02831,5.40209],[-75.02997,5.4013],[-75.03047,5.40038],[-75.03079,5.39909],[-75.03037,5.39826],[-75.02922,5.39799],[-75.0277,5.39818],[-75.02692,5.39882],[-75.02546,5.40118],[-75.02491,5.40159],[-75.02394,5.40178],[-75.02137,5.40128],[-75.02091,5.40291],[-75.0202,5.40374],[-75.01972,5.40386],[-75.01907,5.40303],[-75.0183,5.40303],[-75.01829,5.40368],[-75.01925,5.4041],[-75.01925,5.40464],[-75.01889,5.40493],[-75.01711,5.40392],[-75.01675,5.40446],[-75.01693,5.40488],[-75.01675,5.40535],[-75.01723,5.40648],[-75.01859,5.40755],[-75.0199,5.40773],[-75.0205,5.40809],[-75.01955,5.40963],[-75.01913,5.40803],[-75.01693,5.40767],[-75.01693,5.40844],[-75.01913,5.40916],[-75.01936,5.41047],[-75.01889,5.411],[-75.01889,5.41142],[-75.01987,5.41105],[-75.01982,5.41141],[-75.01717,5.41176],[-75.01674,5.41155]]],[[[-75.11723,5.41706],[-75.11676,5.41642],[-75.11629,5.41688],[-75.11616,5.41656],[-75.11652,5.41585],[-75.11726,5.41563],[-75.11755,5.41481],[-75.11616,5.41513],[-75.11544,5.41478],[-75.11616,5.41206],[-75.11665,5.4126],[-75.11676,5.41335],[-75.11619,5.41431],[-75.11637,5.41463],[-75.11726,5.41338],[-75.11794,5.41303],[-75.11829,5.41328],[-75.11829,5.41378],[-75.11862,5.41413],[-75.1188,5.41399],[-75.11869,5.41363],[-75.11951,5.41256],[-75.11922,5.41192],[-75.11948,5.41128],[-75.12029,5.41196],[-75.12073,5.41192],[-75.12119,5.41142],[-75.11954,5.41056],[-75.11769,5.41114],[-75.1168,5.41096],[-75.11637,5.41042],[-75.1174,5.40932],[-75.11848,5.40914],[-75.11851,5.4086],[-75.11729,5.40882],[-75.11723,5.40846],[-75.11812,5.40732],[-75.11823,5.40767],[-75.1189,5.40757],[-75.11938,5.40681],[-75.12118,5.40691],[-75.12076,5.40753],[-75.11905,5.40821],[-75.11908,5.40846],[-75.11987,5.4086],[-75.12094,5.40853],[-75.12158,5.40739],[-75.1224,5.40789],[-75.12284,5.4077],[-75.12346,5.40821],[-75.12521,5.40798],[-75.12552,5.40837],[-75.12429,5.40914],[-75.12247,5.40924],[-75.12176,5.4096],[-75.12144,5.41039],[-75.12151,5.41074],[-75.12212,5.41028],[-75.12344,5.41024],[-75.12386,5.40982],[-75.12422,5.41014],[-75.12465,5.40992],[-75.12654,5.4111],[-75.12479,5.41139],[-75.12394,5.4121],[-75.12373,5.41253],[-75.12401,5.41271],[-75.12461,5.41235],[-75.1264,5.41231],[-75.12701,5.41124],[-75.12704,5.41064],[-75.12647,5.41032],[-75.12623,5.40979],[-75.12775,5.41039],[-75.12807,5.41027],[-75.12839,5.41083],[-75.12817,5.41175],[-75.12863,5.4123],[-75.12743,5.41313],[-75.12371,5.41411],[-75.12369,5.41481],[-75.12322,5.41463],[-75.12318,5.41399],[-75.12286,5.41413],[-75.12294,5.41545],[-75.12208,5.41496],[-75.12237,5.41563],[-75.12197,5.4161],[-75.12144,5.4162],[-75.12108,5.41613],[-75.12105,5.41506],[-75.12165,5.41453],[-75.1214,5.4141],[-75.12051,5.41446],[-75.1204,5.41631],[-75.11973,5.41674],[-75.11948,5.41635],[-75.11987,5.41592],[-75.11944,5.4156],[-75.11869,5.41567],[-75.11852,5.41631],[-75.11726,5.41742],[-75.11773,5.41788],[-75.11769,5.4182],[-75.11716,5.41824],[-75.11697,5.41781],[-75.11723,5.41706]]],[[[-75.13357,5.42017],[-75.13361,5.41995],[-75.13363,5.42027],[-75.13357,5.42017]]],[[[-75.12242,5.42071],[-75.12119,5.4205],[-75.12116,5.41993],[-75.12045,5.42003],[-75.11803,5.4191],[-75.11749,5.41936],[-75.11649,5.41924],[-75.11585,5.41882],[-75.11536,5.41905],[-75.11481,5.4186],[-75.11556,5.41806],[-75.11585,5.41844],[-75.11656,5.41822],[-75.11756,5.41879],[-75.11846,5.41825],[-75.11808,5.41756],[-75.11872,5.41697],[-75.119,5.41784],[-75.11932,5.41787],[-75.11943,5.41744],[-75.12012,5.41739],[-75.12074,5.41678],[-75.12221,5.41685],[-75.12242,5.41656],[-75.12247,5.41715],[-75.12283,5.41716],[-75.12276,5.41628],[-75.12228,5.41628],[-75.12251,5.41592],[-75.12318,5.41597],[-75.12363,5.41566],[-75.12351,5.41516],[-75.12375,5.41516],[-75.12376,5.41545],[-75.12702,5.41614],[-75.12714,5.41656],[-75.12837,5.41622],[-75.12957,5.41797],[-75.13292,5.41835],[-75.13312,5.41902],[-75.13146,5.41962],[-75.13132,5.41903],[-75.13177,5.41896],[-75.1316,5.41856],[-75.13049,5.41957],[-75.13025,5.41879],[-75.12984,5.41889],[-75.1293,5.41998],[-75.12892,5.41976],[-75.1293,5.41879],[-75.12871,5.41751],[-75.12788,5.41749],[-75.12783,5.41789],[-75.12854,5.4187],[-75.12818,5.41929],[-75.12747,5.4195],[-75.12698,5.42043],[-75.12648,5.42014],[-75.12617,5.42033],[-75.12544,5.4195],[-75.12475,5.41931],[-75.12401,5.42069],[-75.12278,5.42088],[-75.12283,5.42124],[-75.12238,5.42138],[-75.12195,5.42119],[-75.12242,5.42071]]],[[[-75.03877,5.43053],[-75.03511,5.42879],[-75.03434,5.4276],[-75.0323,5.42586],[-75.03075,5.42555],[-75.03032,5.42507],[-75.03129,5.42411],[-75.03173,5.42001],[-75.03214,5.41904],[-75.03361,5.41839],[-75.03517,5.41691],[-75.03599,5.41308],[-75.03699,5.41101],[-75.03575,5.41073],[-75.0346,5.41124],[-75.034,5.41092],[-75.03472,5.40929],[-75.03564,5.40883],[-75.037,5.4096],[-75.03843,5.40901],[-75.03897,5.4096],[-75.03968,5.40948],[-75.04034,5.40883],[-75.04161,5.40975],[-75.04187,5.4106],[-75.04294,5.4112],[-75.04281,5.41236],[-75.0432,5.41279],[-75.04311,5.41407],[-75.04371,5.41476],[-75.04551,5.41519],[-75.04723,5.41682],[-75.04752,5.41797],[-75.04926,5.41846],[-75.04984,5.42145],[-75.05032,5.42126],[-75.04979,5.41991],[-75.04979,5.41856],[-75.05046,5.41895],[-75.05046,5.41986],[-75.051,5.42068],[-75.05042,5.42193],[-75.05056,5.42265],[-75.05013,5.42342],[-75.05003,5.42434],[-75.05191,5.42584],[-75.05161,5.42609],[-75.05015,5.42519],[-75.05015,5.42558],[-75.05109,5.42635],[-75.05096,5.42707],[-75.05053,5.42716],[-75.05058,5.42763],[-75.04989,5.42729],[-75.05006,5.42665],[-75.05049,5.42652],[-75.05028,5.42613],[-75.0489,5.42575],[-75.04929,5.42438],[-75.04869,5.42438],[-75.04865,5.42519],[-75.04818,5.42433],[-75.04787,5.42425],[-75.04787,5.4248],[-75.0483,5.42549],[-75.04818,5.42596],[-75.04852,5.42643],[-75.04933,5.42652],[-75.04933,5.42733],[-75.04899,5.42733],[-75.0492,5.42802],[-75.0489,5.42887],[-75.04848,5.42951],[-75.04758,5.42904],[-75.04779,5.42956],[-75.0472,5.42917],[-75.04707,5.42832],[-75.04826,5.42892],[-75.04852,5.4287],[-75.04874,5.42827],[-75.04856,5.42707],[-75.04792,5.42626],[-75.04775,5.42733],[-75.04805,5.42806],[-75.04745,5.42763],[-75.04758,5.42656],[-75.04736,5.42622],[-75.04651,5.42617],[-75.04685,5.42703],[-75.04646,5.42737],[-75.04646,5.4278],[-75.04697,5.4278],[-75.04676,5.42913],[-75.04591,5.42879],[-75.04535,5.42939],[-75.04531,5.42973],[-75.04574,5.42969],[-75.04599,5.4293],[-75.04651,5.42964],[-75.04599,5.42977],[-75.04565,5.43042],[-75.04458,5.43035],[-75.04329,5.42949],[-75.04186,5.42915],[-75.04136,5.42917],[-75.04084,5.43028],[-75.04019,5.43059],[-75.03877,5.43053]]],[[[-75.1362,5.42596],[-75.13486,5.42567],[-75.13405,5.42625],[-75.13327,5.42576],[-75.13338,5.42509],[-75.13262,5.42514],[-75.13164,5.42553],[-75.13161,5.42586],[-75.13238,5.42583],[-75.13234,5.42653],[-75.13097,5.42693],[-75.1305,5.42681],[-75.13122,5.42593],[-75.13045,5.42544],[-75.12994,5.42551],[-75.12948,5.42453],[-75.12802,5.42456],[-75.12778,5.424],[-75.12799,5.4233],[-75.12852,5.42318],[-75.12857,5.42363],[-75.12906,5.4236],[-75.12907,5.42321],[-75.12964,5.42268],[-75.12929,5.42249],[-75.12797,5.42296],[-75.12775,5.42256],[-75.12792,5.42191],[-75.1284,5.42131],[-75.12859,5.42149],[-75.12832,5.42235],[-75.12864,5.42238],[-75.12917,5.42066],[-75.12964,5.42042],[-75.12997,5.42105],[-75.13027,5.42091],[-75.13027,5.42056],[-75.13104,5.42065],[-75.13088,5.41975],[-75.1315,5.42016],[-75.13215,5.41994],[-75.13273,5.4201],[-75.13287,5.41956],[-75.1332,5.41958],[-75.13297,5.42042],[-75.13248,5.42063],[-75.13247,5.42082],[-75.13332,5.42103],[-75.13259,5.4213],[-75.13277,5.42212],[-75.13204,5.4221],[-75.13189,5.42161],[-75.13085,5.42223],[-75.13043,5.42198],[-75.13041,5.42153],[-75.13008,5.42152],[-75.13026,5.42214],[-75.12995,5.42237],[-75.13049,5.42291],[-75.13181,5.42239],[-75.13329,5.42289],[-75.13231,5.42474],[-75.13259,5.42497],[-75.13374,5.42355],[-75.13448,5.42476],[-75.13677,5.42591],[-75.13747,5.42667],[-75.14154,5.42772],[-75.14108,5.42926],[-75.14149,5.43033],[-75.13963,5.43197],[-75.13838,5.43114],[-75.13744,5.42914],[-75.13744,5.42844],[-75.13696,5.42785],[-75.13679,5.42638],[-75.1362,5.42596]]],[[[-75.11982,5.43294],[-75.11911,5.43226],[-75.119,5.43269],[-75.1185,5.43266],[-75.11846,5.43166],[-75.1189,5.43141],[-75.11893,5.43066],[-75.11861,5.43048],[-75.11843,5.43109],[-75.11775,5.43137],[-75.117,5.43276],[-75.11647,5.43251],[-75.11718,5.43155],[-75.11686,5.43112],[-75.11586,5.43084],[-75.11629,5.43162],[-75.11622,5.43202],[-75.11572,5.43237],[-75.11554,5.43216],[-75.11586,5.43173],[-75.11497,5.43155],[-75.11543,5.4308],[-75.11525,5.43048],[-75.11586,5.42966],[-75.11575,5.42927],[-75.11536,5.42941],[-75.11543,5.42816],[-75.11482,5.42663],[-75.11407,5.42777],[-75.11482,5.42791],[-75.11493,5.42952],[-75.11436,5.43037],[-75.11469,5.43151],[-75.11429,5.43198],[-75.11411,5.43177],[-75.11418,5.42973],[-75.11361,5.42977],[-75.11336,5.43019],[-75.11272,5.43016],[-75.11222,5.4307],[-75.11065,5.43102],[-75.11104,5.43141],[-75.11147,5.43148],[-75.11182,5.43116],[-75.1125,5.43152],[-75.11208,5.43194],[-75.11015,5.43248],[-75.10965,5.43166],[-75.11011,5.43141],[-75.1104,5.43016],[-75.11161,5.43041],[-75.11297,5.42948],[-75.11179,5.42891],[-75.11144,5.42812],[-75.11172,5.42784],[-75.11258,5.4278],[-75.11269,5.42741],[-75.11165,5.42688],[-75.11243,5.42659],[-75.11265,5.42623],[-75.11186,5.42498],[-75.11201,5.42416],[-75.11243,5.4242],[-75.11301,5.42573],[-75.11343,5.42577],[-75.11514,5.4258],[-75.11611,5.42513],[-75.11568,5.42445],[-75.11411,5.42395],[-75.11386,5.4232],[-75.11429,5.42313],[-75.11647,5.42427],[-75.11665,5.42505],[-75.11614,5.42623],[-75.11604,5.4288],[-75.11629,5.42912],[-75.11714,5.42912],[-75.11693,5.43023],[-75.11729,5.43044],[-75.11761,5.4302],[-75.11775,5.42937],[-75.11814,5.42927],[-75.11864,5.42773],[-75.11907,5.42773],[-75.12,5.42852],[-75.12025,5.43105],[-75.12054,5.43134],[-75.12096,5.43023],[-75.12182,5.42962],[-75.12179,5.42905],[-75.12232,5.42937],[-75.12232,5.4298],[-75.12135,5.43077],[-75.1209,5.43266],[-75.12018,5.43262],[-75.11982,5.43294]]],[[[-75.04644,5.43296],[-75.04642,5.43291],[-75.04646,5.43294],[-75.04644,5.43296]]],[[[-75.13234,5.43455],[-75.13254,5.43443],[-75.13296,5.43478],[-75.13285,5.43497],[-75.13234,5.43455]]],[[[-75.12962,5.4346],[-75.1293,5.43402],[-75.13003,5.43392],[-75.13031,5.43425],[-75.13056,5.43407],[-75.13026,5.4328],[-75.13129,5.43177],[-75.13135,5.43139],[-75.12962,5.4324],[-75.12886,5.43222],[-75.12886,5.43156],[-75.12972,5.43024],[-75.1297,5.42969],[-75.1293,5.42943],[-75.12949,5.42913],[-75.12897,5.42877],[-75.12978,5.42845],[-75.1296,5.42807],[-75.12848,5.42822],[-75.12838,5.42918],[-75.12792,5.42918],[-75.12742,5.42852],[-75.12749,5.42733],[-75.12709,5.42705],[-75.12656,5.42862],[-75.12567,5.42966],[-75.12554,5.43062],[-75.12341,5.43126],[-75.12339,5.42954],[-75.12412,5.42941],[-75.12433,5.42974],[-75.1255,5.42921],[-75.12529,5.42769],[-75.12628,5.42748],[-75.12653,5.42718],[-75.12661,5.42667],[-75.12613,5.42665],[-75.12623,5.42591],[-75.12481,5.42535],[-75.12537,5.42274],[-75.12628,5.42272],[-75.12635,5.42348],[-75.12661,5.42383],[-75.12701,5.42373],[-75.12747,5.42505],[-75.1282,5.42556],[-75.12861,5.42657],[-75.12792,5.42672],[-75.12853,5.42761],[-75.12894,5.42784],[-75.12914,5.42746],[-75.12982,5.42753],[-75.12968,5.42672],[-75.13026,5.42728],[-75.13183,5.427],[-75.13241,5.42771],[-75.13292,5.42756],[-75.13337,5.42789],[-75.13264,5.42822],[-75.13287,5.42916],[-75.13188,5.42984],[-75.13279,5.43027],[-75.13309,5.42989],[-75.1334,5.43035],[-75.13348,5.43111],[-75.13269,5.43189],[-75.13198,5.43212],[-75.13203,5.4324],[-75.13289,5.4326],[-75.13281,5.43379],[-75.1319,5.43456],[-75.131,5.43487],[-75.13058,5.43448],[-75.13,5.43501],[-75.12939,5.43491],[-75.12962,5.4346]]],[[[-75.04897,5.4354],[-75.04888,5.43487],[-75.0486,5.43487],[-75.04886,5.43427],[-75.04942,5.43414],[-75.04908,5.43483],[-75.04989,5.43448],[-75.04972,5.4332],[-75.04895,5.43393],[-75.04792,5.43414],[-75.04792,5.43346],[-75.04749,5.43333],[-75.04745,5.43251],[-75.0471,5.43247],[-75.04779,5.43196],[-75.04758,5.43149],[-75.04707,5.43123],[-75.04672,5.43144],[-75.04672,5.43273],[-75.04612,5.43194],[-75.04498,5.43137],[-75.045,5.43089],[-75.04625,5.43114],[-75.04604,5.4314],[-75.0463,5.43174],[-75.04707,5.43037],[-75.04715,5.4308],[-75.04805,5.4311],[-75.04805,5.4305],[-75.04864,5.4302],[-75.04822,5.43281],[-75.04848,5.43363],[-75.04878,5.43333],[-75.04882,5.43247],[-75.0498,5.4329],[-75.04989,5.43209],[-75.0492,5.43071],[-75.0492,5.42986],[-75.05019,5.42887],[-75.04993,5.43029],[-75.0501,5.43149],[-75.05058,5.43101],[-75.05058,5.43011],[-75.05092,5.43033],[-75.05139,5.42943],[-75.05079,5.42866],[-75.05156,5.42789],[-75.0519,5.42682],[-75.05263,5.42836],[-75.05229,5.42986],[-75.05173,5.4305],[-75.05216,5.43174],[-75.05251,5.4317],[-75.05203,5.4323],[-75.05229,5.43268],[-75.05272,5.43239],[-75.05336,5.43042],[-75.05362,5.43127],[-75.05344,5.43144],[-75.05405,5.43204],[-75.05366,5.43226],[-75.05396,5.4326],[-75.05443,5.4323],[-75.05482,5.43303],[-75.05443,5.43311],[-75.05342,5.43438],[-75.05344,5.43397],[-75.0528,5.43354],[-75.05246,5.43466],[-75.05161,5.43478],[-75.05199,5.43388],[-75.05164,5.43307],[-75.0519,5.43183],[-75.05118,5.43084],[-75.05053,5.4323],[-75.05066,5.43298],[-75.05092,5.43307],[-75.05105,5.43136],[-75.05126,5.43247],[-75.051,5.43384],[-75.05015,5.43474],[-75.04897,5.4354]]],[[[-75.1352,5.43694],[-75.13369,5.43569],[-75.13386,5.43554],[-75.13355,5.43529],[-75.13383,5.43458],[-75.13317,5.43402],[-75.13396,5.43382],[-75.13419,5.43301],[-75.13492,5.43326],[-75.13457,5.43364],[-75.13479,5.43394],[-75.13411,5.43415],[-75.13494,5.43493],[-75.13535,5.43506],[-75.13583,5.43481],[-75.13512,5.43564],[-75.13477,5.43559],[-75.13472,5.43508],[-75.13434,5.43514],[-75.13434,5.43597],[-75.13616,5.43569],[-75.13649,5.43579],[-75.13677,5.43666],[-75.13705,5.4366],[-75.13738,5.43648],[-75.13682,5.43577],[-75.13735,5.43536],[-75.1372,5.43501],[-75.13778,5.43432],[-75.13816,5.43465],[-75.1375,5.4361],[-75.1377,5.43633],[-75.13658,5.43708],[-75.1352,5.43694]]],[[[-75.05469,5.4374],[-75.05502,5.43721],[-75.05475,5.43757],[-75.05469,5.4374]]],[[[-75.12587,5.44195],[-75.1263,5.44106],[-75.12663,5.44127],[-75.12631,5.44162],[-75.12587,5.44195]]],[[[-75.125,5.44967],[-75.12516,5.44949],[-75.12514,5.44979],[-75.125,5.44967]]],[[[-75.11743,5.44923],[-75.11575,5.44918],[-75.1158,5.44876],[-75.11505,5.44843],[-75.11486,5.44806],[-75.11565,5.44661],[-75.11603,5.44642],[-75.11636,5.4452],[-75.11706,5.44488],[-75.11748,5.44558],[-75.11828,5.4453],[-75.11889,5.44474],[-75.11912,5.44389],[-75.12015,5.44333],[-75.12015,5.44291],[-75.12095,5.44277],[-75.12109,5.44235],[-75.12151,5.4423],[-75.12174,5.44263],[-75.12216,5.44249],[-75.12231,5.44122],[-75.12254,5.4409],[-75.12291,5.44108],[-75.12301,5.44277],[-75.12249,5.44305],[-75.12212,5.44417],[-75.12244,5.44534],[-75.12174,5.44577],[-75.11987,5.44473],[-75.11945,5.44478],[-75.11922,5.44558],[-75.11949,5.4459],[-75.11992,5.44572],[-75.12029,5.4459],[-75.12038,5.44633],[-75.11987,5.44698],[-75.11828,5.44642],[-75.1179,5.44661],[-75.11889,5.44792],[-75.11903,5.4496],[-75.11879,5.44993],[-75.11795,5.44988],[-75.11743,5.44923]]],[[[-75.12084,5.45399],[-75.12039,5.45242],[-75.12068,5.45214],[-75.1216,5.45295],[-75.12231,5.45258],[-75.12346,5.45305],[-75.12379,5.45282],[-75.12366,5.45198],[-75.12288,5.45214],[-75.12092,5.4518],[-75.12081,5.45096],[-75.12196,5.45056],[-75.12194,5.45015],[-75.12236,5.45015],[-75.12291,5.45077],[-75.1228,5.45117],[-75.12317,5.45138],[-75.12411,5.4507],[-75.1243,5.44991],[-75.12506,5.45085],[-75.12495,5.45223],[-75.12439,5.45342],[-75.12379,5.45323],[-75.12286,5.45402],[-75.12163,5.45423],[-75.12084,5.45399]]],[[[-75.08573,5.45688],[-75.08599,5.45706],[-75.08584,5.45746],[-75.08575,5.45708],[-75.08573,5.45688]]],[[[-75.12008,5.45617],[-75.12246,5.45556],[-75.1227,5.4559],[-75.12283,5.45509],[-75.12376,5.45463],[-75.12258,5.45675],[-75.12142,5.45797],[-75.12202,5.45732],[-75.12207,5.45643],[-75.12244,5.45625],[-75.12223,5.45585],[-75.12152,5.45614],[-75.12084,5.45802],[-75.12045,5.45813],[-75.12011,5.45768],[-75.12008,5.45617]]],[[[-75.08594,5.45785],[-75.08637,5.45887],[-75.08605,5.45933],[-75.08606,5.45872],[-75.08594,5.45785]]],[[[-75.11839,5.45899],[-75.11808,5.45836],[-75.11898,5.45859],[-75.11966,5.45954],[-75.11839,5.45899]]],[[[-75.08654,5.46201],[-75.08649,5.46171],[-75.08658,5.46206],[-75.08654,5.46201]]],[[[-75.11037,5.46041],[-75.11037,5.45936],[-75.11218,5.45993],[-75.1123,5.45945],[-75.11139,5.45879],[-75.11073,5.45748],[-75.11016,5.45726],[-75.10967,5.45616],[-75.10893,5.45581],[-75.10841,5.45476],[-75.10757,5.45441],[-75.10757,5.45392],[-75.10999,5.45506],[-75.10999,5.45568],[-75.11086,5.45704],[-75.11104,5.45677],[-75.11192,5.45726],[-75.11217,5.45721],[-75.11187,5.45642],[-75.11121,5.4562],[-75.11034,5.45454],[-75.10985,5.45449],[-75.1088,5.45366],[-75.10893,5.45335],[-75.11025,5.45375],[-75.11069,5.45449],[-75.1116,5.45498],[-75.11192,5.4559],[-75.11279,5.45616],[-75.11279,5.45572],[-75.11226,5.45537],[-75.11213,5.45489],[-75.11266,5.4541],[-75.11349,5.45598],[-75.11345,5.45765],[-75.11393,5.45739],[-75.11433,5.4555],[-75.11345,5.45467],[-75.11305,5.45375],[-75.11169,5.45366],[-75.1106,5.45296],[-75.10871,5.45265],[-75.10823,5.45318],[-75.10691,5.453],[-75.10691,5.4527],[-75.10621,5.45274],[-75.10638,5.45392],[-75.10595,5.45397],[-75.1059,5.45296],[-75.10533,5.453],[-75.10542,5.45388],[-75.1048,5.45436],[-75.10512,5.45563],[-75.10674,5.45603],[-75.10612,5.45642],[-75.10529,5.45616],[-75.10445,5.45651],[-75.10305,5.45585],[-75.10301,5.45559],[-75.10424,5.45541],[-75.10402,5.45506],[-75.10235,5.45515],[-75.10226,5.45476],[-75.10336,5.45388],[-75.10226,5.45388],[-75.10217,5.45344],[-75.10279,5.45305],[-75.10332,5.45318],[-75.10367,5.45296],[-75.10367,5.45248],[-75.10468,5.45199],[-75.10445,5.45322],[-75.10564,5.45217],[-75.10625,5.45221],[-75.1077,5.4516],[-75.10761,5.45077],[-75.10818,5.4509],[-75.10854,5.45068],[-75.10796,5.45006],[-75.1067,5.45011],[-75.10612,5.44963],[-75.106,5.44888],[-75.10625,5.44796],[-75.10577,5.44713],[-75.10643,5.44673],[-75.10696,5.44778],[-75.10753,5.44778],[-75.10806,5.44708],[-75.10858,5.44862],[-75.10844,5.4498],[-75.10972,5.44976],[-75.11082,5.45037],[-75.11095,5.45164],[-75.11121,5.45195],[-75.11147,5.45037],[-75.11187,5.45046],[-75.11226,5.4512],[-75.11243,5.44998],[-75.11366,5.44993],[-75.11314,5.45283],[-75.11398,5.45291],[-75.1138,5.45208],[-75.11472,5.45129],[-75.11511,5.45142],[-75.11498,5.45226],[-75.11529,5.453],[-75.11599,5.4534],[-75.11682,5.45335],[-75.11669,5.45462],[-75.11577,5.45379],[-75.11459,5.45414],[-75.11573,5.45533],[-75.11652,5.4555],[-75.11629,5.45585],[-75.11643,5.45625],[-75.11722,5.45651],[-75.117,5.45686],[-75.1164,5.45682],[-75.11458,5.45892],[-75.11419,5.45879],[-75.11428,5.45805],[-75.11388,5.45813],[-75.11375,5.45853],[-75.11261,5.45809],[-75.1127,5.45892],[-75.11336,5.45945],[-75.11325,5.46062],[-75.1119,5.46099],[-75.11136,5.46225],[-75.10983,5.46244],[-75.11037,5.46041]]],[[[-75.0903,5.46752],[-75.08986,5.46708],[-75.09003,5.46659],[-75.09199,5.46645],[-75.09213,5.46601],[-75.09129,5.46552],[-75.092,5.46449],[-75.09248,5.46436],[-75.09284,5.46471],[-75.09351,5.46427],[-75.09391,5.46463],[-75.09414,5.4644],[-75.09373,5.46382],[-75.09306,5.46409],[-75.0932,5.46369],[-75.09441,5.46338],[-75.09391,5.46289],[-75.09275,5.46271],[-75.09231,5.46382],[-75.09209,5.46329],[-75.09151,5.46338],[-75.09155,5.46378],[-75.09129,5.46382],[-75.09061,5.46275],[-75.09124,5.46258],[-75.09057,5.46195],[-75.0899,5.46204],[-75.08905,5.46168],[-75.08865,5.46195],[-75.08798,5.46093],[-75.0874,5.46101],[-75.08749,5.45977],[-75.08861,5.46097],[-75.08986,5.4616],[-75.09066,5.46142],[-75.09124,5.46195],[-75.09187,5.46191],[-75.09226,5.46249],[-75.09258,5.46235],[-75.09213,5.46159],[-75.0924,5.46106],[-75.09129,5.46039],[-75.09115,5.45995],[-75.09151,5.45932],[-75.09217,5.45923],[-75.0919,5.45781],[-75.09235,5.45754],[-75.09271,5.45794],[-75.09289,5.45954],[-75.09369,5.46021],[-75.09414,5.45968],[-75.09467,5.46021],[-75.09467,5.4607],[-75.09552,5.46093],[-75.0956,5.46057],[-75.09516,5.46044],[-75.09458,5.4595],[-75.09378,5.45919],[-75.09347,5.45847],[-75.09342,5.4574],[-75.094,5.45718],[-75.09351,5.45691],[-75.09351,5.45651],[-75.09378,5.45642],[-75.09311,5.45575],[-75.0928,5.45633],[-75.09298,5.45714],[-75.0928,5.45749],[-75.09204,5.45705],[-75.09195,5.4566],[-75.09132,5.45647],[-75.09137,5.45584],[-75.09213,5.45589],[-75.09204,5.45442],[-75.0916,5.45437],[-75.09155,5.45321],[-75.09217,5.45277],[-75.09284,5.4529],[-75.09356,5.45415],[-75.09325,5.45446],[-75.09441,5.45535],[-75.09431,5.45388],[-75.09472,5.45384],[-75.09494,5.45419],[-75.09499,5.45348],[-75.09543,5.45335],[-75.09583,5.45388],[-75.09534,5.45486],[-75.09605,5.45575],[-75.0965,5.45575],[-75.09605,5.45455],[-75.09641,5.45406],[-75.09641,5.45348],[-75.09717,5.45388],[-75.09761,5.45558],[-75.09806,5.45593],[-75.0977,5.45353],[-75.09681,5.4533],[-75.09641,5.45286],[-75.09579,5.45312],[-75.09427,5.45312],[-75.09391,5.45384],[-75.09325,5.45237],[-75.09422,5.45085],[-75.09383,5.45094],[-75.09316,5.45214],[-75.09271,5.45219],[-75.09325,5.45049],[-75.09289,5.45],[-75.09231,5.45049],[-75.09245,5.45192],[-75.09222,5.45205],[-75.09209,5.4513],[-75.09155,5.45072],[-75.09142,5.45107],[-75.09177,5.45237],[-75.09137,5.4529],[-75.0903,5.45317],[-75.08972,5.45281],[-75.08963,5.45237],[-75.09035,5.45152],[-75.09071,5.45054],[-75.09164,5.44978],[-75.09222,5.44835],[-75.09151,5.44862],[-75.08981,5.44996],[-75.08914,5.45085],[-75.08723,5.45201],[-75.08562,5.45156],[-75.085,5.45165],[-75.08433,5.45235],[-75.08319,5.45109],[-75.08319,5.45073],[-75.08247,5.45055],[-75.08202,5.45073],[-75.08139,5.45181],[-75.07904,5.44938],[-75.07804,5.44911],[-75.07597,5.45002],[-75.07597,5.44839],[-75.07795,5.44766],[-75.07723,5.44631],[-75.07596,5.44568],[-75.07506,5.44586],[-75.07452,5.44441],[-75.07343,5.44423],[-75.07362,5.44622],[-75.07253,5.44604],[-75.07136,5.44442],[-75.06937,5.44026],[-75.06928,5.43927],[-75.06999,5.43592],[-75.06981,5.43466],[-75.06999,5.43294],[-75.06972,5.43249],[-75.06863,5.43194],[-75.06683,5.43285],[-75.06512,5.43267],[-75.06421,5.43286],[-75.06261,5.43245],[-75.06199,5.43296],[-75.06152,5.43291],[-75.06107,5.43106],[-75.06096,5.42895],[-75.06071,5.42865],[-75.05994,5.42865],[-75.0603,5.42792],[-75.06071,5.42787],[-75.06112,5.42787],[-75.06137,5.42865],[-75.06173,5.42885],[-75.0623,5.4289],[-75.06245,5.42849],[-75.06152,5.42762],[-75.06071,5.42731],[-75.06091,5.42695],[-75.06173,5.42695],[-75.06163,5.42566],[-75.06039,5.42592],[-75.05998,5.42659],[-75.05932,5.42612],[-75.05911,5.4253],[-75.05932,5.42494],[-75.0605,5.42448],[-75.06055,5.4234],[-75.05994,5.42294],[-75.0587,5.42402],[-75.05746,5.42289],[-75.05623,5.42258],[-75.05577,5.42273],[-75.0552,5.42361],[-75.05561,5.42463],[-75.0552,5.42469],[-75.05484,5.42397],[-75.05415,5.4242],[-75.05531,5.42561],[-75.05556,5.4253],[-75.05618,5.42566],[-75.05675,5.42541],[-75.0569,5.42463],[-75.05741,5.42515],[-75.05705,5.4252],[-75.05664,5.42612],[-75.05705,5.42649],[-75.0569,5.42772],[-75.05757,5.42906],[-75.05844,5.42947],[-75.05798,5.42818],[-75.05803,5.42736],[-75.05829,5.42664],[-75.0587,5.42664],[-75.05875,5.42741],[-75.05932,5.42813],[-75.05885,5.42864],[-75.05891,5.42926],[-75.05962,5.42967],[-75.05947,5.43188],[-75.06066,5.43358],[-75.06025,5.43358],[-75.05898,5.4344],[-75.05916,5.43485],[-75.05881,5.43594],[-75.05655,5.43685],[-75.05619,5.43649],[-75.05559,5.43645],[-75.05589,5.4359],[-75.05559,5.43585],[-75.05507,5.43675],[-75.05439,5.43663],[-75.05482,5.4365],[-75.05477,5.43581],[-75.05503,5.43557],[-75.05593,5.43555],[-75.05597,5.43393],[-75.05558,5.43371],[-75.05597,5.43277],[-75.05593,5.43234],[-75.05533,5.43217],[-75.05434,5.43003],[-75.054,5.43067],[-75.054,5.429],[-75.05495,5.42939],[-75.05631,5.43093],[-75.0567,5.43063],[-75.05495,5.42874],[-75.05511,5.42785],[-75.05482,5.42772],[-75.05482,5.42836],[-75.05443,5.42849],[-75.05447,5.4275],[-75.0537,5.42592],[-75.05341,5.4259],[-75.05418,5.42551],[-75.05433,5.42499],[-75.05392,5.42448],[-75.05347,5.42481],[-75.05153,5.42422],[-75.05164,5.42347],[-75.05228,5.4232],[-75.05233,5.42261],[-75.05276,5.42255],[-75.05287,5.42212],[-75.05217,5.42115],[-75.05185,5.41868],[-75.05125,5.41868],[-75.05109,5.41814],[-75.0533,5.41528],[-75.05556,5.41421],[-75.05637,5.41319],[-75.05685,5.41351],[-75.05745,5.41259],[-75.05567,5.41292],[-75.05486,5.41394],[-75.05303,5.41464],[-75.05072,5.41679],[-75.05067,5.41814],[-75.04824,5.41776],[-75.04782,5.41759],[-75.048,5.4169],[-75.04702,5.41574],[-75.05033,5.41496],[-75.05176,5.41508],[-75.05218,5.41442],[-75.05146,5.41418],[-75.04861,5.41442],[-75.04861,5.41234],[-75.04543,5.41467],[-75.04414,5.41459],[-75.04358,5.41407],[-75.04362,5.41262],[-75.04324,5.41232],[-75.04341,5.41138],[-75.04315,5.41069],[-75.04234,5.41043],[-75.04204,5.40906],[-75.04349,5.40859],[-75.04358,5.40795],[-75.04243,5.40606],[-75.04371,5.40427],[-75.0432,5.40277],[-75.04431,5.40298],[-75.04495,5.40204],[-75.04551,5.40178],[-75.04543,5.40058],[-75.04572,5.39964],[-75.04543,5.399],[-75.04568,5.39823],[-75.04517,5.39741],[-75.04585,5.3966],[-75.04585,5.39471],[-75.04697,5.39343],[-75.04735,5.39334],[-75.04739,5.39373],[-75.04821,5.39352],[-75.04851,5.39227],[-75.04911,5.39201],[-75.04935,5.39345],[-75.0509,5.39631],[-75.05209,5.3971],[-75.04944,5.3989],[-75.04944,5.39979],[-75.04985,5.40015],[-75.05063,5.39967],[-75.0511,5.40003],[-75.05045,5.40128],[-75.05033,5.40223],[-75.04914,5.40336],[-75.04908,5.40496],[-75.04991,5.40425],[-75.0517,5.40074],[-75.05176,5.39979],[-75.05289,5.40134],[-75.05247,5.40395],[-75.05152,5.40449],[-75.05069,5.40437],[-75.05021,5.40592],[-75.05003,5.40853],[-75.05033,5.40913],[-75.05093,5.40949],[-75.05536,5.41103],[-75.0564,5.41032],[-75.05574,5.40699],[-75.05533,5.40633],[-75.05521,5.40354],[-75.05491,5.40294],[-75.0545,5.40312],[-75.05336,5.40187],[-75.05271,5.40032],[-75.0511,5.39896],[-75.05223,5.39782],[-75.05274,5.39762],[-75.05417,5.39845],[-75.0563,5.39845],[-75.05696,5.39684],[-75.0575,5.39672],[-75.05868,5.3972],[-75.06036,5.39696],[-75.06155,5.39714],[-75.06196,5.39702],[-75.06238,5.39631],[-75.06321,5.39684],[-75.06499,5.39672],[-75.06636,5.39714],[-75.06743,5.39708],[-75.06779,5.39672],[-75.06779,5.39625],[-75.06969,5.39631],[-75.07029,5.39684],[-75.07261,5.3972],[-75.07421,5.39857],[-75.07582,5.40119],[-75.07772,5.4022],[-75.0782,5.40493],[-75.07903,5.40577],[-75.07903,5.40684],[-75.07754,5.41116],[-75.07811,5.41259],[-75.07763,5.41426],[-75.07948,5.4173],[-75.07954,5.4193],[-75.08148,5.42125],[-75.08144,5.42287],[-75.08082,5.42377],[-75.08058,5.42549],[-75.08229,5.42729],[-75.08287,5.42679],[-75.08389,5.42741],[-75.08425,5.42818],[-75.08466,5.42818],[-75.08522,5.42876],[-75.08541,5.42933],[-75.08541,5.43024],[-75.08446,5.43105],[-75.08327,5.43152],[-75.08265,5.43286],[-75.08298,5.43362],[-75.08298,5.43485],[-75.08353,5.43528],[-75.08327,5.43764],[-75.08384,5.43728],[-75.08389,5.43619],[-75.08384,5.435],[-75.08333,5.43425],[-75.08327,5.43363],[-75.08398,5.43424],[-75.0845,5.43428],[-75.08441,5.43485],[-75.08603,5.43614],[-75.08779,5.43623],[-75.0885,5.43585],[-75.08841,5.43514],[-75.08779,5.43476],[-75.08769,5.43424],[-75.08726,5.43571],[-75.08612,5.43576],[-75.08608,5.43533],[-75.08541,5.43514],[-75.08384,5.43333],[-75.08364,5.43245],[-75.08385,5.43209],[-75.08441,5.43266],[-75.08472,5.4324],[-75.08446,5.43152],[-75.08536,5.43124],[-75.08599,5.42974],[-75.08575,5.42865],[-75.0852,5.42777],[-75.08148,5.42577],[-75.08101,5.42477],[-75.0821,5.42277],[-75.0821,5.42101],[-75.08182,5.42035],[-75.08011,5.41916],[-75.08015,5.41702],[-75.07865,5.41517],[-75.08044,5.41525],[-75.08044,5.41587],[-75.08105,5.41706],[-75.08186,5.41687],[-75.08248,5.4154],[-75.08301,5.41535],[-75.08396,5.41464],[-75.08562,5.41468],[-75.08629,5.41573],[-75.0871,5.41621],[-75.08834,5.41511],[-75.09019,5.41521],[-75.09119,5.41497],[-75.09229,5.41426],[-75.09572,5.41491],[-75.09547,5.4143],[-75.09324,5.41407],[-75.09281,5.41378],[-75.08648,5.41559],[-75.08634,5.41502],[-75.08562,5.41426],[-75.0852,5.4144],[-75.08458,5.41407],[-75.0852,5.41173],[-75.08634,5.41097],[-75.08658,5.41035],[-75.08586,5.41045],[-75.08539,5.41107],[-75.08401,5.4143],[-75.08225,5.41511],[-75.08154,5.4164],[-75.08105,5.41645],[-75.08048,5.41459],[-75.07848,5.41488],[-75.07901,5.41349],[-75.07892,5.41231],[-75.07816,5.4115],[-75.07925,5.40783],[-75.07993,5.40684],[-75.07974,5.406],[-75.07867,5.4044],[-75.0782,5.40196],[-75.07772,5.40125],[-75.07648,5.40101],[-75.07445,5.39803],[-75.0732,5.3969],[-75.07237,5.39655],[-75.07076,5.39637],[-75.06999,5.39577],[-75.0691,5.39553],[-75.06749,5.39554],[-75.06689,5.39655],[-75.06351,5.39613],[-75.06238,5.39571],[-75.06095,5.39637],[-75.05839,5.39643],[-75.05679,5.39613],[-75.05601,5.39756],[-75.0553,5.3978],[-75.05393,5.39768],[-75.05196,5.39643],[-75.05,5.39363],[-75.04944,5.39182],[-75.05018,5.38966],[-75.05022,5.38885],[-75.04996,5.3885],[-75.05045,5.38827],[-75.05012,5.38661],[-75.05145,5.38513],[-75.05278,5.38508],[-75.05335,5.38456],[-75.05321,5.38394],[-75.0535,5.38327],[-75.05273,5.3828],[-75.05212,5.38323],[-75.05183,5.38399],[-75.05054,5.38327],[-75.0504,5.3838],[-75.05097,5.38427],[-75.05102,5.38466],[-75.04974,5.38627],[-75.04993,5.38775],[-75.0497,5.38812],[-75.04821,5.38683],[-75.04821,5.38632],[-75.04774,5.38572],[-75.04723,5.38538],[-75.04627,5.3856],[-75.04674,5.38485],[-75.04674,5.38323],[-75.04788,5.38289],[-75.04974,5.38028],[-75.04907,5.38047],[-75.04755,5.38247],[-75.04617,5.38294],[-75.04607,5.38256],[-75.04697,5.38151],[-75.04759,5.37942],[-75.04707,5.37714],[-75.04655,5.37956],[-75.04612,5.38032],[-75.04574,5.38047],[-75.04602,5.37985],[-75.04602,5.37804],[-75.0454,5.3768],[-75.04521,5.37533],[-75.04459,5.37514],[-75.0445,5.37676],[-75.04536,5.37913],[-75.04536,5.3799],[-75.04493,5.38075],[-75.04574,5.38142],[-75.04531,5.38242],[-75.04483,5.38137],[-75.04455,5.38185],[-75.04455,5.3828],[-75.04578,5.38361],[-75.04612,5.38413],[-75.04536,5.3855],[-75.04411,5.38529],[-75.04337,5.38472],[-75.03971,5.38325],[-75.03875,5.38234],[-75.03883,5.381],[-75.03584,5.37781],[-75.03603,5.37486],[-75.03651,5.37457],[-75.0369,5.37486],[-75.03729,5.37408],[-75.03734,5.37293],[-75.03806,5.37225],[-75.03816,5.37032],[-75.04014,5.36848],[-75.04135,5.36635],[-75.04266,5.36534],[-75.04338,5.36432],[-75.04372,5.36326],[-75.04364,5.36004],[-75.04319,5.35931],[-75.04824,5.36299],[-75.04767,5.36681],[-75.04882,5.36831],[-75.04748,5.3714],[-75.04755,5.37314],[-75.04915,5.37478],[-75.05189,5.37476],[-75.05281,5.37445],[-75.05333,5.37501],[-75.05501,5.37527],[-75.05552,5.37583],[-75.05733,5.37643],[-75.06007,5.37633],[-75.06214,5.37775],[-75.06416,5.37722],[-75.06874,5.37769],[-75.07076,5.37716],[-75.07273,5.37816],[-75.07313,5.37942],[-75.07592,5.37986],[-75.07851,5.37842],[-75.07869,5.37887],[-75.07976,5.37842],[-75.08078,5.37841],[-75.08124,5.37856],[-75.08134,5.37907],[-75.08388,5.37934],[-75.08478,5.37983],[-75.08511,5.37946],[-75.08543,5.37953],[-75.08813,5.3822],[-75.09001,5.38249],[-75.09333,5.38377],[-75.09389,5.38347],[-75.09415,5.38414],[-75.09367,5.38544],[-75.09312,5.38517],[-75.09257,5.38554],[-75.09248,5.38612],[-75.09289,5.3865],[-75.09312,5.38824],[-75.09285,5.38875],[-75.09264,5.38844],[-75.09282,5.38817],[-75.09224,5.38742],[-75.09203,5.38772],[-75.09401,5.39131],[-75.09452,5.39195],[-75.09572,5.39267],[-75.09579,5.39304],[-75.0951,5.39357],[-75.09463,5.39277],[-75.09319,5.39172],[-75.09306,5.39107],[-75.09271,5.39086],[-75.09254,5.39144],[-75.09289,5.39182],[-75.09238,5.3927],[-75.09162,5.3926],[-75.0919,5.39209],[-75.09135,5.39117],[-75.09135,5.38994],[-75.09071,5.3895],[-75.09029,5.38984],[-75.09002,5.38916],[-75.08968,5.38916],[-75.08951,5.3895],[-75.08937,5.38919],[-75.09006,5.38848],[-75.0906,5.38899],[-75.09097,5.38868],[-75.09155,5.38762],[-75.09129,5.38708],[-75.09071,5.3879],[-75.08897,5.38837],[-75.08865,5.38923],[-75.08907,5.39015],[-75.08821,5.39018],[-75.08698,5.39141],[-75.08719,5.39028],[-75.08637,5.38977],[-75.0862,5.39059],[-75.08671,5.39066],[-75.08665,5.39141],[-75.08695,5.39182],[-75.08589,5.39255],[-75.08589,5.39304],[-75.08695,5.39373],[-75.08675,5.39407],[-75.08777,5.39509],[-75.08842,5.39421],[-75.089,5.39417],[-75.08937,5.3938],[-75.08971,5.39417],[-75.08893,5.39465],[-75.08916,5.3953],[-75.09002,5.39533],[-75.0905,5.39489],[-75.08999,5.3938],[-75.09101,5.39417],[-75.09227,5.39414],[-75.09234,5.39468],[-75.09315,5.39468],[-75.09394,5.39506],[-75.09418,5.39601],[-75.09343,5.3955],[-75.09238,5.39577],[-75.09224,5.39646],[-75.09142,5.39649],[-75.09125,5.39697],[-75.09157,5.39779],[-75.09193,5.39732],[-75.09197,5.39816],[-75.09235,5.39835],[-75.09263,5.39629],[-75.093,5.3961],[-75.09342,5.39624],[-75.09342,5.3975],[-75.09384,5.39755],[-75.09473,5.39839],[-75.09511,5.39821],[-75.09436,5.39718],[-75.09436,5.39633],[-75.09459,5.39601],[-75.09544,5.3961],[-75.09553,5.39699],[-75.0952,5.39778],[-75.09557,5.39797],[-75.0962,5.39719],[-75.09623,5.39786],[-75.0982,5.40004],[-75.0981,5.40045],[-75.09768,5.40059],[-75.09772,5.40102],[-75.0989,5.40139],[-75.0993,5.40121],[-75.09952,5.40173],[-75.09932,5.40218],[-75.09998,5.4027],[-75.10119,5.40455],[-75.09857,5.40312],[-75.09689,5.40317],[-75.09656,5.40345],[-75.09684,5.4042],[-75.09843,5.40387],[-75.09984,5.40476],[-75.10072,5.40485],[-75.10077,5.40701],[-75.1004,5.40719],[-75.0982,5.40598],[-75.09731,5.40462],[-75.09656,5.40485],[-75.09632,5.4056],[-75.09651,5.40598],[-75.09735,5.40607],[-75.09787,5.40724],[-75.09969,5.40822],[-75.09885,5.40818],[-75.0982,5.40771],[-75.09712,5.40822],[-75.09871,5.40902],[-75.10035,5.40865],[-75.10077,5.40916],[-75.1022,5.40917],[-75.10241,5.40972],[-75.10334,5.40995],[-75.10381,5.4093],[-75.10307,5.40836],[-75.10321,5.40784],[-75.10481,5.40781],[-75.10489,5.4086],[-75.10442,5.40925],[-75.10475,5.40953],[-75.10517,5.40944],[-75.10578,5.40827],[-75.10571,5.40776],[-75.10662,5.4076],[-75.10666,5.40519],[-75.10714,5.40521],[-75.10714,5.40729],[-75.10723,5.40771],[-75.10765,5.40785],[-75.10798,5.40762],[-75.10822,5.40593],[-75.10863,5.40588],[-75.10896,5.40509],[-75.11056,5.4056],[-75.11107,5.40481],[-75.11197,5.40501],[-75.11282,5.40473],[-75.11513,5.40562],[-75.11444,5.40612],[-75.11369,5.40588],[-75.11177,5.40644],[-75.11196,5.40682],[-75.115,5.40682],[-75.11505,5.4064],[-75.11543,5.40621],[-75.11636,5.40762],[-75.11565,5.40808],[-75.11533,5.4078],[-75.115,5.40808],[-75.11486,5.40893],[-75.11444,5.40893],[-75.11369,5.41042],[-75.11252,5.41014],[-75.11247,5.41056],[-75.11205,5.41047],[-75.11144,5.40991],[-75.11093,5.41052],[-75.11056,5.41033],[-75.11083,5.41],[-75.11069,5.40958],[-75.11028,5.40953],[-75.11004,5.40986],[-75.10835,5.40986],[-75.10802,5.40958],[-75.10835,5.40935],[-75.1084,5.4085],[-75.10756,5.40897],[-75.10657,5.40902],[-75.10611,5.40965],[-75.10725,5.41163],[-75.10869,5.41129],[-75.11043,5.41159],[-75.11157,5.41112],[-75.11234,5.41184],[-75.11314,5.41201],[-75.11429,5.41171],[-75.11462,5.41273],[-75.1153,5.41341],[-75.11382,5.41409],[-75.11403,5.41451],[-75.11497,5.41439],[-75.11526,5.4163],[-75.11484,5.41668],[-75.11272,5.41638],[-75.1117,5.41583],[-75.11073,5.41719],[-75.11026,5.41719],[-75.10949,5.41617],[-75.10924,5.41642],[-75.10992,5.41702],[-75.10941,5.41727],[-75.10822,5.41659],[-75.10834,5.41549],[-75.11073,5.41396],[-75.11127,5.41345],[-75.11123,5.41299],[-75.11081,5.41294],[-75.11013,5.41388],[-75.10924,5.41413],[-75.10902,5.41473],[-75.10839,5.4149],[-75.10767,5.41485],[-75.10695,5.41379],[-75.10584,5.41439],[-75.10665,5.41273],[-75.10712,5.41265],[-75.10712,5.4121],[-75.10606,5.41227],[-75.10529,5.41405],[-75.10504,5.41354],[-75.10458,5.41452],[-75.10504,5.41481],[-75.10508,5.41524],[-75.10593,5.41528],[-75.10644,5.41473],[-75.10686,5.41473],[-75.10716,5.41541],[-75.10771,5.41574],[-75.10776,5.41757],[-75.10886,5.41765],[-75.10941,5.41888],[-75.10894,5.41922],[-75.10928,5.41956],[-75.10996,5.41931],[-75.10962,5.41761],[-75.11073,5.41765],[-75.11047,5.41859],[-75.11073,5.4191],[-75.11179,5.41948],[-75.11111,5.41871],[-75.11136,5.4174],[-75.11187,5.4168],[-75.11267,5.41676],[-75.1134,5.41714],[-75.11361,5.4177],[-75.11459,5.4182],[-75.11429,5.41982],[-75.11462,5.42011],[-75.11475,5.41918],[-75.11543,5.41927],[-75.11547,5.41973],[-75.11598,5.42007],[-75.11522,5.4205],[-75.11518,5.42143],[-75.11467,5.42219],[-75.11514,5.42257],[-75.1156,5.42185],[-75.11568,5.42075],[-75.11641,5.42062],[-75.11662,5.41982],[-75.11815,5.41952],[-75.11963,5.42045],[-75.12052,5.42037],[-75.12107,5.42062],[-75.12158,5.42215],[-75.12112,5.42308],[-75.1212,5.42224],[-75.12074,5.42105],[-75.11933,5.42088],[-75.11891,5.42151],[-75.12001,5.42245],[-75.12019,5.42202],[-75.11993,5.42164],[-75.12019,5.42147],[-75.12069,5.42194],[-75.12052,5.42308],[-75.12074,5.4247],[-75.1198,5.42444],[-75.11938,5.42482],[-75.11887,5.42453],[-75.11789,5.42457],[-75.11679,5.42406],[-75.11696,5.42228],[-75.11739,5.42117],[-75.11674,5.42054],[-75.11692,5.42139],[-75.11628,5.42219],[-75.11628,5.42355],[-75.11488,5.42325],[-75.11378,5.42232],[-75.11353,5.4202],[-75.11301,5.41989],[-75.11182,5.4202],[-75.11125,5.41963],[-75.11011,5.41985],[-75.11029,5.42033],[-75.10967,5.42112],[-75.10999,5.42156],[-75.11037,5.42178],[-75.11082,5.42152],[-75.1109,5.42099],[-75.11143,5.42095],[-75.11208,5.42134],[-75.11243,5.42081],[-75.11292,5.42103],[-75.11279,5.42196],[-75.113,5.42241],[-75.11272,5.42329],[-75.11208,5.42283],[-75.11056,5.4227],[-75.10831,5.42355],[-75.10818,5.42427],[-75.1078,5.42453],[-75.1067,5.42406],[-75.10631,5.42436],[-75.10644,5.42486],[-75.10699,5.42457],[-75.10967,5.42618],[-75.10932,5.4272],[-75.10996,5.42817],[-75.11005,5.42932],[-75.10962,5.42953],[-75.10899,5.42847],[-75.10847,5.4283],[-75.10856,5.42911],[-75.10822,5.42945],[-75.1092,5.43017],[-75.10941,5.43242],[-75.10899,5.43267],[-75.10864,5.43203],[-75.1075,5.43271],[-75.10788,5.43297],[-75.10856,5.43275],[-75.1092,5.43343],[-75.10967,5.43348],[-75.10967,5.4328],[-75.11272,5.43314],[-75.11382,5.4322],[-75.11433,5.43254],[-75.11475,5.43216],[-75.11518,5.43322],[-75.11577,5.43343],[-75.11547,5.43377],[-75.11467,5.4336],[-75.1142,5.43301],[-75.11318,5.43331],[-75.11361,5.43509],[-75.11288,5.43526],[-75.11263,5.43755],[-75.11361,5.43678],[-75.1134,5.4356],[-75.11373,5.43547],[-75.11391,5.43628],[-75.11454,5.43649],[-75.1142,5.43475],[-75.11467,5.43513],[-75.11509,5.43483],[-75.11522,5.43568],[-75.1156,5.43564],[-75.11565,5.43428],[-75.11636,5.43544],[-75.11683,5.43544],[-75.11942,5.43391],[-75.12219,5.4335],[-75.12354,5.43291],[-75.12402,5.43238],[-75.12625,5.43203],[-75.12696,5.43197],[-75.12737,5.43262],[-75.12737,5.43415],[-75.12602,5.43438],[-75.12555,5.43385],[-75.1249,5.4342],[-75.12378,5.43503],[-75.12337,5.43568],[-75.12337,5.43644],[-75.12449,5.43738],[-75.12519,5.43738],[-75.12731,5.43674],[-75.1279,5.43538],[-75.12867,5.43544],[-75.12914,5.43603],[-75.12919,5.43679],[-75.12855,5.43726],[-75.12602,5.43868],[-75.12531,5.43874],[-75.12248,5.43762],[-75.11966,5.43532],[-75.1196,5.43603],[-75.12007,5.43656],[-75.11937,5.43697],[-75.1186,5.43697],[-75.11942,5.43821],[-75.12084,5.4388],[-75.12101,5.4395],[-75.11925,5.44074],[-75.11895,5.44215],[-75.11766,5.44274],[-75.11695,5.44256],[-75.11648,5.44179],[-75.11535,5.44179],[-75.11467,5.44221],[-75.11441,5.44281],[-75.11361,5.44226],[-75.11247,5.4423],[-75.11242,5.44158],[-75.11191,5.44217],[-75.11136,5.44183],[-75.11,5.44183],[-75.11055,5.44115],[-75.11005,5.4409],[-75.10958,5.442],[-75.10864,5.44141],[-75.10882,5.4409],[-75.10834,5.44065],[-75.10716,5.44209],[-75.10339,5.44285],[-75.10381,5.44209],[-75.1022,5.44209],[-75.1011,5.44111],[-75.10012,5.44086],[-75.0999,5.44045],[-75.09971,5.4408],[-75.09998,5.44114],[-75.10069,5.44124],[-75.10104,5.44185],[-75.10261,5.44271],[-75.10319,5.44376],[-75.10192,5.44363],[-75.10175,5.44308],[-75.10076,5.44308],[-75.10087,5.44359],[-75.10131,5.44359],[-75.10101,5.44407],[-75.10124,5.44434],[-75.10155,5.44414],[-75.10199,5.44475],[-75.10284,5.44424],[-75.10275,5.44506],[-75.10301,5.44537],[-75.10323,5.44458],[-75.10367,5.44414],[-75.10362,5.44371],[-75.1041,5.4434],[-75.1049,5.44322],[-75.10533,5.44353],[-75.10568,5.44314],[-75.10748,5.44257],[-75.10805,5.44327],[-75.10748,5.44366],[-75.10753,5.44436],[-75.10809,5.44485],[-75.10876,5.44515],[-75.10915,5.44485],[-75.10889,5.44432],[-75.10963,5.44357],[-75.11002,5.44388],[-75.10963,5.44423],[-75.11029,5.44454],[-75.1106,5.44371],[-75.11016,5.44331],[-75.10932,5.44318],[-75.10841,5.44436],[-75.10814,5.44428],[-75.10876,5.44314],[-75.10761,5.44204],[-75.10818,5.4416],[-75.10959,5.44279],[-75.10999,5.44239],[-75.1109,5.44252],[-75.11112,5.44388],[-75.11139,5.44375],[-75.1113,5.44292],[-75.11169,5.44305],[-75.11178,5.44384],[-75.11301,5.44485],[-75.11366,5.44445],[-75.11243,5.44388],[-75.11213,5.44331],[-75.1123,5.44283],[-75.11459,5.44366],[-75.11481,5.44296],[-75.11577,5.44226],[-75.11669,5.44314],[-75.11626,5.44366],[-75.11388,5.44485],[-75.11353,5.44528],[-75.11288,5.44695],[-75.11296,5.44735],[-75.11441,5.44822],[-75.11446,5.44888],[-75.11398,5.44914],[-75.11358,5.44835],[-75.11314,5.44866],[-75.11362,5.44945],[-75.11243,5.44936],[-75.11261,5.44814],[-75.11195,5.44726],[-75.112,5.44638],[-75.11169,5.44603],[-75.11134,5.44673],[-75.11147,5.44757],[-75.11064,5.44748],[-75.1102,5.44822],[-75.11051,5.44853],[-75.1106,5.44954],[-75.10981,5.44927],[-75.10937,5.4487],[-75.10937,5.44796],[-75.11077,5.44682],[-75.11082,5.44643],[-75.1113,5.44616],[-75.11117,5.44572],[-75.11011,5.44621],[-75.10884,5.44625],[-75.10735,5.44507],[-75.10713,5.44546],[-75.10652,5.4455],[-75.1063,5.44585],[-75.1041,5.44445],[-75.10437,5.44485],[-75.10419,5.4455],[-75.10332,5.44603],[-75.10308,5.44666],[-75.10226,5.4452],[-75.10189,5.44561],[-75.10185,5.44509],[-75.10138,5.44482],[-75.1012,5.44506],[-75.10036,5.44451],[-75.09953,5.44438],[-75.09879,5.44445],[-75.09869,5.44503],[-75.09906,5.4452],[-75.09974,5.44496],[-75.1011,5.44547],[-75.1025,5.4469],[-75.10261,5.44741],[-75.10185,5.44765],[-75.10036,5.44646],[-75.10011,5.44666],[-75.10039,5.44745],[-75.09995,5.44782],[-75.0993,5.44775],[-75.09865,5.44735],[-75.09869,5.44622],[-75.098,5.44591],[-75.09818,5.4469],[-75.09742,5.44731],[-75.09742,5.4481],[-75.09561,5.44983],[-75.09565,5.45004],[-75.09616,5.4499],[-75.09735,5.44905],[-75.0979,5.45055],[-75.09735,5.45175],[-75.0983,5.45314],[-75.09865,5.45314],[-75.09807,5.45198],[-75.09814,5.45154],[-75.09848,5.4514],[-75.09953,5.45192],[-75.10004,5.45284],[-75.10059,5.45222],[-75.10097,5.4525],[-75.10073,5.45335],[-75.10114,5.45335],[-75.10117,5.45256],[-75.10165,5.45301],[-75.10162,5.45362],[-75.09998,5.45352],[-75.10002,5.45379],[-75.10046,5.45384],[-75.10056,5.45427],[-75.10139,5.45449],[-75.10143,5.45493],[-75.10239,5.45568],[-75.10226,5.45774],[-75.10301,5.458],[-75.10349,5.45734],[-75.10419,5.45774],[-75.10419,5.45818],[-75.10459,5.45827],[-75.10455,5.45743],[-75.1052,5.45787],[-75.10529,5.45914],[-75.10507,5.45949],[-75.10402,5.45897],[-75.1034,5.45949],[-75.10323,5.45989],[-75.10393,5.4605],[-75.10463,5.4609],[-75.10516,5.46028],[-75.10568,5.46055],[-75.10621,5.46182],[-75.10753,5.46094],[-75.10788,5.46155],[-75.10827,5.46151],[-75.10792,5.46028],[-75.10919,5.45905],[-75.10972,5.45905],[-75.11012,5.45971],[-75.10928,5.4616],[-75.10953,5.46244],[-75.10938,5.46334],[-75.10974,5.46379],[-75.10947,5.46425],[-75.1095,5.46515],[-75.10806,5.46581],[-75.10722,5.46572],[-75.107,5.46651],[-75.10665,5.46673],[-75.10625,5.46655],[-75.10617,5.46616],[-75.10656,5.46546],[-75.10643,5.46256],[-75.10603,5.46248],[-75.10603,5.46405],[-75.10459,5.46471],[-75.10437,5.46348],[-75.10472,5.46274],[-75.10424,5.46208],[-75.10314,5.46155],[-75.10397,5.46248],[-75.10327,5.46291],[-75.10371,5.46629],[-75.10252,5.46787],[-75.10134,5.46752],[-75.10121,5.46677],[-75.10201,5.46686],[-75.10239,5.46601],[-75.10212,5.46516],[-75.10242,5.46454],[-75.10162,5.46289],[-75.10207,5.46258],[-75.10194,5.46168],[-75.10136,5.46133],[-75.10095,5.46167],[-75.10043,5.46151],[-75.1002,5.46116],[-75.10056,5.46046],[-75.09998,5.45984],[-75.09955,5.4598],[-75.09968,5.45857],[-75.10126,5.45905],[-75.10213,5.46125],[-75.10252,5.46134],[-75.10305,5.46068],[-75.10213,5.45941],[-75.10139,5.45655],[-75.09998,5.45511],[-75.09963,5.45432],[-75.09885,5.45383],[-75.09906,5.45628],[-75.0992,5.45655],[-75.09964,5.45594],[-75.09967,5.45652],[-75.09967,5.45707],[-75.09888,5.45812],[-75.09869,5.45669],[-75.09824,5.45679],[-75.09786,5.45638],[-75.09746,5.45666],[-75.09773,5.45724],[-75.09721,5.45806],[-75.09609,5.45761],[-75.09568,5.45782],[-75.09547,5.45836],[-75.09595,5.45836],[-75.09633,5.45881],[-75.09575,5.45867],[-75.09547,5.45891],[-75.09605,5.45905],[-75.09579,5.45959],[-75.09619,5.46048],[-75.09769,5.46037],[-75.09837,5.46092],[-75.09811,5.46181],[-75.09732,5.4616],[-75.0967,5.46198],[-75.09605,5.4616],[-75.09589,5.46235],[-75.09619,5.46269],[-75.09663,5.46263],[-75.09711,5.46327],[-75.0966,5.46409],[-75.09667,5.46467],[-75.09558,5.46457],[-75.09589,5.46566],[-75.09554,5.466],[-75.09483,5.46522],[-75.0947,5.46542],[-75.0951,5.46614],[-75.09431,5.46597],[-75.09442,5.46645],[-75.09514,5.46665],[-75.09422,5.46791],[-75.09384,5.46781],[-75.0937,5.46696],[-75.09312,5.46692],[-75.09296,5.4673],[-75.09245,5.46747],[-75.09224,5.46709],[-75.09176,5.46713],[-75.09111,5.46743],[-75.09026,5.4689],[-75.08998,5.46896],[-75.08977,5.46864],[-75.0903,5.46752]],[[-75.10394,5.44018],[-75.10423,5.44069],[-75.105,5.44035],[-75.10478,5.43933],[-75.10551,5.43908],[-75.10458,5.4378],[-75.10453,5.43687],[-75.10534,5.43683],[-75.10554,5.43611],[-75.10534,5.43577],[-75.10572,5.43492],[-75.10635,5.43475],[-75.1064,5.43437],[-75.10551,5.43441],[-75.10394,5.43708],[-75.10284,5.43712],[-75.10271,5.43594],[-75.10198,5.43568],[-75.10148,5.43602],[-75.10168,5.43649],[-75.10143,5.43678],[-75.10033,5.43674],[-75.10016,5.43585],[-75.10046,5.43539],[-75.10296,5.43517],[-75.1033,5.43479],[-75.10236,5.43454],[-75.10245,5.43382],[-75.10168,5.43377],[-75.10186,5.43445],[-75.1011,5.43441],[-75.10101,5.43365],[-75.10178,5.43331],[-75.10198,5.43271],[-75.10126,5.43259],[-75.10101,5.43195],[-75.10054,5.43242],[-75.10012,5.43157],[-75.1013,5.43046],[-75.1011,5.42983],[-75.1005,5.42957],[-75.10067,5.42826],[-75.09931,5.42945],[-75.09982,5.43102],[-75.09918,5.43174],[-75.09978,5.43424],[-75.09885,5.43271],[-75.09855,5.43335],[-75.09779,5.43314],[-75.09754,5.43462],[-75.09688,5.43447],[-75.09688,5.43347],[-75.0974,5.43347],[-75.09745,5.43314],[-75.09641,5.43314],[-75.09621,5.43509],[-75.09641,5.4359],[-75.09522,5.43504],[-75.0946,5.43509],[-75.09445,5.43552],[-75.09364,5.43566],[-75.09326,5.43623],[-75.09388,5.43623],[-75.09441,5.43704],[-75.0945,5.43581],[-75.09669,5.43714],[-75.09769,5.43714],[-75.09853,5.43672],[-75.09859,5.43632],[-75.09888,5.43632],[-75.09888,5.43568],[-75.09821,5.43538],[-75.0983,5.43471],[-75.09795,5.43369],[-75.09936,5.43522],[-75.09953,5.43649],[-75.10173,5.43814],[-75.10228,5.43768],[-75.10347,5.43755],[-75.10458,5.43835],[-75.10398,5.43908],[-75.10394,5.44018]],[[-75.10336,5.43073],[-75.10402,5.43143],[-75.10393,5.43195],[-75.10292,5.43134],[-75.102,5.43217],[-75.10274,5.43287],[-75.10292,5.43217],[-75.10319,5.43274],[-75.10384,5.43296],[-75.10415,5.43397],[-75.1048,5.43305],[-75.10468,5.43261],[-75.10551,5.43182],[-75.10568,5.43301],[-75.10525,5.4334],[-75.10542,5.43384],[-75.10577,5.43349],[-75.10748,5.43371],[-75.10617,5.43603],[-75.10643,5.43708],[-75.10577,5.43888],[-75.1063,5.43893],[-75.10638,5.43862],[-75.10691,5.4388],[-75.10726,5.43954],[-75.10761,5.43967],[-75.10831,5.43853],[-75.10946,5.43871],[-75.11011,5.43831],[-75.11125,5.43884],[-75.11213,5.43884],[-75.11182,5.43836],[-75.11069,5.43792],[-75.11051,5.43735],[-75.11205,5.43678],[-75.11187,5.43472],[-75.1113,5.43432],[-75.11121,5.43393],[-75.11077,5.43415],[-75.11042,5.43393],[-75.11011,5.43436],[-75.10941,5.43542],[-75.10963,5.4363],[-75.1088,5.43634],[-75.10906,5.43489],[-75.10836,5.43358],[-75.10796,5.43472],[-75.10818,5.43612],[-75.10726,5.4359],[-75.10792,5.43327],[-75.10674,5.43252],[-75.1063,5.43261],[-75.1063,5.43195],[-75.1056,5.43138],[-75.10564,5.43099],[-75.10477,5.43116],[-75.10428,5.43077],[-75.10459,5.43037],[-75.10428,5.42989],[-75.10459,5.42963],[-75.10442,5.42928],[-75.10367,5.42932],[-75.10336,5.42814],[-75.10384,5.42792],[-75.1045,5.42818],[-75.10498,5.42919],[-75.10529,5.42858],[-75.10643,5.42845],[-75.10652,5.42779],[-75.10612,5.42761],[-75.10638,5.42682],[-75.10617,5.42647],[-75.10551,5.42634],[-75.10573,5.42586],[-75.10516,5.42529],[-75.10473,5.42585],[-75.10412,5.42563],[-75.10446,5.42619],[-75.10378,5.42756],[-75.10345,5.42738],[-75.10265,5.4279],[-75.10328,5.42947],[-75.10287,5.43073],[-75.10336,5.43073]],[[-75.07161,5.41483],[-75.07121,5.41438],[-75.06796,5.41507],[-75.06655,5.41445],[-75.06436,5.41479],[-75.06245,5.41406],[-75.05981,5.41418],[-75.06077,5.41603],[-75.06256,5.41581],[-75.07071,5.41703],[-75.07161,5.41624],[-75.07087,5.41541],[-75.07161,5.41483]]],[[[-75.10569,5.46927],[-75.10586,5.46927],[-75.10578,5.46932],[-75.10569,5.46927]]],[[[-75.1011,5.47701],[-75.10056,5.47619],[-75.10091,5.47547],[-75.09989,5.47547],[-75.10009,5.4752],[-75.09983,5.47459],[-75.0994,5.47442],[-75.09918,5.4729],[-75.09758,5.47079],[-75.09724,5.471],[-75.09797,5.47251],[-75.09789,5.47312],[-75.0975,5.47325],[-75.09698,5.47282],[-75.09641,5.47312],[-75.0962,5.47286],[-75.09586,5.47308],[-75.09581,5.47364],[-75.09767,5.4752],[-75.09853,5.47541],[-75.09853,5.47597],[-75.09823,5.47628],[-75.09706,5.47507],[-75.09659,5.47533],[-75.09563,5.47501],[-75.0955,5.47439],[-75.09416,5.47456],[-75.09283,5.47408],[-75.09189,5.47437],[-75.09205,5.47476],[-75.09044,5.47465],[-75.09209,5.47345],[-75.0916,5.47314],[-75.09003,5.47385],[-75.08981,5.47457],[-75.08941,5.47443],[-75.08883,5.47296],[-75.08932,5.47234],[-75.08894,5.47166],[-75.08915,5.471],[-75.08936,5.47087],[-75.08993,5.472],[-75.0904,5.4723],[-75.09184,5.47238],[-75.092,5.47282],[-75.0927,5.47308],[-75.09296,5.47282],[-75.09222,5.47226],[-75.09205,5.47152],[-75.09252,5.47104],[-75.09326,5.47135],[-75.09304,5.47078],[-75.0911,5.47091],[-75.09067,5.47191],[-75.09036,5.47174],[-75.09036,5.47126],[-75.09084,5.47031],[-75.09166,5.46979],[-75.09161,5.46931],[-75.09248,5.46923],[-75.09352,5.47001],[-75.09421,5.4688],[-75.09503,5.46858],[-75.09576,5.46901],[-75.09589,5.46841],[-75.09521,5.46802],[-75.09525,5.46746],[-75.09663,5.46529],[-75.09741,5.46508],[-75.09923,5.4659],[-75.09966,5.46542],[-75.09991,5.46642],[-75.10027,5.46616],[-75.10017,5.46542],[-75.10065,5.46542],[-75.10069,5.46624],[-75.10004,5.46707],[-75.10001,5.46772],[-75.09949,5.4672],[-75.09862,5.46841],[-75.09776,5.46875],[-75.09776,5.46819],[-75.09892,5.46724],[-75.09879,5.46607],[-75.09832,5.46633],[-75.0984,5.46689],[-75.09763,5.46733],[-75.09628,5.46897],[-75.09702,5.4688],[-75.09737,5.46923],[-75.09918,5.46888],[-75.0994,5.46841],[-75.1004,5.46845],[-75.10043,5.46759],[-75.10074,5.4672],[-75.10104,5.46789],[-75.10234,5.46849],[-75.10268,5.46815],[-75.10381,5.4681],[-75.10385,5.46741],[-75.10532,5.46772],[-75.10558,5.46746],[-75.10645,5.46802],[-75.1068,5.46728],[-75.10719,5.46784],[-75.10761,5.46776],[-75.10818,5.46841],[-75.10825,5.46902],[-75.10812,5.46949],[-75.10776,5.46949],[-75.10749,5.47003],[-75.10571,5.4688],[-75.10576,5.46815],[-75.10537,5.46867],[-75.10498,5.46871],[-75.10498,5.46815],[-75.10463,5.46854],[-75.10291,5.46875],[-75.10265,5.46901],[-75.1039,5.46897],[-75.10411,5.46927],[-75.10325,5.47031],[-75.10247,5.4704],[-75.10165,5.47001],[-75.10117,5.46949],[-75.10113,5.46884],[-75.10078,5.46906],[-75.10022,5.47005],[-75.10121,5.47074],[-75.10152,5.47048],[-75.10252,5.47143],[-75.10316,5.47074],[-75.10368,5.47074],[-75.10407,5.47014],[-75.10486,5.47169],[-75.10411,5.47213],[-75.10459,5.47243],[-75.10479,5.47456],[-75.10506,5.47483],[-75.10485,5.47505],[-75.1042,5.47407],[-75.10437,5.47334],[-75.10377,5.47386],[-75.10333,5.47342],[-75.10338,5.47243],[-75.10247,5.47256],[-75.10364,5.47545],[-75.10342,5.4758],[-75.10273,5.47485],[-75.10252,5.47403],[-75.10225,5.47442],[-75.10239,5.47589],[-75.10208,5.47576],[-75.1016,5.47485],[-75.10199,5.47325],[-75.10169,5.47321],[-75.10147,5.47243],[-75.101,5.472],[-75.10113,5.47152],[-75.10074,5.47117],[-75.10069,5.47182],[-75.09927,5.47213],[-75.09988,5.47277],[-75.10035,5.47278],[-75.1004,5.47217],[-75.10091,5.47269],[-75.10134,5.47381],[-75.10091,5.4742],[-75.10108,5.47623],[-75.10134,5.47658],[-75.10252,5.47654],[-75.10276,5.4771],[-75.1011,5.47701]]]]},"properties":{"uso_principal":"Protección – producción","vocacion":"Forestal","oferta_ambiental":"Áreas Para Producción","area_ha":6769.8744}},{"type":"Feature","id":3,"geometry":{"type":"MultiPolygon","coordinates":[[[[-75.07851,5.37842],[-75.07948,5.37796],[-75.08078,5.37841],[-75.07976,5.37842],[-75.07869,5.37887],[-75.07851,5.37842]]],[[[-75.08134,5.37907],[-75.08124,5.37856],[-75.08511,5.37946],[-75.08478,5.37983],[-75.08388,5.37934],[-75.08134,5.37907]]]]},"properties":{"uso_principal":"Zonas urbanas","vocacion":"Zonas urbanas","oferta_ambiental":"Zonas urbanas","area_ha":2.2965}},{"type":"Feature","id":4,"geometry":{"type":"Polygon","coordinates":[[[-75.07071,5.41703],[-75.06256,5.41581],[-75.06077,5.41603],[-75.05981,5.41418],[-75.06245,5.41406],[-75.06436,5.41479],[-75.06655,5.41445],[-75.06796,5.41507],[-75.07121,5.41438],[-75.07161,5.41483],[-75.07087,5.41541],[-75.07161,5.41624],[-75.07071,5.41703]]]},"properties":{"uso_principal":"Zonas urbanas","vocacion":"Zonas urbanas","oferta_ambiental":"Zonas urbanas","area_ha":23.7452}},{"type":"Feature","id":5,"geometry":{"type":"MultiPolygon","coordinates":[[[[-75.12273,5.40717],[-75.12271,5.40696],[-75.12321,5.40698],[-75.12447,5.40742],[-75.1244,5.40778],[-75.12273,5.40717]]],[[[-75.12346,5.40821],[-75.1229,5.40767],[-75.1239,5.40801],[-75.12346,5.40821]]],[[[-75.12521,5.40798],[-75.12722,5.40776],[-75.12735,5.40817],[-75.12552,5.40837],[-75.12521,5.40798]]],[[[-75.12594,5.40907],[-75.12622,5.40871],[-75.12661,5.40882],[-75.12686,5.40986],[-75.12623,5.40979],[-75.12594,5.40907]]],[[[-75.12533,5.41485],[-75.1245,5.41428],[-75.12374,5.41479],[-75.12371,5.41411],[-75.12743,5.41313],[-75.12863,5.4123],[-75.12817,5.41175],[-75.12839,5.41083],[-75.12791,5.41014],[-75.12826,5.40935],[-75.12897,5.4098],[-75.12847,5.41121],[-75.12886,5.41142],[-75.12943,5.41121],[-75.12911,5.41074],[-75.1293,5.41016],[-75.13189,5.4123],[-75.13186,5.4126],[-75.13132,5.41288],[-75.13082,5.41278],[-75.13061,5.41231],[-75.1299,5.41224],[-75.12961,5.41253],[-75.12939,5.41224],[-75.12872,5.41231],[-75.12786,5.41296],[-75.12818,5.41331],[-75.12683,5.41453],[-75.12633,5.41413],[-75.12594,5.41474],[-75.12533,5.41485]]],[[[-75.12376,5.41545],[-75.12375,5.41516],[-75.12612,5.41509],[-75.12683,5.41552],[-75.12702,5.41614],[-75.12376,5.41545]]],[[[-75.12957,5.41797],[-75.12837,5.41622],[-75.12794,5.41619],[-75.12785,5.41535],[-75.12894,5.41464],[-75.12925,5.41651],[-75.12965,5.41652],[-75.12946,5.41597],[-75.13006,5.4155],[-75.13036,5.41578],[-75.13055,5.41704],[-75.13077,5.41735],[-75.13113,5.41723],[-75.13039,5.41519],[-75.12961,5.41514],[-75.12939,5.41471],[-75.13049,5.41469],[-75.13084,5.41495],[-75.13134,5.41632],[-75.13179,5.41609],[-75.1317,5.41554],[-75.13061,5.41421],[-75.13091,5.41405],[-75.13108,5.41443],[-75.13143,5.41438],[-75.13153,5.41393],[-75.1321,5.41389],[-75.13222,5.41472],[-75.13194,5.41531],[-75.13222,5.41545],[-75.13274,5.41761],[-75.13231,5.41746],[-75.13179,5.41813],[-75.13243,5.41828],[-75.13233,5.41846],[-75.12957,5.41797]]]]},"properties":{"uso_principal":"Áreas Prioritarias para la Conservación","vocacion":"Áreas Prioritarias para la Conservación","oferta_ambiental":"Áreas Prioritarias para la Conservación","area_ha":30.2363}},{"type":"Feature","id":6,"geometry":{"type":"MultiPolygon","coordinates":[[[[-75.14332,5.43334],[-75.14332,5.43279],[-75.13963,5.43197],[-75.14149,5.43033],[-75.14226,5.43097],[-75.1445,5.4305],[-75.1452,5.43061],[-75.14556,5.43132],[-75.14501,5.43251],[-75.14438,5.43308],[-75.14359,5.43305],[-75.14332,5.43334]]],[[[-75.131,5.43487],[-75.13124,5.43474],[-75.1319,5.43456],[-75.1319,5.43498],[-75.131,5.43487]]],[[[-75.13241,5.43676],[-75.13206,5.43645],[-75.13094,5.43671],[-75.13091,5.4361],[-75.13142,5.43622],[-75.13155,5.43521],[-75.13229,5.43567],[-75.13234,5.43455],[-75.13285,5.43497],[-75.13287,5.4359],[-75.13369,5.43569],[-75.13464,5.43648],[-75.13419,5.4365],[-75.1335,5.43602],[-75.133,5.43653],[-75.13252,5.43617],[-75.13241,5.43676]]],[[[-75.12889,5.44555],[-75.12818,5.44502],[-75.12878,5.44507],[-75.12894,5.44471],[-75.12818,5.44367],[-75.12851,5.44304],[-75.12823,5.44193],[-75.12775,5.4419],[-75.12785,5.44357],[-75.12709,5.44291],[-75.12635,5.44286],[-75.12646,5.44243],[-75.12589,5.44197],[-75.12631,5.44162],[-75.1265,5.4419],[-75.12684,5.44165],[-75.12684,5.44205],[-75.12724,5.44195],[-75.12724,5.44145],[-75.12767,5.44165],[-75.128,5.44137],[-75.12878,5.44172],[-75.12907,5.44129],[-75.12952,5.44165],[-75.13053,5.44165],[-75.13039,5.44119],[-75.12919,5.44056],[-75.12942,5.44028],[-75.1293,5.43916],[-75.13018,5.44008],[-75.13036,5.43952],[-75.13079,5.43954],[-75.13068,5.44104],[-75.1316,5.44152],[-75.13206,5.44233],[-75.13226,5.44134],[-75.13135,5.44058],[-75.13158,5.43985],[-75.13223,5.44005],[-75.13223,5.44038],[-75.13307,5.43995],[-75.13327,5.44079],[-75.13431,5.44008],[-75.13467,5.44038],[-75.13486,5.44],[-75.13396,5.43851],[-75.13426,5.4381],[-75.13469,5.4381],[-75.13505,5.43863],[-75.13576,5.4382],[-75.13502,5.43797],[-75.13509,5.43757],[-75.13555,5.43747],[-75.1353,5.43716],[-75.13254,5.43772],[-75.13292,5.4383],[-75.13337,5.43818],[-75.1333,5.43904],[-75.13277,5.43911],[-75.13255,5.43966],[-75.13173,5.43919],[-75.13239,5.43873],[-75.13244,5.4383],[-75.13099,5.43873],[-75.13056,5.43858],[-75.13071,5.43818],[-75.13013,5.43734],[-75.13054,5.43681],[-75.13091,5.43732],[-75.13183,5.43676],[-75.13195,5.43719],[-75.13259,5.43719],[-75.13375,5.43633],[-75.13398,5.43688],[-75.13461,5.43678],[-75.1347,5.43653],[-75.1352,5.43694],[-75.13658,5.43708],[-75.1377,5.43633],[-75.13753,5.43683],[-75.13793,5.43774],[-75.13763,5.43853],[-75.13735,5.4383],[-75.1373,5.43858],[-75.13812,5.43949],[-75.13812,5.4399],[-75.13733,5.43992],[-75.13702,5.43954],[-75.13651,5.43987],[-75.13624,5.43942],[-75.13573,5.43924],[-75.13618,5.44025],[-75.13532,5.44079],[-75.13545,5.44185],[-75.13421,5.44203],[-75.13401,5.44157],[-75.13367,5.44203],[-75.13309,5.44208],[-75.13319,5.44165],[-75.13239,5.44226],[-75.13302,5.44291],[-75.13525,5.44347],[-75.13565,5.44398],[-75.13545,5.44466],[-75.1349,5.44421],[-75.13317,5.44373],[-75.13155,5.44241],[-75.13041,5.44241],[-75.13046,5.44281],[-75.13107,5.44329],[-75.13089,5.44362],[-75.13008,5.44352],[-75.13008,5.44378],[-75.13071,5.44428],[-75.13152,5.44378],[-75.13244,5.44408],[-75.13269,5.44502],[-75.13252,5.44532],[-75.1321,5.44542],[-75.13137,5.44482],[-75.13079,5.44482],[-75.1301,5.4453],[-75.12945,5.44446],[-75.12917,5.44507],[-75.12968,5.44596],[-75.12851,5.44618],[-75.12838,5.44596],[-75.12889,5.44555]]],[[[-75.12144,5.45829],[-75.12376,5.45463],[-75.12489,5.45392],[-75.12605,5.45436],[-75.12639,5.45413],[-75.12631,5.45371],[-75.12659,5.45342],[-75.12623,5.45318],[-75.12439,5.45342],[-75.12495,5.45223],[-75.12506,5.45085],[-75.12542,5.45111],[-75.1254,5.4507],[-75.12618,5.45041],[-75.12694,5.45072],[-75.12657,5.44996],[-75.12514,5.44979],[-75.12527,5.44936],[-75.12605,5.44913],[-75.12736,5.45015],[-75.12798,5.45114],[-75.12785,5.45153],[-75.1271,5.45166],[-75.12655,5.45229],[-75.1267,5.4531],[-75.1271,5.45324],[-75.12725,5.45242],[-75.12747,5.45253],[-75.12738,5.45454],[-75.12662,5.45468],[-75.12639,5.45501],[-75.12694,5.45528],[-75.1268,5.45616],[-75.12579,5.45679],[-75.1254,5.45748],[-75.12458,5.45774],[-75.12445,5.45734],[-75.12238,5.45918],[-75.12144,5.45829]]],[[[-75.11949,5.45963],[-75.11966,5.45954],[-75.11968,5.45983],[-75.11949,5.45963]]]]},"properties":{"uso_principal":"Áreas Prioritarias para la Conservación","vocacion":"Áreas Prioritarias para la Conservación","oferta_ambiental":"Áreas Prioritarias para la Conservación","area_ha":93.1417}},{"type":"Feature","id":7,"geometry":{"type":"Polygon","coordinates":[[[-75.06066,5.43358],[-75.05947,5.43188],[-75.05962,5.42967],[-75.05891,5.42926],[-75.05885,5.42864],[-75.05932,5.42813],[-75.05875,5.42741],[-75.0587,5.42664],[-75.05829,5.42664],[-75.05803,5.42736],[-75.05798,5.42818],[-75.05844,5.42947],[-75.05757,5.42906],[-75.0569,5.42772],[-75.05705,5.42649],[-75.05664,5.42612],[-75.05705,5.4252],[-75.05741,5.42515],[-75.0569,5.42463],[-75.05675,5.42541],[-75.05618,5.42566],[-75.05556,5.4253],[-75.05531,5.42561],[-75.05415,5.4242],[-75.05484,5.42397],[-75.0552,5.42469],[-75.05561,5.42463],[-75.0552,5.42361],[-75.05577,5.42273],[-75.05623,5.42258],[-75.05746,5.42289],[-75.0587,5.42402],[-75.05994,5.42294],[-75.06055,5.4234],[-75.0605,5.42448],[-75.05932,5.42494],[-75.05911,5.4253],[-75.05932,5.42612],[-75.05998,5.42659],[-75.06039,5.42592],[-75.06163,5.42566],[-75.06173,5.42695],[-75.06091,5.42695],[-75.06071,5.42731],[-75.06152,5.42762],[-75.06245,5.42849],[-75.0623,5.4289],[-75.06137,5.42865],[-75.06112,5.42787],[-75.0603,5.42792],[-75.05994,5.42865],[-75.06071,5.42865],[-75.06096,5.42895],[-75.06107,5.43106],[-75.06152,5.43291],[-75.06199,5.43296],[-75.06261,5.43245],[-75.06332,5.43271],[-75.06187,5.4334],[-75.06187,5.43376],[-75.06066,5.43358]]]},"properties":{"uso_principal":"Áreas Prioritarias para la Conservación","vocacion":"Áreas Prioritarias para la Conservación","oferta_ambiental":"Áreas Prioritarias para la Conservación","area_ha":38.7598}},{"type":"Feature","id":8,"geometry":{"type":"MultiPolygon","coordinates":[[[[-75.05372,5.43418],[-75.05443,5.43311],[-75.05482,5.43303],[-75.05477,5.4326],[-75.05443,5.4323],[-75.05396,5.4326],[-75.05366,5.43226],[-75.05405,5.43204],[-75.05344,5.43144],[-75.05362,5.43127],[-75.05336,5.43042],[-75.05272,5.43239],[-75.05229,5.43268],[-75.05203,5.4323],[-75.05251,5.4317],[-75.05216,5.43174],[-75.05173,5.4305],[-75.05229,5.42986],[-75.05263,5.42836],[-75.0519,5.42682],[-75.05156,5.42789],[-75.05079,5.42866],[-75.05139,5.42943],[-75.05092,5.43033],[-75.05058,5.43011],[-75.05058,5.43101],[-75.0501,5.43149],[-75.04993,5.43029],[-75.05019,5.42887],[-75.0492,5.42986],[-75.0492,5.43071],[-75.04989,5.43209],[-75.0498,5.4329],[-75.04882,5.43247],[-75.04878,5.43333],[-75.04848,5.43363],[-75.04822,5.43281],[-75.04864,5.4302],[-75.04805,5.4305],[-75.04805,5.4311],[-75.04715,5.4308],[-75.04707,5.43037],[-75.0463,5.43174],[-75.04604,5.4314],[-75.04625,5.43114],[-75.045,5.43089],[-75.04502,5.43056],[-75.04458,5.43035],[-75.04565,5.43042],[-75.04599,5.42977],[-75.04651,5.42964],[-75.04599,5.4293],[-75.04574,5.42969],[-75.04531,5.42973],[-75.04591,5.42879],[-75.04676,5.42913],[-75.04697,5.4278],[-75.04646,5.4278],[-75.04646,5.42737],[-75.04685,5.42703],[-75.04651,5.42617],[-75.04736,5.42622],[-75.04758,5.42656],[-75.04745,5.42763],[-75.04805,5.42806],[-75.04775,5.42733],[-75.04792,5.42626],[-75.04856,5.42707],[-75.04874,5.42827],[-75.04852,5.4287],[-75.04826,5.42892],[-75.04707,5.42832],[-75.0472,5.42917],[-75.04779,5.42956],[-75.04758,5.42904],[-75.04848,5.42951],[-75.0489,5.42887],[-75.0492,5.42802],[-75.04899,5.42733],[-75.04933,5.42733],[-75.04933,5.42652],[-75.04852,5.42643],[-75.04818,5.42596],[-75.0483,5.42549],[-75.04787,5.4248],[-75.04787,5.42425],[-75.04818,5.42433],[-75.04865,5.42519],[-75.04869,5.42438],[-75.04929,5.42438],[-75.0489,5.42575],[-75.05028,5.42613],[-75.05049,5.42652],[-75.05006,5.42665],[-75.04989,5.42729],[-75.05058,5.42763],[-75.05053,5.42716],[-75.05096,5.42707],[-75.05109,5.42635],[-75.05015,5.42558],[-75.05015,5.42519],[-75.05161,5.42609],[-75.05177,5.42583],[-75.0537,5.42592],[-75.05447,5.4275],[-75.05443,5.42849],[-75.05482,5.42836],[-75.05482,5.42772],[-75.05511,5.42785],[-75.05495,5.42874],[-75.0567,5.43063],[-75.05631,5.43093],[-75.05495,5.42939],[-75.054,5.429],[-75.054,5.43067],[-75.05434,5.43003],[-75.05533,5.43217],[-75.05593,5.43234],[-75.05597,5.43277],[-75.05558,5.43371],[-75.05555,5.43341],[-75.05519,5.43341],[-75.05372,5.43418]]],[[[-75.05233,5.43469],[-75.0528,5.43354],[-75.05344,5.43397],[-75.05339,5.43441],[-75.05233,5.43469]]],[[[-75.05564,5.43395],[-75.05597,5.43393],[-75.05593,5.43555],[-75.05561,5.43544],[-75.05592,5.43459],[-75.05564,5.43395]]],[[[-75.05488,5.43558],[-75.05503,5.43557],[-75.05503,5.43568],[-75.05488,5.43558]]]]},"properties":{"uso_principal":"Áreas Prioritarias para la Conservación","vocacion":"Áreas Prioritarias para la Conservación","oferta_ambiental":"Áreas Prioritarias para la Conservación","area_ha":51.2615}},{"type":"Feature","id":9,"geometry":{"type":"Polygon","coordinates":[[[-75.04788,5.43484],[-75.04649,5.4331],[-75.04626,5.43239],[-75.04672,5.43273],[-75.04672,5.43144],[-75.04707,5.43123],[-75.04758,5.43149],[-75.04779,5.43196],[-75.0471,5.43247],[-75.04745,5.43251],[-75.04749,5.43333],[-75.04792,5.43346],[-75.04792,5.43414],[-75.04895,5.43393],[-75.04972,5.4332],[-75.04993,5.43354],[-75.04989,5.43448],[-75.04929,5.43487],[-75.04908,5.43483],[-75.04942,5.43414],[-75.04886,5.43427],[-75.0486,5.43487],[-75.04788,5.43484]]]},"properties":{"uso_principal":"Áreas Prioritarias para la Conservación","vocacion":"Áreas Prioritarias para la Conservación","oferta_ambiental":"Áreas Prioritarias para la Conservación","area_ha":5.1993}},{"type":"Feature","id":10,"geometry":{"type":"Polygon","coordinates":[[[-75.05341,5.4259],[-75.05191,5.42584],[-75.05003,5.42434],[-75.05013,5.42342],[-75.05056,5.42265],[-75.05042,5.42193],[-75.051,5.42068],[-75.05046,5.41986],[-75.05046,5.41895],[-75.04979,5.41856],[-75.04979,5.41991],[-75.05032,5.42126],[-75.04984,5.42145],[-75.04926,5.41846],[-75.04752,5.41797],[-75.04723,5.41682],[-75.04551,5.41519],[-75.04371,5.41476],[-75.04311,5.41407],[-75.0432,5.41279],[-75.04281,5.41236],[-75.04294,5.4112],[-75.04187,5.4106],[-75.04134,5.40948],[-75.04034,5.40883],[-75.03968,5.40948],[-75.03897,5.4096],[-75.03843,5.40901],[-75.037,5.4096],[-75.03564,5.40883],[-75.03439,5.40937],[-75.03368,5.40913],[-75.03349,5.40824],[-75.03343,5.40764],[-75.03427,5.40728],[-75.03516,5.40824],[-75.03694,5.40877],[-75.03719,5.40841],[-75.03808,5.40824],[-75.03897,5.40871],[-75.03968,5.40758],[-75.04186,5.40896],[-75.04294,5.40855],[-75.04269,5.40726],[-75.04195,5.40636],[-75.042,5.40572],[-75.0432,5.40405],[-75.04253,5.40431],[-75.04189,5.40419],[-75.04075,5.40467],[-75.0404,5.40395],[-75.03968,5.40389],[-75.03879,5.4049],[-75.03813,5.40479],[-75.03802,5.40342],[-75.04057,5.40336],[-75.04111,5.40401],[-75.04182,5.40372],[-75.04299,5.40375],[-75.04311,5.40225],[-75.04418,5.4026],[-75.04517,5.40131],[-75.04495,5.40075],[-75.04427,5.4014],[-75.04337,5.40104],[-75.04289,5.4005],[-75.03951,5.40015],[-75.03986,5.39943],[-75.04045,5.39931],[-75.04379,5.40044],[-75.04513,5.40005],[-75.04469,5.39703],[-75.0453,5.39664],[-75.04272,5.39545],[-75.04236,5.39604],[-75.04099,5.39574],[-75.03873,5.3961],[-75.03838,5.39568],[-75.03843,5.39527],[-75.04087,5.39533],[-75.04212,5.39467],[-75.04057,5.39229],[-75.04081,5.392],[-75.04153,5.39229],[-75.04236,5.39402],[-75.04385,5.39551],[-75.04551,5.39604],[-75.04534,5.3948],[-75.04568,5.39416],[-75.04646,5.39326],[-75.04787,5.39287],[-75.04778,5.39244],[-75.04834,5.39163],[-75.04906,5.39154],[-75.04954,5.39],[-75.04928,5.38885],[-75.04885,5.38842],[-75.04821,5.38829],[-75.04649,5.38653],[-75.04564,5.38666],[-75.04569,5.38708],[-75.04507,5.38784],[-75.04445,5.38951],[-75.04245,5.39151],[-75.04212,5.39099],[-75.04288,5.39065],[-75.04283,5.38979],[-75.04364,5.38899],[-75.04408,5.38794],[-75.04502,5.38718],[-75.04512,5.38667],[-75.04279,5.38689],[-75.04198,5.38899],[-75.0414,5.38932],[-75.04131,5.39037],[-75.0406,5.38999],[-75.0406,5.38946],[-75.0414,5.38746],[-75.04214,5.38663],[-75.0415,5.38618],[-75.04027,5.3877],[-75.03993,5.38913],[-75.03864,5.38975],[-75.03822,5.38894],[-75.04098,5.38637],[-75.04098,5.38575],[-75.04133,5.38559],[-75.04118,5.38508],[-75.0407,5.3854],[-75.04064,5.38585],[-75.03917,5.38694],[-75.03764,5.38889],[-75.03746,5.38832],[-75.03812,5.38699],[-75.03912,5.38642],[-75.03893,5.38599],[-75.03841,5.38627],[-75.03808,5.3858],[-75.03817,5.38546],[-75.03898,5.38513],[-75.03898,5.38446],[-75.03928,5.38425],[-75.03882,5.38351],[-75.03798,5.38314],[-75.03754,5.3826],[-75.03597,5.38411],[-75.03597,5.38495],[-75.03537,5.38655],[-75.03418,5.38673],[-75.03442,5.3862],[-75.03394,5.38596],[-75.03418,5.38548],[-75.03477,5.38548],[-75.03513,5.38507],[-75.03513,5.38411],[-75.03632,5.38245],[-75.03719,5.38173],[-75.03407,5.37728],[-75.03265,5.37837],[-75.03255,5.38009],[-75.03336,5.38061],[-75.03351,5.38123],[-75.03284,5.38251],[-75.03217,5.38294],[-75.03189,5.38418],[-75.03198,5.38589],[-75.03151,5.38589],[-75.03189,5.38694],[-75.03136,5.38699],[-75.03098,5.38765],[-75.03227,5.38875],[-75.03166,5.38994],[-75.03185,5.39079],[-75.03247,5.39132],[-75.03247,5.39194],[-75.03123,5.3917],[-75.03047,5.39046],[-75.03028,5.38965],[-75.03075,5.38851],[-75.03022,5.38818],[-75.03017,5.3877],[-75.03084,5.38665],[-75.0311,5.38533],[-75.02995,5.38489],[-75.027,5.3848],[-75.027,5.38399],[-75.02747,5.38427],[-75.02762,5.3838],[-75.02805,5.38442],[-75.02981,5.38442],[-75.03127,5.38492],[-75.03156,5.38242],[-75.03227,5.38223],[-75.0327,5.38118],[-75.03213,5.38018],[-75.03117,5.38142],[-75.03022,5.38128],[-75.02989,5.38189],[-75.02913,5.38166],[-75.02875,5.38304],[-75.02818,5.38351],[-75.0277,5.38304],[-75.02841,5.38175],[-75.02822,5.3809],[-75.02956,5.38075],[-75.03041,5.37985],[-75.03136,5.38004],[-75.03179,5.37985],[-75.03205,5.37797],[-75.03052,5.3773],[-75.02898,5.37724],[-75.02719,5.37938],[-75.02701,5.37867],[-75.02779,5.37808],[-75.02814,5.37742],[-75.02808,5.37689],[-75.02522,5.37647],[-75.02457,5.37605],[-75.02493,5.37582],[-75.02606,5.37587],[-75.02814,5.37629],[-75.02796,5.37564],[-75.02683,5.37445],[-75.02654,5.37344],[-75.02594,5.37278],[-75.02594,5.37225],[-75.02808,5.37332],[-75.0285,5.37522],[-75.02939,5.37677],[-75.03022,5.37677],[-75.0323,5.37759],[-75.0327,5.37737],[-75.03227,5.37606],[-75.03263,5.37493],[-75.03022,5.37465],[-75.02994,5.37216],[-75.02868,5.37248],[-75.02868,5.37195],[-75.02927,5.37159],[-75.03153,5.37112],[-75.03165,5.36957],[-75.03064,5.36909],[-75.02957,5.36939],[-75.02915,5.36897],[-75.0307,5.36844],[-75.03017,5.36731],[-75.03034,5.36701],[-75.03225,5.36963],[-75.03236,5.37106],[-75.03296,5.37177],[-75.03492,5.37307],[-75.03573,5.3722],[-75.03711,5.3692],[-75.03619,5.36864],[-75.03507,5.36894],[-75.03297,5.3683],[-75.03136,5.36643],[-75.03158,5.36609],[-75.03267,5.3674],[-75.03391,5.368],[-75.03654,5.36815],[-75.03658,5.36684],[-75.03387,5.36571],[-75.03368,5.36526],[-75.03425,5.36489],[-75.03529,5.36511],[-75.03574,5.36481],[-75.03552,5.36417],[-75.03484,5.3641],[-75.03451,5.36372],[-75.03474,5.36346],[-75.03564,5.36372],[-75.03627,5.3644],[-75.03609,5.36598],[-75.03683,5.36669],[-75.03687,5.36842],[-75.03736,5.36882],[-75.03783,5.36802],[-75.03955,5.3666],[-75.04191,5.36325],[-75.04253,5.36194],[-75.04229,5.35954],[-75.04317,5.35933],[-75.04364,5.36004],[-75.04372,5.36326],[-75.04338,5.36432],[-75.04266,5.36534],[-75.04135,5.36635],[-75.04014,5.36848],[-75.03816,5.37032],[-75.03806,5.37225],[-75.03734,5.37293],[-75.03729,5.37408],[-75.0369,5.37486],[-75.03651,5.37457],[-75.03603,5.37486],[-75.03584,5.37781],[-75.03883,5.381],[-75.03875,5.38234],[-75.03971,5.38325],[-75.04337,5.38472],[-75.04411,5.38529],[-75.04536,5.3855],[-75.04612,5.38413],[-75.04578,5.38361],[-75.04455,5.3828],[-75.04455,5.38185],[-75.04483,5.38137],[-75.04531,5.38242],[-75.04574,5.38142],[-75.04493,5.38075],[-75.04536,5.3799],[-75.04536,5.37913],[-75.0445,5.37676],[-75.04459,5.37514],[-75.04521,5.37533],[-75.0454,5.3768],[-75.04602,5.37804],[-75.04602,5.37985],[-75.04574,5.38047],[-75.04612,5.38032],[-75.04655,5.37956],[-75.04707,5.37714],[-75.04759,5.37942],[-75.04697,5.38151],[-75.04607,5.38256],[-75.04617,5.38294],[-75.04755,5.38247],[-75.04907,5.38047],[-75.04974,5.38028],[-75.04788,5.38289],[-75.04674,5.38323],[-75.04674,5.38485],[-75.04627,5.3856],[-75.04723,5.38538],[-75.04774,5.38572],[-75.04821,5.38632],[-75.04821,5.38683],[-75.0497,5.38812],[-75.04993,5.38775],[-75.04974,5.38627],[-75.05102,5.38466],[-75.05097,5.38427],[-75.0504,5.3838],[-75.05054,5.38327],[-75.05183,5.38399],[-75.05212,5.38323],[-75.05273,5.3828],[-75.0535,5.38327],[-75.05321,5.38394],[-75.05335,5.38456],[-75.05278,5.38508],[-75.05145,5.38513],[-75.05012,5.38661],[-75.05045,5.38827],[-75.04996,5.3885],[-75.05022,5.38885],[-75.05018,5.38966],[-75.04944,5.39182],[-75.05,5.39363],[-75.05196,5.39643],[-75.05393,5.39768],[-75.0553,5.3978],[-75.05601,5.39756],[-75.05679,5.39613],[-75.05839,5.39643],[-75.06095,5.39637],[-75.06238,5.39571],[-75.06351,5.39613],[-75.06689,5.39655],[-75.06749,5.39554],[-75.0691,5.39553],[-75.06999,5.39577],[-75.07076,5.39637],[-75.07237,5.39655],[-75.0732,5.3969],[-75.07445,5.39803],[-75.07648,5.40101],[-75.07772,5.40125],[-75.0782,5.40196],[-75.07867,5.4044],[-75.07974,5.406],[-75.07993,5.40684],[-75.07925,5.40783],[-75.07816,5.4115],[-75.07892,5.41231],[-75.07901,5.41349],[-75.07848,5.41488],[-75.08048,5.41459],[-75.08105,5.41645],[-75.08154,5.4164],[-75.08225,5.41511],[-75.08401,5.4143],[-75.08539,5.41107],[-75.08586,5.41045],[-75.08658,5.41035],[-75.08634,5.41097],[-75.0852,5.41173],[-75.08458,5.41407],[-75.0852,5.4144],[-75.08562,5.41426],[-75.08634,5.41502],[-75.08648,5.41559],[-75.09281,5.41378],[-75.09324,5.41407],[-75.09547,5.4143],[-75.09572,5.41491],[-75.09229,5.41426],[-75.09119,5.41497],[-75.09019,5.41521],[-75.08834,5.41511],[-75.0871,5.41621],[-75.08629,5.41573],[-75.08562,5.41468],[-75.08396,5.41464],[-75.08301,5.41535],[-75.08248,5.4154],[-75.08186,5.41687],[-75.08105,5.41706],[-75.08044,5.41587],[-75.08044,5.41525],[-75.07865,5.41517],[-75.08015,5.41702],[-75.08011,5.41916],[-75.08182,5.42035],[-75.0821,5.42101],[-75.0821,5.42277],[-75.08101,5.42477],[-75.08148,5.42577],[-75.0852,5.42777],[-75.08575,5.42865],[-75.08599,5.42974],[-75.08536,5.43124],[-75.08446,5.43152],[-75.08472,5.4324],[-75.08441,5.43266],[-75.08385,5.43209],[-75.08364,5.43245],[-75.08384,5.43333],[-75.08541,5.43514],[-75.08608,5.43533],[-75.08612,5.43576],[-75.08726,5.43571],[-75.08769,5.43424],[-75.08779,5.43476],[-75.08841,5.43514],[-75.0885,5.43585],[-75.08779,5.43623],[-75.08603,5.43614],[-75.08441,5.43485],[-75.0845,5.43428],[-75.08398,5.43424],[-75.08327,5.43363],[-75.08333,5.43425],[-75.08384,5.435],[-75.08389,5.43619],[-75.08384,5.43728],[-75.08327,5.43764],[-75.08353,5.43528],[-75.08298,5.43485],[-75.08298,5.43362],[-75.08265,5.43286],[-75.08327,5.43152],[-75.08446,5.43105],[-75.08541,5.43024],[-75.08541,5.42933],[-75.08522,5.42876],[-75.08466,5.42818],[-75.08425,5.42818],[-75.08389,5.42741],[-75.08287,5.42679],[-75.08229,5.42729],[-75.08058,5.42549],[-75.08082,5.42377],[-75.08144,5.42287],[-75.08148,5.42125],[-75.07954,5.4193],[-75.07948,5.4173],[-75.07763,5.41426],[-75.07811,5.41259],[-75.07754,5.41116],[-75.07903,5.40684],[-75.07903,5.40577],[-75.0782,5.40493],[-75.07797,5.40428],[-75.07772,5.4022],[-75.07582,5.40119],[-75.07421,5.39857],[-75.07261,5.3972],[-75.07029,5.39684],[-75.06969,5.39631],[-75.06779,5.39625],[-75.06779,5.39672],[-75.06689,5.39714],[-75.06559,5.39708],[-75.06499,5.39672],[-75.06321,5.39684],[-75.06261,5.39631],[-75.06155,5.39714],[-75.06036,5.39696],[-75.05868,5.3972],[-75.0575,5.39672],[-75.05696,5.39684],[-75.0563,5.39845],[-75.0556,5.39851],[-75.05417,5.39845],[-75.05274,5.39762],[-75.0511,5.39896],[-75.05271,5.40032],[-75.05336,5.40187],[-75.0545,5.40312],[-75.05491,5.40294],[-75.05521,5.40354],[-75.05533,5.40633],[-75.05574,5.40699],[-75.0564,5.41032],[-75.05536,5.41103],[-75.05264,5.41026],[-75.05033,5.40913],[-75.05003,5.40853],[-75.05021,5.40592],[-75.05069,5.40437],[-75.05152,5.40449],[-75.05247,5.40395],[-75.05289,5.40134],[-75.05176,5.39979],[-75.0517,5.40074],[-75.04991,5.40425],[-75.04908,5.40496],[-75.04914,5.40336],[-75.05033,5.40223],[-75.05045,5.40128],[-75.0511,5.40003],[-75.05063,5.39967],[-75.04985,5.40015],[-75.04944,5.39979],[-75.04944,5.3989],[-75.05209,5.3971],[-75.0509,5.39631],[-75.04935,5.39345],[-75.04911,5.39201],[-75.04851,5.39227],[-75.04821,5.39352],[-75.04739,5.39373],[-75.04735,5.39334],[-75.04697,5.39343],[-75.04585,5.39471],[-75.04585,5.3966],[-75.04517,5.39741],[-75.04568,5.39823],[-75.04543,5.399],[-75.04572,5.39964],[-75.04543,5.40058],[-75.04551,5.40178],[-75.04495,5.40204],[-75.04431,5.40298],[-75.0432,5.40277],[-75.04371,5.40427],[-75.04243,5.40606],[-75.04358,5.40795],[-75.04349,5.40859],[-75.04204,5.40906],[-75.042,5.40953],[-75.04234,5.41043],[-75.04315,5.41069],[-75.04341,5.41138],[-75.04324,5.41232],[-75.04362,5.41262],[-75.04358,5.41407],[-75.04414,5.41459],[-75.04543,5.41467],[-75.04861,5.41234],[-75.04861,5.41442],[-75.05146,5.41418],[-75.05218,5.41442],[-75.05176,5.41508],[-75.05033,5.41496],[-75.04702,5.41574],[-75.048,5.4169],[-75.04782,5.41759],[-75.04824,5.41776],[-75.05067,5.41814],[-75.05072,5.41679],[-75.05303,5.41464],[-75.05486,5.41394],[-75.05567,5.41292],[-75.05745,5.41259],[-75.05685,5.41351],[-75.05637,5.41319],[-75.05556,5.41421],[-75.0533,5.41528],[-75.05109,5.41814],[-75.05125,5.41868],[-75.05185,5.41868],[-75.05217,5.42115],[-75.05287,5.42212],[-75.05276,5.42255],[-75.05233,5.42261],[-75.05228,5.4232],[-75.05164,5.42347],[-75.05153,5.42422],[-75.05347,5.42481],[-75.05392,5.42448],[-75.05433,5.42499],[-75.05418,5.42551],[-75.05341,5.4259]]]},"properties":{"uso_principal":"Áreas Prioritarias para la Conservación","vocacion":"Áreas Prioritarias para la Conservación","oferta_ambiental":"Áreas Prioritarias para la Conservación","area_ha":430.5468}},{"type":"Feature","id":11,"geometry":{"type":"MultiPolygon","coordinates":[[[[-75.01376,5.39015],[-75.01392,5.38957],[-75.01229,5.38989],[-75.01224,5.38768],[-75.01329,5.38815],[-75.01382,5.3881],[-75.01387,5.38747],[-75.0134,5.387],[-75.0134,5.38632],[-75.01208,5.38653],[-75.01219,5.38488],[-75.01316,5.38436],[-75.01382,5.38516],[-75.01366,5.38574],[-75.01418,5.38605],[-75.01482,5.38794],[-75.01513,5.38789],[-75.01524,5.38742],[-75.0155,5.38773],[-75.01529,5.38868],[-75.01555,5.38868],[-75.01591,5.38784],[-75.01633,5.38826],[-75.01602,5.38873],[-75.01644,5.38957],[-75.01613,5.38983],[-75.01513,5.38921],[-75.01508,5.38999],[-75.01628,5.39215],[-75.01586,5.39225],[-75.01482,5.39183],[-75.01271,5.39046],[-75.01376,5.39015]]],[[[-75.00577,5.3943],[-75.00528,5.3934],[-75.00687,5.39132],[-75.00633,5.38924],[-75.00702,5.38823],[-75.00883,5.38753],[-75.00899,5.38763],[-75.00793,5.38868],[-75.00678,5.38889],[-75.00715,5.38968],[-75.00772,5.38941],[-75.00825,5.38957],[-75.00846,5.38894],[-75.00883,5.38905],[-75.00857,5.39031],[-75.00904,5.39068],[-75.00904,5.39136],[-75.00857,5.39183],[-75.00825,5.39299],[-75.00772,5.39236],[-75.00673,5.39283],[-75.00757,5.39309],[-75.00751,5.39351],[-75.00668,5.39383],[-75.00699,5.39414],[-75.00735,5.39393],[-75.00757,5.39435],[-75.00699,5.39488],[-75.00751,5.39503],[-75.00814,5.39603],[-75.00814,5.39668],[-75.00577,5.3943]]]]},"properties":{"uso_principal":"Áreas Prioritarias para la Conservación","vocacion":"Áreas Prioritarias para la Conservación","oferta_ambiental":"Áreas Prioritarias para la Conservación","area_ha":35.3495}},{"type":"Feature","id":12,"geometry":{"type":"Polygon","coordinates":[[[-75.10458,5.43835],[-75.10347,5.43755],[-75.10228,5.43768],[-75.10173,5.43814],[-75.09953,5.43649],[-75.09936,5.43522],[-75.09795,5.43369],[-75.0983,5.43471],[-75.09821,5.43538],[-75.09888,5.43568],[-75.09888,5.43632],[-75.09859,5.43632],[-75.09853,5.43672],[-75.09769,5.43714],[-75.09669,5.43714],[-75.0945,5.43581],[-75.09441,5.43704],[-75.09388,5.43623],[-75.09326,5.43623],[-75.09364,5.43566],[-75.09445,5.43552],[-75.0946,5.43509],[-75.09522,5.43504],[-75.09641,5.4359],[-75.09621,5.43509],[-75.09641,5.43314],[-75.09745,5.43314],[-75.0974,5.43347],[-75.09688,5.43347],[-75.09688,5.43447],[-75.09754,5.43462],[-75.09779,5.43314],[-75.09855,5.43335],[-75.09885,5.43271],[-75.09978,5.43424],[-75.09918,5.43174],[-75.09982,5.43102],[-75.09931,5.42945],[-75.10067,5.42826],[-75.1005,5.42957],[-75.1011,5.42983],[-75.1013,5.43046],[-75.10012,5.43157],[-75.10054,5.43242],[-75.10101,5.43195],[-75.10126,5.43259],[-75.10198,5.43271],[-75.10178,5.43331],[-75.10101,5.43365],[-75.1011,5.43441],[-75.10186,5.43445],[-75.10168,5.43377],[-75.10245,5.43382],[-75.10236,5.43454],[-75.1033,5.43479],[-75.10296,5.43517],[-75.10046,5.43539],[-75.10016,5.43585],[-75.10033,5.43674],[-75.10143,5.43678],[-75.10168,5.43649],[-75.10148,5.43602],[-75.10198,5.43568],[-75.10271,5.43594],[-75.10284,5.43712],[-75.10394,5.43708],[-75.10551,5.43441],[-75.1064,5.43437],[-75.10635,5.43475],[-75.10572,5.43492],[-75.10534,5.43577],[-75.10554,5.43611],[-75.10534,5.43683],[-75.10453,5.43687],[-75.10458,5.4378],[-75.10551,5.43908],[-75.10478,5.43933],[-75.105,5.44035],[-75.10423,5.44069],[-75.10394,5.44018],[-75.10398,5.43908],[-75.10458,5.43835]]]},"properties":{"uso_principal":"Áreas Prioritarias para la Conservación","vocacion":"Áreas Prioritarias para la Conservación","oferta_ambiental":"Áreas Prioritarias para la Conservación","area_ha":41.2686}},{"type":"Feature","id":13,"geometry":{"type":"Polygon","coordinates":[[[-75.10691,5.4388],[-75.10638,5.43862],[-75.1063,5.43893],[-75.10577,5.43888],[-75.10577,5.43849],[-75.10621,5.43818],[-75.10643,5.43708],[-75.10617,5.43603],[-75.10748,5.43371],[-75.10577,5.43349],[-75.10542,5.43384],[-75.10525,5.4334],[-75.10568,5.43301],[-75.10551,5.43182],[-75.10468,5.43261],[-75.1048,5.43305],[-75.10415,5.43397],[-75.10384,5.43296],[-75.10319,5.43274],[-75.10292,5.43217],[-75.10274,5.43287],[-75.102,5.43217],[-75.10292,5.43134],[-75.10393,5.43195],[-75.10402,5.43143],[-75.10336,5.43073],[-75.10287,5.43073],[-75.10328,5.42947],[-75.10265,5.4279],[-75.10345,5.42738],[-75.10378,5.42756],[-75.10446,5.42619],[-75.10412,5.42563],[-75.10473,5.42585],[-75.10516,5.42529],[-75.10573,5.42586],[-75.10551,5.42634],[-75.10617,5.42647],[-75.10638,5.42682],[-75.10612,5.42761],[-75.10652,5.42779],[-75.10643,5.42845],[-75.10529,5.42858],[-75.10498,5.42919],[-75.1045,5.42818],[-75.10384,5.42792],[-75.10336,5.42814],[-75.10367,5.42932],[-75.10442,5.42928],[-75.10459,5.42963],[-75.10428,5.42989],[-75.10459,5.43037],[-75.10428,5.43077],[-75.10477,5.43116],[-75.10564,5.43099],[-75.1056,5.43138],[-75.1063,5.43195],[-75.1063,5.43261],[-75.10674,5.43252],[-75.10792,5.43327],[-75.10726,5.4359],[-75.10818,5.43612],[-75.10796,5.43472],[-75.10836,5.43358],[-75.10906,5.43489],[-75.1088,5.43634],[-75.10963,5.4363],[-75.10941,5.43542],[-75.11042,5.43393],[-75.11077,5.43415],[-75.11121,5.43393],[-75.1113,5.43432],[-75.11187,5.43472],[-75.11205,5.43678],[-75.11051,5.43735],[-75.11069,5.43792],[-75.11182,5.43836],[-75.11213,5.43884],[-75.11125,5.43884],[-75.11011,5.43831],[-75.10946,5.43871],[-75.10831,5.43853],[-75.10761,5.43967],[-75.10726,5.43954],[-75.10691,5.4388]]]},"properties":{"uso_principal":"Áreas Prioritarias para la Conservación","vocacion":"Áreas Prioritarias para la Conservación","oferta_ambiental":"Áreas Prioritarias para la Conservación","area_ha":46.753}},{"type":"Feature","id":14,"geometry":{"type":"MultiPolygon","coordinates":[[[[-75.01136,5.41854],[-75.01139,5.41829],[-75.0115,5.41839],[-75.01136,5.41854]]],[[[-75.02106,5.4215],[-75.02001,5.4215],[-75.02001,5.42077],[-75.02101,5.41909],[-75.02038,5.41883],[-75.01975,5.41935],[-75.02001,5.41988],[-75.01975,5.41993],[-75.01928,5.41956],[-75.02023,5.41825],[-75.01907,5.41762],[-75.01812,5.41862],[-75.01749,5.41846],[-75.01755,5.41699],[-75.01666,5.41736],[-75.01576,5.4173],[-75.01544,5.41688],[-75.01518,5.41725],[-75.01576,5.41788],[-75.01529,5.41825],[-75.01681,5.41909],[-75.0166,5.41972],[-75.01497,5.41851],[-75.01508,5.41793],[-75.01471,5.41704],[-75.01387,5.4161],[-75.01356,5.41609],[-75.01371,5.4173],[-75.0134,5.41772],[-75.01292,5.4172],[-75.0125,5.41751],[-75.01229,5.41725],[-75.01164,5.41632],[-75.01175,5.4155],[-75.01104,5.41588],[-75.00944,5.41584],[-75.00904,5.4154],[-75.01084,5.41278],[-75.01111,5.41111],[-75.01168,5.41002],[-75.01135,5.40909],[-75.0114,5.40787],[-75.0107,5.40695],[-75.01136,5.40652],[-75.01021,5.40626],[-75.00993,5.40568],[-75.00998,5.40454],[-75.01009,5.40525],[-75.01172,5.40583],[-75.01224,5.40659],[-75.01193,5.40696],[-75.01208,5.40743],[-75.01266,5.40769],[-75.01313,5.40901],[-75.0146,5.4089],[-75.01518,5.40953],[-75.01466,5.40974],[-75.01345,5.40937],[-75.01276,5.41021],[-75.01318,5.41048],[-75.01398,5.41011],[-75.01492,5.41058],[-75.01524,5.41116],[-75.01555,5.41069],[-75.01624,5.41079],[-75.0166,5.41011],[-75.01749,5.41048],[-75.01728,5.41116],[-75.0165,5.41163],[-75.01624,5.41216],[-75.01524,5.41216],[-75.01445,5.41268],[-75.0144,5.41315],[-75.01408,5.41331],[-75.01282,5.41289],[-75.0124,5.41336],[-75.01502,5.41426],[-75.01566,5.41268],[-75.01644,5.41247],[-75.01713,5.41189],[-75.01797,5.41279],[-75.01807,5.41363],[-75.01755,5.41394],[-75.01733,5.41336],[-75.01702,5.41399],[-75.01591,5.41457],[-75.01633,5.41494],[-75.01797,5.41452],[-75.01755,5.41504],[-75.01791,5.4152],[-75.01807,5.41604],[-75.0187,5.41615],[-75.01865,5.41378],[-75.01891,5.41389],[-75.01912,5.41573],[-75.01933,5.41573],[-75.01954,5.41489],[-75.02001,5.41525],[-75.01975,5.41599],[-75.02033,5.4161],[-75.02085,5.41552],[-75.02101,5.41478],[-75.02185,5.41441],[-75.02143,5.41557],[-75.0209,5.41609],[-75.02132,5.41688],[-75.02075,5.41688],[-75.0209,5.41741],[-75.02065,5.41757],[-75.02075,5.4182],[-75.02117,5.41778],[-75.02132,5.41862],[-75.02085,5.4204],[-75.02106,5.4215]]]]},"properties":{"uso_principal":"Áreas Prioritarias para la Conservación","vocacion":"Áreas Prioritarias para la Conservación","oferta_ambiental":"Áreas Prioritarias para la Conservación","area_ha":78.5736}},{"type":"Feature","id":15,"geometry":{"type":"Polygon","coordinates":[[[-75.02114,5.40245],[-75.0221,5.40333],[-75.02216,5.40458],[-75.02252,5.40511],[-75.02181,5.40547],[-75.02127,5.40452],[-75.02151,5.40315],[-75.0208,5.40464],[-75.02061,5.40612],[-75.0202,5.40648],[-75.02032,5.4069],[-75.0208,5.40678],[-75.02097,5.40719],[-75.02296,5.4066],[-75.02341,5.40719],[-75.02365,5.40666],[-75.02448,5.40648],[-75.02454,5.40767],[-75.02401,5.40946],[-75.02312,5.40916],[-75.02278,5.40852],[-75.02296,5.40737],[-75.02187,5.40761],[-75.02103,5.40827],[-75.02091,5.40934],[-75.02008,5.40969],[-75.02002,5.41094],[-75.01889,5.41142],[-75.01889,5.411],[-75.01936,5.41047],[-75.01913,5.40916],[-75.01693,5.40844],[-75.01693,5.40767],[-75.01913,5.40803],[-75.01955,5.40963],[-75.0205,5.40809],[-75.0199,5.40773],[-75.01859,5.40755],[-75.01723,5.40648],[-75.01675,5.40535],[-75.01693,5.40488],[-75.01675,5.40446],[-75.01711,5.40392],[-75.01889,5.40493],[-75.01925,5.40464],[-75.01925,5.4041],[-75.01829,5.40368],[-75.0183,5.40303],[-75.01907,5.40303],[-75.01972,5.40386],[-75.0202,5.40374],[-75.02114,5.40245]]]},"properties":{"uso_principal":"Áreas Prioritarias para la Conservación","vocacion":"Áreas Prioritarias para la Conservación","oferta_ambiental":"Áreas Prioritarias para la Conservación","area_ha":32.5291}},{"type":"Feature","id":16,"geometry":{"type":"Polygon","coordinates":[[[-75.09205,5.47476],[-75.09189,5.47437],[-75.09283,5.47408],[-75.09416,5.47456],[-75.09205,5.47476]]]},"properties":{"uso_principal":"Áreas Prioritarias para la Conservación","vocacion":"Áreas Prioritarias para la Conservación","oferta_ambiental":"Áreas Prioritarias para la Conservación","area_ha":1.1552}},{"type":"Feature","id":17,"geometry":{"type":"Polygon","coordinates":[[[-75.08817,5.47139],[-75.08769,5.47074],[-75.08823,5.46955],[-75.08805,5.46812],[-75.08865,5.46449],[-75.08662,5.46062],[-75.08698,5.45783],[-75.08609,5.45664],[-75.0868,5.45539],[-75.08686,5.45396],[-75.08734,5.45343],[-75.08876,5.45331],[-75.08969,5.45265],[-75.0903,5.45317],[-75.09137,5.4529],[-75.09177,5.45237],[-75.09142,5.45107],[-75.09155,5.45072],[-75.09209,5.4513],[-75.09222,5.45205],[-75.09245,5.45192],[-75.09231,5.45049],[-75.09289,5.45],[-75.09325,5.45049],[-75.09271,5.45219],[-75.09316,5.45214],[-75.09383,5.45094],[-75.09422,5.45085],[-75.09325,5.45237],[-75.09391,5.45384],[-75.09427,5.45312],[-75.09579,5.45312],[-75.09641,5.45286],[-75.09681,5.4533],[-75.0977,5.45353],[-75.09806,5.45593],[-75.09761,5.45558],[-75.09717,5.45388],[-75.09641,5.45348],[-75.09641,5.45406],[-75.09605,5.45455],[-75.0965,5.45575],[-75.09605,5.45575],[-75.09534,5.45486],[-75.09583,5.45388],[-75.09543,5.45335],[-75.09499,5.45348],[-75.09494,5.45419],[-75.09472,5.45384],[-75.09431,5.45388],[-75.09441,5.45535],[-75.09325,5.45446],[-75.09356,5.45415],[-75.09284,5.4529],[-75.09217,5.45277],[-75.09155,5.45321],[-75.0916,5.45437],[-75.09204,5.45442],[-75.09213,5.45589],[-75.09137,5.45584],[-75.09132,5.45647],[-75.09195,5.4566],[-75.09204,5.45705],[-75.0928,5.45749],[-75.09298,5.45714],[-75.0928,5.45633],[-75.09311,5.45575],[-75.09378,5.45642],[-75.09351,5.45651],[-75.09351,5.45691],[-75.094,5.45718],[-75.09342,5.4574],[-75.09378,5.45919],[-75.09458,5.4595],[-75.09516,5.46044],[-75.0956,5.46057],[-75.09552,5.46093],[-75.09467,5.4607],[-75.09467,5.46021],[-75.09414,5.45968],[-75.09369,5.46021],[-75.09289,5.45954],[-75.09271,5.45794],[-75.09235,5.45754],[-75.0919,5.45781],[-75.09217,5.45923],[-75.09151,5.45932],[-75.09115,5.45995],[-75.09129,5.46039],[-75.0924,5.46106],[-75.09213,5.46159],[-75.09258,5.46235],[-75.09226,5.46249],[-75.09187,5.46191],[-75.09124,5.46195],[-75.09066,5.46142],[-75.08986,5.4616],[-75.08861,5.46097],[-75.08749,5.45977],[-75.0874,5.46101],[-75.08798,5.46093],[-75.08865,5.46195],[-75.08905,5.46168],[-75.0899,5.46204],[-75.09057,5.46195],[-75.09124,5.46258],[-75.09061,5.46275],[-75.09129,5.46382],[-75.09155,5.46378],[-75.09151,5.46338],[-75.09209,5.46329],[-75.09231,5.46382],[-75.09275,5.46271],[-75.09391,5.46289],[-75.09441,5.46338],[-75.0932,5.46369],[-75.09306,5.46409],[-75.09373,5.46382],[-75.09414,5.4644],[-75.09391,5.46463],[-75.09351,5.46427],[-75.09284,5.46471],[-75.09248,5.46436],[-75.092,5.46449],[-75.09129,5.46552],[-75.09213,5.46601],[-75.09199,5.46645],[-75.09003,5.46659],[-75.08986,5.46708],[-75.0903,5.46752],[-75.08985,5.46876],[-75.08882,5.47014],[-75.08871,5.47086],[-75.08817,5.47139]]]},"properties":{"uso_principal":"Áreas Prioritarias para la Conservación","vocacion":"Áreas Prioritarias para la Conservación","oferta_ambiental":"Áreas Prioritarias para la Conservación","area_ha":100.496}},{"type":"Feature","id":18,"geometry":{"type":"Polygon","coordinates":[[[-75.01136,5.41854],[-75.01221,5.41815],[-75.01305,5.41852],[-75.01295,5.41958],[-75.01437,5.42079],[-75.01411,5.42132],[-75.01421,5.4219],[-75.01495,5.42175],[-75.01537,5.42243],[-75.01511,5.42307],[-75.01543,5.42339],[-75.01622,5.42206],[-75.01559,5.42127],[-75.01559,5.42048],[-75.01659,5.42074],[-75.01611,5.42122],[-75.01643,5.42154],[-75.01707,5.42132],[-75.01712,5.4208],[-75.01765,5.42042],[-75.01818,5.42053],[-75.01775,5.42122],[-75.01813,5.42196],[-75.01749,5.4228],[-75.01908,5.42312],[-75.01929,5.42259],[-75.01966,5.42312],[-75.01881,5.42354],[-75.01903,5.42413],[-75.0195,5.42354],[-75.02003,5.42386],[-75.01913,5.4246],[-75.01903,5.42513],[-75.01971,5.42539],[-75.02024,5.42434],[-75.02082,5.42402],[-75.02109,5.42444],[-75.02008,5.42555],[-75.02045,5.42571],[-75.02167,5.4246],[-75.02188,5.42492],[-75.02093,5.42592],[-75.02002,5.4264],[-75.01909,5.42608],[-75.01757,5.4261],[-75.01487,5.42381],[-75.01389,5.42138],[-75.01251,5.41944],[-75.01136,5.41854]]]},"properties":{"uso_principal":"Áreas Prioritarias para la Conservación","vocacion":"Áreas Prioritarias para la Conservación","oferta_ambiental":"Áreas Prioritarias para la Conservación","area_ha":26.3759}},{"type":"Feature","id":19,"geometry":{"type":"Polygon","coordinates":[[[-75.02488,5.42615],[-75.02531,5.42571],[-75.02591,5.42605],[-75.02558,5.42627],[-75.02488,5.42615]]]},"properties":{"uso_principal":"Áreas Prioritarias para la Conservación","vocacion":"Áreas Prioritarias para la Conservación","oferta_ambiental":"Áreas Prioritarias para la Conservación","area_ha":0.4067}},{"type":"Feature","id":20,"geometry":{"type":"MultiPolygon","coordinates":[[[[-75.10157,5.39338],[-75.10143,5.39296],[-75.10166,5.39264],[-75.10119,5.39198],[-75.10124,5.38945],[-75.09895,5.38833],[-75.09778,5.38805],[-75.09735,5.38824],[-75.09731,5.38866],[-75.09787,5.38973],[-75.09754,5.39001],[-75.09628,5.39006],[-75.09675,5.39212],[-75.09633,5.39274],[-75.09579,5.39304],[-75.09572,5.39267],[-75.09452,5.39195],[-75.09401,5.39131],[-75.09203,5.38772],[-75.09224,5.38742],[-75.09282,5.38817],[-75.09264,5.38844],[-75.09285,5.38875],[-75.09312,5.38824],[-75.09289,5.3865],[-75.09248,5.38612],[-75.09257,5.38554],[-75.09312,5.38517],[-75.09367,5.38544],[-75.09415,5.38414],[-75.09389,5.38347],[-75.09441,5.3832],[-75.09945,5.38666],[-75.10213,5.38927],[-75.1028,5.39208],[-75.10306,5.39223],[-75.10271,5.39236],[-75.10294,5.3933],[-75.10157,5.39338]]],[[[-75.10721,5.39765],[-75.10703,5.39737],[-75.10746,5.39771],[-75.10721,5.39765]]],[[[-75.09342,5.39624],[-75.09263,5.39629],[-75.09235,5.39835],[-75.09197,5.39816],[-75.09193,5.39732],[-75.09157,5.39779],[-75.09125,5.39697],[-75.09142,5.39649],[-75.09224,5.39646],[-75.09238,5.39577],[-75.09343,5.3955],[-75.09418,5.39601],[-75.09394,5.39506],[-75.09315,5.39468],[-75.09234,5.39468],[-75.09227,5.39414],[-75.09101,5.39417],[-75.08999,5.3938],[-75.0905,5.39489],[-75.09002,5.39533],[-75.08916,5.3953],[-75.08893,5.39465],[-75.08971,5.39417],[-75.08937,5.3938],[-75.089,5.39417],[-75.08842,5.39421],[-75.08777,5.39509],[-75.08675,5.39407],[-75.08695,5.39373],[-75.08589,5.39304],[-75.08589,5.39255],[-75.08695,5.39182],[-75.08665,5.39141],[-75.08671,5.39066],[-75.0862,5.39059],[-75.08637,5.38977],[-75.08719,5.39028],[-75.08698,5.39141],[-75.08821,5.39018],[-75.08907,5.39015],[-75.08865,5.38923],[-75.08897,5.38837],[-75.09071,5.3879],[-75.09129,5.38708],[-75.09155,5.38762],[-75.09097,5.38868],[-75.0906,5.38899],[-75.09006,5.38848],[-75.08968,5.38868],[-75.08937,5.38919],[-75.08951,5.3895],[-75.08968,5.38916],[-75.09002,5.38916],[-75.09029,5.38984],[-75.09071,5.3895],[-75.09135,5.38994],[-75.09135,5.39117],[-75.0919,5.39209],[-75.09162,5.3926],[-75.09238,5.3927],[-75.09289,5.39182],[-75.09254,5.39144],[-75.09271,5.39086],[-75.09306,5.39107],[-75.09319,5.39172],[-75.09463,5.39277],[-75.0951,5.39357],[-75.09479,5.39399],[-75.09594,5.39569],[-75.0962,5.39719],[-75.09557,5.39797],[-75.0952,5.39778],[-75.09553,5.39699],[-75.09544,5.3961],[-75.09459,5.39601],[-75.09436,5.39718],[-75.09511,5.39821],[-75.09473,5.39839],[-75.09384,5.39755],[-75.09342,5.3975],[-75.09342,5.39624]]],[[[-75.10818,5.39865],[-75.10818,5.39862],[-75.10824,5.3987],[-75.10818,5.39865]]],[[[-75.0989,5.40139],[-75.09772,5.40102],[-75.09768,5.40059],[-75.0981,5.40045],[-75.0982,5.40004],[-75.0993,5.40121],[-75.0989,5.40139]]],[[[-75.11084,5.40161],[-75.11026,5.4014],[-75.10987,5.40038],[-75.11084,5.40161]]],[[[-75.09932,5.40218],[-75.09962,5.40179],[-75.10002,5.40276],[-75.09932,5.40218]]],[[[-75.10714,5.40521],[-75.10833,5.40489],[-75.1099,5.40508],[-75.11107,5.40481],[-75.11056,5.4056],[-75.10896,5.40509],[-75.10863,5.40588],[-75.10822,5.40593],[-75.10798,5.40762],[-75.10765,5.40785],[-75.10723,5.40771],[-75.10714,5.40729],[-75.10714,5.40521]]],[[[-75.1239,5.40801],[-75.12488,5.40757],[-75.12521,5.40798],[-75.12437,5.40824],[-75.1239,5.40801]]],[[[-75.12076,5.40753],[-75.12118,5.40691],[-75.12243,5.40695],[-75.12235,5.4073],[-75.12284,5.4077],[-75.1224,5.40789],[-75.12158,5.40739],[-75.12094,5.40853],[-75.11908,5.40846],[-75.11905,5.40821],[-75.12076,5.40753]]],[[[-75.10489,5.4086],[-75.10481,5.40781],[-75.10571,5.40776],[-75.10578,5.40827],[-75.10517,5.40944],[-75.10475,5.40953],[-75.10442,5.40925],[-75.10489,5.4086]]],[[[-75.1022,5.40917],[-75.10101,5.40925],[-75.10035,5.40865],[-75.09871,5.40902],[-75.09712,5.40822],[-75.0982,5.40771],[-75.09885,5.40818],[-75.09969,5.40822],[-75.09787,5.40724],[-75.09735,5.40607],[-75.09651,5.40598],[-75.09632,5.4056],[-75.09656,5.40485],[-75.09731,5.40462],[-75.0982,5.40598],[-75.1004,5.40719],[-75.10077,5.40701],[-75.10072,5.40485],[-75.09984,5.40476],[-75.09843,5.40387],[-75.09684,5.4042],[-75.09656,5.40345],[-75.09689,5.40317],[-75.09857,5.40312],[-75.10119,5.40455],[-75.10217,5.40778],[-75.10321,5.40784],[-75.10307,5.40836],[-75.10381,5.4093],[-75.10334,5.40995],[-75.10241,5.40972],[-75.1022,5.40917]]],[[[-75.12686,5.40986],[-75.12756,5.40986],[-75.12791,5.41014],[-75.12775,5.41039],[-75.12686,5.40986]]],[[[-75.12373,5.41253],[-75.12479,5.41139],[-75.12654,5.4111],[-75.12569,5.41039],[-75.12465,5.40992],[-75.12422,5.41014],[-75.12386,5.40982],[-75.12344,5.41024],[-75.12212,5.41028],[-75.12151,5.41074],[-75.12176,5.4096],[-75.12247,5.40924],[-75.12429,5.40914],[-75.12552,5.40837],[-75.12586,5.40973],[-75.12704,5.41064],[-75.12679,5.41174],[-75.12608,5.41242],[-75.12461,5.41235],[-75.12401,5.41271],[-75.12373,5.41253]]],[[[-75.12714,5.41656],[-75.12702,5.41614],[-75.12794,5.41619],[-75.12762,5.41642],[-75.12714,5.41656]]],[[[-75.13243,5.41828],[-75.13276,5.41768],[-75.13292,5.41835],[-75.13243,5.41828]]],[[[-75.13389,5.42397],[-75.1338,5.42366],[-75.13404,5.42405],[-75.13389,5.42397]]],[[[-75.14108,5.42926],[-75.14154,5.42772],[-75.14512,5.42781],[-75.14638,5.42694],[-75.14717,5.42702],[-75.14395,5.4283],[-75.14149,5.43033],[-75.14108,5.42926]]],[[[-75.04942,5.43632],[-75.04897,5.4354],[-75.05015,5.43474],[-75.051,5.43384],[-75.05126,5.43247],[-75.05105,5.43136],[-75.05092,5.43307],[-75.05066,5.43298],[-75.05053,5.4323],[-75.05118,5.43084],[-75.0519,5.43183],[-75.05164,5.43307],[-75.05199,5.43388],[-75.05161,5.43478],[-75.05182,5.43477],[-75.05068,5.43568],[-75.04942,5.43632]]],[[[-75.13464,5.43648],[-75.13472,5.43648],[-75.1347,5.43653],[-75.13464,5.43648]]],[[[-75.05466,5.43757],[-75.05466,5.43703],[-75.0543,5.43703],[-75.05429,5.43558],[-75.05502,5.43569],[-75.05477,5.43581],[-75.05482,5.4365],[-75.05439,5.43663],[-75.0546,5.43675],[-75.05507,5.43675],[-75.05559,5.43585],[-75.05589,5.4359],[-75.05559,5.43645],[-75.05588,5.43662],[-75.05502,5.43703],[-75.05466,5.43757]]],[[[-75.11261,5.45853],[-75.11261,5.45809],[-75.11375,5.45853],[-75.11388,5.45813],[-75.11428,5.45805],[-75.11419,5.45879],[-75.11458,5.45892],[-75.1137,5.45936],[-75.11342,5.46011],[-75.11336,5.45945],[-75.11261,5.45853]]],[[[-75.11012,5.45971],[-75.10972,5.45905],[-75.10919,5.45905],[-75.10792,5.46028],[-75.10827,5.46151],[-75.10788,5.46155],[-75.10753,5.46094],[-75.10621,5.46182],[-75.10568,5.46055],[-75.10516,5.46028],[-75.10463,5.4609],[-75.10393,5.4605],[-75.10323,5.45989],[-75.1034,5.45949],[-75.10402,5.45897],[-75.10507,5.45949],[-75.10529,5.45914],[-75.1052,5.45787],[-75.10455,5.45743],[-75.10459,5.45827],[-75.10419,5.45818],[-75.10419,5.45774],[-75.10349,5.45734],[-75.10301,5.458],[-75.10226,5.45774],[-75.10239,5.45568],[-75.10143,5.45493],[-75.10139,5.45449],[-75.10056,5.45427],[-75.10046,5.45384],[-75.10002,5.45379],[-75.09998,5.45352],[-75.10162,5.45362],[-75.10165,5.45301],[-75.10117,5.45256],[-75.10114,5.45335],[-75.10073,5.45335],[-75.10097,5.4525],[-75.10059,5.45222],[-75.10004,5.45284],[-75.09953,5.45192],[-75.09848,5.4514],[-75.09814,5.45154],[-75.09807,5.45198],[-75.09865,5.45314],[-75.0983,5.45314],[-75.09735,5.45175],[-75.0979,5.45055],[-75.09735,5.44905],[-75.09616,5.4499],[-75.09565,5.45004],[-75.09561,5.44983],[-75.09742,5.4481],[-75.09742,5.44731],[-75.09818,5.4469],[-75.098,5.44591],[-75.09869,5.44622],[-75.09865,5.44735],[-75.0993,5.44775],[-75.09995,5.44782],[-75.10039,5.44745],[-75.10011,5.44666],[-75.10036,5.44646],[-75.10185,5.44765],[-75.10261,5.44741],[-75.1025,5.4469],[-75.1011,5.44547],[-75.09974,5.44496],[-75.09906,5.4452],[-75.09869,5.44503],[-75.09879,5.44445],[-75.09953,5.44438],[-75.10036,5.44451],[-75.1012,5.44506],[-75.10138,5.44482],[-75.10185,5.44509],[-75.10189,5.44561],[-75.10226,5.4452],[-75.10308,5.44666],[-75.10332,5.44603],[-75.10419,5.4455],[-75.10437,5.44485],[-75.1041,5.44445],[-75.1063,5.44585],[-75.10652,5.4455],[-75.10713,5.44546],[-75.10735,5.44507],[-75.10884,5.44625],[-75.11011,5.44621],[-75.11117,5.44572],[-75.1113,5.44616],[-75.11082,5.44643],[-75.11077,5.44682],[-75.10937,5.44796],[-75.10937,5.4487],[-75.10981,5.44927],[-75.1106,5.44954],[-75.11051,5.44853],[-75.1102,5.44822],[-75.11064,5.44748],[-75.11147,5.44757],[-75.11134,5.44673],[-75.11169,5.44603],[-75.112,5.44638],[-75.11195,5.44726],[-75.11261,5.44814],[-75.11243,5.44936],[-75.11362,5.44945],[-75.11314,5.44866],[-75.11358,5.44835],[-75.11398,5.44914],[-75.11446,5.44888],[-75.11441,5.44822],[-75.11296,5.44735],[-75.11288,5.44695],[-75.11353,5.44528],[-75.11388,5.44485],[-75.11626,5.44366],[-75.11669,5.44314],[-75.11577,5.44226],[-75.11481,5.44296],[-75.11459,5.44366],[-75.1123,5.44283],[-75.11213,5.44331],[-75.11243,5.44388],[-75.11366,5.44445],[-75.11301,5.44485],[-75.11178,5.44384],[-75.11169,5.44305],[-75.1113,5.44292],[-75.11139,5.44375],[-75.11112,5.44388],[-75.1109,5.44252],[-75.10999,5.44239],[-75.10959,5.44279],[-75.10818,5.4416],[-75.10761,5.44204],[-75.10876,5.44314],[-75.10814,5.44428],[-75.10841,5.44436],[-75.10932,5.44318],[-75.11016,5.44331],[-75.1106,5.44371],[-75.11029,5.44454],[-75.10963,5.44423],[-75.11002,5.44388],[-75.10963,5.44357],[-75.10889,5.44432],[-75.10915,5.44485],[-75.10876,5.44515],[-75.10809,5.44485],[-75.10753,5.44436],[-75.10748,5.44366],[-75.10805,5.44327],[-75.10748,5.44257],[-75.10568,5.44314],[-75.10533,5.44353],[-75.1049,5.44322],[-75.1041,5.4434],[-75.10362,5.44371],[-75.10367,5.44414],[-75.10323,5.44458],[-75.10301,5.44537],[-75.10275,5.44506],[-75.10284,5.44424],[-75.10199,5.44475],[-75.10155,5.44414],[-75.10124,5.44434],[-75.10101,5.44407],[-75.10131,5.44359],[-75.10087,5.44359],[-75.10076,5.44308],[-75.10175,5.44308],[-75.10192,5.44363],[-75.10319,5.44376],[-75.10261,5.44271],[-75.10104,5.44185],[-75.10069,5.44124],[-75.09998,5.44114],[-75.09971,5.4408],[-75.0999,5.44045],[-75.10012,5.44086],[-75.1011,5.44111],[-75.1022,5.44209],[-75.10381,5.44209],[-75.10339,5.44285],[-75.10716,5.44209],[-75.10834,5.44065],[-75.10882,5.4409],[-75.10864,5.44141],[-75.10958,5.442],[-75.11005,5.4409],[-75.11055,5.44115],[-75.11,5.44183],[-75.11136,5.44183],[-75.11191,5.44217],[-75.11242,5.44158],[-75.11247,5.4423],[-75.11361,5.44226],[-75.11441,5.44281],[-75.11467,5.44221],[-75.11535,5.44179],[-75.11648,5.44179],[-75.11695,5.44256],[-75.11766,5.44274],[-75.11895,5.44215],[-75.11925,5.44074],[-75.12101,5.4395],[-75.12084,5.4388],[-75.11942,5.43821],[-75.1186,5.43697],[-75.11937,5.43697],[-75.12007,5.43656],[-75.1196,5.43603],[-75.11966,5.43532],[-75.12248,5.43762],[-75.12531,5.43874],[-75.12666,5.43838],[-75.12919,5.43679],[-75.12914,5.43603],[-75.12867,5.43544],[-75.1279,5.43538],[-75.12731,5.43674],[-75.12519,5.43738],[-75.12449,5.43738],[-75.12337,5.43644],[-75.12337,5.43568],[-75.12378,5.43503],[-75.1249,5.4342],[-75.12555,5.43385],[-75.12602,5.43438],[-75.12737,5.43415],[-75.12737,5.43262],[-75.12696,5.43197],[-75.12402,5.43238],[-75.1229,5.43326],[-75.12084,5.43385],[-75.11942,5.43391],[-75.11683,5.43544],[-75.11636,5.43544],[-75.11565,5.43428],[-75.1156,5.43564],[-75.11522,5.43568],[-75.11509,5.43483],[-75.11467,5.43513],[-75.1142,5.43475],[-75.11454,5.43649],[-75.11391,5.43628],[-75.11373,5.43547],[-75.1134,5.4356],[-75.11361,5.43678],[-75.11263,5.43755],[-75.11288,5.43526],[-75.11361,5.43509],[-75.11318,5.43331],[-75.1142,5.43301],[-75.11467,5.4336],[-75.11547,5.43377],[-75.11577,5.43343],[-75.11518,5.43322],[-75.11475,5.43216],[-75.11433,5.43254],[-75.11382,5.4322],[-75.11272,5.43314],[-75.10967,5.4328],[-75.10967,5.43348],[-75.1092,5.43343],[-75.10856,5.43275],[-75.10788,5.43297],[-75.1075,5.43271],[-75.10864,5.43203],[-75.10899,5.43267],[-75.10941,5.43242],[-75.1092,5.43017],[-75.10822,5.42945],[-75.10856,5.42911],[-75.10847,5.4283],[-75.10899,5.42847],[-75.10962,5.42953],[-75.11005,5.42932],[-75.10996,5.42817],[-75.10932,5.4272],[-75.10967,5.42618],[-75.10699,5.42457],[-75.10644,5.42486],[-75.10631,5.42436],[-75.1067,5.42406],[-75.1078,5.42453],[-75.10818,5.42427],[-75.10831,5.42355],[-75.11056,5.4227],[-75.11208,5.42283],[-75.11272,5.42329],[-75.113,5.42241],[-75.11279,5.42196],[-75.11292,5.42103],[-75.11243,5.42081],[-75.11208,5.42134],[-75.11143,5.42095],[-75.1109,5.42099],[-75.11082,5.42152],[-75.11037,5.42178],[-75.10999,5.42156],[-75.10967,5.42112],[-75.11029,5.42033],[-75.11011,5.41985],[-75.11125,5.41963],[-75.11182,5.4202],[-75.11301,5.41989],[-75.11353,5.4202],[-75.11378,5.42232],[-75.11488,5.42325],[-75.11628,5.42355],[-75.11628,5.42219],[-75.11692,5.42139],[-75.11674,5.42054],[-75.11739,5.42117],[-75.11696,5.42228],[-75.11679,5.42406],[-75.11789,5.42457],[-75.11887,5.42453],[-75.11938,5.42482],[-75.1198,5.42444],[-75.12074,5.4247],[-75.12052,5.42308],[-75.12069,5.42194],[-75.12019,5.42147],[-75.11993,5.42164],[-75.12019,5.42202],[-75.12001,5.42245],[-75.11891,5.42151],[-75.11933,5.42088],[-75.12074,5.42105],[-75.1212,5.42224],[-75.12112,5.42308],[-75.12137,5.42291],[-75.12158,5.42215],[-75.12107,5.42062],[-75.12052,5.42037],[-75.11963,5.42045],[-75.11815,5.41952],[-75.11662,5.41982],[-75.11641,5.42062],[-75.11568,5.42075],[-75.1156,5.42185],[-75.11514,5.42257],[-75.11467,5.42219],[-75.11518,5.42143],[-75.11522,5.4205],[-75.11598,5.42007],[-75.11547,5.41973],[-75.11543,5.41927],[-75.11475,5.41918],[-75.11462,5.42011],[-75.11429,5.41982],[-75.11459,5.4182],[-75.11361,5.4177],[-75.1134,5.41714],[-75.11267,5.41676],[-75.11187,5.4168],[-75.11136,5.4174],[-75.11111,5.41871],[-75.11179,5.41948],[-75.11073,5.4191],[-75.11047,5.41859],[-75.11073,5.41765],[-75.10962,5.41761],[-75.10996,5.41931],[-75.10928,5.41956],[-75.10894,5.41922],[-75.10941,5.41888],[-75.10886,5.41765],[-75.10776,5.41757],[-75.10771,5.41574],[-75.10716,5.41541],[-75.10686,5.41473],[-75.10644,5.41473],[-75.10593,5.41528],[-75.10508,5.41524],[-75.10504,5.41481],[-75.10458,5.41452],[-75.10504,5.41354],[-75.10529,5.41405],[-75.10606,5.41227],[-75.10712,5.4121],[-75.10712,5.41265],[-75.10665,5.41273],[-75.10584,5.41439],[-75.10695,5.41379],[-75.10767,5.41485],[-75.10839,5.4149],[-75.10902,5.41473],[-75.10924,5.41413],[-75.11013,5.41388],[-75.11081,5.41294],[-75.11123,5.41299],[-75.11127,5.41345],[-75.11073,5.41396],[-75.10834,5.41549],[-75.10822,5.41659],[-75.10941,5.41727],[-75.10992,5.41702],[-75.10924,5.41642],[-75.10949,5.41617],[-75.11026,5.41719],[-75.11073,5.41719],[-75.1117,5.41583],[-75.11272,5.41638],[-75.11484,5.41668],[-75.11526,5.4163],[-75.11497,5.41439],[-75.11403,5.41451],[-75.11382,5.41409],[-75.1153,5.41341],[-75.11462,5.41273],[-75.11429,5.41171],[-75.11314,5.41201],[-75.11234,5.41184],[-75.11157,5.41112],[-75.11043,5.41159],[-75.10869,5.41129],[-75.10725,5.41163],[-75.10611,5.40965],[-75.10657,5.40902],[-75.10756,5.40897],[-75.1084,5.4085],[-75.10835,5.40935],[-75.10802,5.40958],[-75.10835,5.40986],[-75.11004,5.40986],[-75.11028,5.40953],[-75.11069,5.40958],[-75.11083,5.41],[-75.11056,5.41033],[-75.11093,5.41052],[-75.11144,5.40991],[-75.11205,5.41047],[-75.11247,5.41056],[-75.11252,5.41014],[-75.11369,5.41042],[-75.11444,5.40893],[-75.11486,5.40893],[-75.115,5.40808],[-75.11533,5.4078],[-75.11565,5.40808],[-75.11636,5.40762],[-75.11543,5.40621],[-75.11505,5.4064],[-75.115,5.40682],[-75.11196,5.40682],[-75.11177,5.40644],[-75.11369,5.40588],[-75.11444,5.40612],[-75.11513,5.40562],[-75.11606,5.40611],[-75.11938,5.40681],[-75.1189,5.40757],[-75.11823,5.40767],[-75.11812,5.40732],[-75.11723,5.40846],[-75.11729,5.40882],[-75.11851,5.4086],[-75.11848,5.40914],[-75.1174,5.40932],[-75.11691,5.40971],[-75.11637,5.41042],[-75.1168,5.41096],[-75.11769,5.41114],[-75.11954,5.41056],[-75.12119,5.41142],[-75.12073,5.41192],[-75.12029,5.41196],[-75.11948,5.41128],[-75.11922,5.41192],[-75.11951,5.41256],[-75.11869,5.41363],[-75.1188,5.41399],[-75.11862,5.41413],[-75.11829,5.41378],[-75.11829,5.41328],[-75.11794,5.41303],[-75.11726,5.41338],[-75.11637,5.41463],[-75.11619,5.41431],[-75.11676,5.41335],[-75.11665,5.4126],[-75.11616,5.41206],[-75.11544,5.41478],[-75.11616,5.41513],[-75.11755,5.41481],[-75.11726,5.41563],[-75.11652,5.41585],[-75.11616,5.41656],[-75.11629,5.41688],[-75.11676,5.41642],[-75.11723,5.41706],[-75.11694,5.41742],[-75.11716,5.41824],[-75.11769,5.4182],[-75.11773,5.41788],[-75.11726,5.41742],[-75.11852,5.41631],[-75.11869,5.41567],[-75.11944,5.4156],[-75.11987,5.41592],[-75.11948,5.41635],[-75.11973,5.41674],[-75.1204,5.41631],[-75.12051,5.41446],[-75.1214,5.4141],[-75.12165,5.41453],[-75.12105,5.41506],[-75.12108,5.41613],[-75.12197,5.4161],[-75.12237,5.41563],[-75.12208,5.41496],[-75.12294,5.41545],[-75.12286,5.41413],[-75.12318,5.41399],[-75.12322,5.41463],[-75.12374,5.41479],[-75.12375,5.41516],[-75.12351,5.41516],[-75.12363,5.41566],[-75.12318,5.41597],[-75.12251,5.41592],[-75.12228,5.41628],[-75.12276,5.41628],[-75.12283,5.41716],[-75.12247,5.41715],[-75.12242,5.41656],[-75.12221,5.41685],[-75.12074,5.41678],[-75.12012,5.41739],[-75.11943,5.41744],[-75.11932,5.41787],[-75.119,5.41784],[-75.11872,5.41697],[-75.11808,5.41756],[-75.11846,5.41825],[-75.11756,5.41879],[-75.11656,5.41822],[-75.11585,5.41844],[-75.11556,5.41806],[-75.1149,5.41839],[-75.11488,5.41889],[-75.11536,5.41905],[-75.11585,5.41882],[-75.11649,5.41924],[-75.11749,5.41936],[-75.11803,5.4191],[-75.12045,5.42003],[-75.12116,5.41993],[-75.12119,5.4205],[-75.12242,5.42071],[-75.12195,5.42119],[-75.12238,5.42138],[-75.12283,5.42124],[-75.12278,5.42088],[-75.12401,5.42069],[-75.12475,5.41931],[-75.12544,5.4195],[-75.12617,5.42033],[-75.12648,5.42014],[-75.12698,5.42043],[-75.12747,5.4195],[-75.12818,5.41929],[-75.12854,5.4187],[-75.12783,5.41789],[-75.12788,5.41749],[-75.12871,5.41751],[-75.1293,5.41879],[-75.12892,5.41976],[-75.1293,5.41998],[-75.12984,5.41889],[-75.13025,5.41879],[-75.13049,5.41957],[-75.1316,5.41856],[-75.13177,5.41896],[-75.13132,5.41903],[-75.13146,5.41962],[-75.13312,5.41902],[-75.13361,5.41995],[-75.13351,5.42319],[-75.13374,5.42355],[-75.13259,5.42497],[-75.13231,5.42474],[-75.13329,5.42289],[-75.13181,5.42239],[-75.13049,5.42291],[-75.12995,5.42237],[-75.13026,5.42214],[-75.13008,5.42152],[-75.13041,5.42153],[-75.13043,5.42198],[-75.13085,5.42223],[-75.13189,5.42161],[-75.13204,5.4221],[-75.13277,5.42212],[-75.13259,5.4213],[-75.13332,5.42103],[-75.13247,5.42082],[-75.13248,5.42063],[-75.13297,5.42042],[-75.1332,5.41958],[-75.13287,5.41956],[-75.13273,5.4201],[-75.13215,5.41994],[-75.1315,5.42016],[-75.13088,5.41975],[-75.13104,5.42065],[-75.13027,5.42056],[-75.13027,5.42091],[-75.12997,5.42105],[-75.12964,5.42042],[-75.12917,5.42066],[-75.12864,5.42238],[-75.12832,5.42235],[-75.12859,5.42149],[-75.1284,5.42131],[-75.12775,5.42256],[-75.12797,5.42296],[-75.12929,5.42249],[-75.12964,5.42268],[-75.12907,5.42321],[-75.12906,5.4236],[-75.12857,5.42363],[-75.12852,5.42318],[-75.12799,5.4233],[-75.12778,5.424],[-75.12802,5.42456],[-75.12948,5.42453],[-75.12994,5.42551],[-75.13045,5.42544],[-75.13122,5.42593],[-75.1305,5.42681],[-75.13097,5.42693],[-75.13234,5.42653],[-75.13238,5.42583],[-75.13161,5.42586],[-75.13164,5.42553],[-75.13262,5.42514],[-75.13338,5.42509],[-75.13327,5.42576],[-75.13405,5.42625],[-75.13486,5.42567],[-75.1362,5.42596],[-75.13679,5.42638],[-75.13696,5.42785],[-75.13744,5.42844],[-75.13744,5.42914],[-75.13838,5.43114],[-75.13963,5.43197],[-75.13901,5.43546],[-75.1377,5.43633],[-75.1375,5.4361],[-75.13816,5.43465],[-75.13778,5.43432],[-75.1372,5.43501],[-75.13735,5.43536],[-75.13682,5.43577],[-75.13697,5.43615],[-75.13735,5.4362],[-75.13738,5.43648],[-75.13705,5.4366],[-75.13677,5.43666],[-75.13649,5.43579],[-75.13616,5.43569],[-75.13434,5.43597],[-75.13434,5.43514],[-75.13472,5.43508],[-75.13477,5.43559],[-75.13512,5.43564],[-75.13583,5.43481],[-75.13535,5.43506],[-75.13494,5.43493],[-75.13411,5.43415],[-75.13479,5.43394],[-75.13457,5.43364],[-75.13492,5.43326],[-75.13419,5.43301],[-75.13396,5.43382],[-75.13317,5.43402],[-75.13383,5.43458],[-75.13355,5.43529],[-75.13386,5.43554],[-75.13369,5.43569],[-75.13254,5.43443],[-75.1319,5.43456],[-75.13281,5.43379],[-75.13302,5.4329],[-75.13256,5.43242],[-75.13203,5.4324],[-75.13198,5.43212],[-75.13269,5.43189],[-75.13348,5.43111],[-75.13309,5.42989],[-75.13279,5.43027],[-75.13188,5.42984],[-75.13287,5.42916],[-75.13264,5.42822],[-75.13337,5.42789],[-75.13292,5.42756],[-75.13241,5.42771],[-75.13183,5.427],[-75.13026,5.42728],[-75.12968,5.42672],[-75.12982,5.42753],[-75.12914,5.42746],[-75.12894,5.42784],[-75.12853,5.42761],[-75.12792,5.42672],[-75.12861,5.42657],[-75.1282,5.42556],[-75.12747,5.42505],[-75.12701,5.42373],[-75.12661,5.42383],[-75.12635,5.42348],[-75.12628,5.42272],[-75.12537,5.42274],[-75.12481,5.42535],[-75.12623,5.42591],[-75.12613,5.42665],[-75.12661,5.42667],[-75.12653,5.42718],[-75.12628,5.42748],[-75.12529,5.42769],[-75.1255,5.42921],[-75.12433,5.42974],[-75.12412,5.42941],[-75.12339,5.42954],[-75.12341,5.43126],[-75.12554,5.43062],[-75.12567,5.42966],[-75.12656,5.42862],[-75.12709,5.42705],[-75.12749,5.42733],[-75.12742,5.42852],[-75.12792,5.42918],[-75.12838,5.42918],[-75.12848,5.42822],[-75.1296,5.42807],[-75.12978,5.42845],[-75.12897,5.42877],[-75.12949,5.42913],[-75.1293,5.42943],[-75.1297,5.42969],[-75.12972,5.43024],[-75.12886,5.43156],[-75.12886,5.43222],[-75.12962,5.4324],[-75.13135,5.43139],[-75.13129,5.43177],[-75.13026,5.4328],[-75.13056,5.43407],[-75.13031,5.43425],[-75.13003,5.43392],[-75.1293,5.43402],[-75.12962,5.4346],[-75.12939,5.43491],[-75.13,5.43501],[-75.13058,5.43448],[-75.131,5.43487],[-75.12963,5.43562],[-75.12909,5.43876],[-75.12836,5.44005],[-75.12631,5.44162],[-75.12663,5.44127],[-75.1263,5.44106],[-75.12574,5.44209],[-75.12538,5.44393],[-75.12506,5.45085],[-75.1243,5.44991],[-75.12411,5.4507],[-75.12357,5.4513],[-75.1228,5.45117],[-75.12291,5.45077],[-75.12236,5.45015],[-75.12194,5.45015],[-75.12196,5.45056],[-75.12163,5.4508],[-75.12081,5.45096],[-75.12092,5.4518],[-75.12288,5.45214],[-75.12366,5.45198],[-75.12379,5.45282],[-75.12346,5.45305],[-75.12231,5.45258],[-75.1216,5.45295],[-75.12068,5.45214],[-75.12042,5.45284],[-75.12084,5.45399],[-75.12163,5.45423],[-75.12246,5.4541],[-75.12379,5.45323],[-75.12439,5.45342],[-75.12376,5.45463],[-75.12283,5.45509],[-75.1227,5.4559],[-75.12246,5.45556],[-75.12205,5.45556],[-75.12008,5.45617],[-75.12011,5.45768],[-75.12045,5.45813],[-75.12084,5.45802],[-75.12181,5.45585],[-75.12223,5.45585],[-75.12244,5.45625],[-75.12207,5.45643],[-75.12202,5.45732],[-75.11966,5.45954],[-75.11898,5.45859],[-75.11808,5.45836],[-75.11703,5.45718],[-75.11722,5.45651],[-75.11643,5.45625],[-75.11629,5.45585],[-75.11652,5.4555],[-75.11573,5.45533],[-75.11476,5.45454],[-75.11459,5.45414],[-75.11577,5.45379],[-75.11669,5.45462],[-75.11682,5.45423],[-75.11682,5.45335],[-75.11559,5.45327],[-75.11507,5.45265],[-75.11511,5.45142],[-75.11472,5.45129],[-75.1138,5.45208],[-75.11398,5.45291],[-75.11314,5.45283],[-75.11366,5.44993],[-75.11243,5.44998],[-75.11226,5.4512],[-75.11187,5.45046],[-75.11147,5.45037],[-75.11121,5.45195],[-75.11095,5.45164],[-75.11082,5.45037],[-75.10972,5.44976],[-75.10844,5.4498],[-75.10858,5.44862],[-75.10806,5.44708],[-75.10753,5.44778],[-75.10696,5.44778],[-75.10643,5.44673],[-75.10577,5.44713],[-75.10625,5.44796],[-75.106,5.44888],[-75.10612,5.44963],[-75.1067,5.45011],[-75.10796,5.45006],[-75.10854,5.45068],[-75.10818,5.4509],[-75.10761,5.45077],[-75.1077,5.4516],[-75.10625,5.45221],[-75.10564,5.45217],[-75.10445,5.45322],[-75.10468,5.45199],[-75.10367,5.45248],[-75.10367,5.45296],[-75.10332,5.45318],[-75.10279,5.45305],[-75.10217,5.45344],[-75.10226,5.45388],[-75.10336,5.45388],[-75.10226,5.45476],[-75.10235,5.45515],[-75.10402,5.45506],[-75.10424,5.45541],[-75.10301,5.45559],[-75.10305,5.45585],[-75.10445,5.45651],[-75.10529,5.45616],[-75.10612,5.45642],[-75.10674,5.45603],[-75.10512,5.45563],[-75.1048,5.45436],[-75.10542,5.45388],[-75.10533,5.453],[-75.1059,5.45296],[-75.10595,5.45397],[-75.10638,5.45392],[-75.10621,5.45274],[-75.10691,5.4527],[-75.10691,5.453],[-75.10823,5.45318],[-75.10871,5.45265],[-75.1106,5.45296],[-75.11169,5.45366],[-75.11305,5.45375],[-75.11345,5.45467],[-75.11433,5.4555],[-75.11393,5.45739],[-75.11345,5.45765],[-75.11349,5.45598],[-75.11266,5.4541],[-75.11213,5.45489],[-75.11226,5.45537],[-75.11279,5.45572],[-75.11279,5.45616],[-75.11192,5.4559],[-75.1116,5.45498],[-75.11069,5.45449],[-75.11025,5.45375],[-75.10893,5.45335],[-75.1088,5.45366],[-75.10985,5.45449],[-75.11034,5.45454],[-75.11121,5.4562],[-75.11187,5.45642],[-75.11217,5.45721],[-75.11192,5.45726],[-75.11104,5.45677],[-75.11086,5.45704],[-75.10999,5.45568],[-75.10999,5.45506],[-75.10757,5.45392],[-75.10757,5.45441],[-75.10841,5.45476],[-75.10893,5.45581],[-75.10967,5.45616],[-75.11016,5.45726],[-75.11073,5.45748],[-75.11139,5.45879],[-75.1123,5.45945],[-75.11218,5.45993],[-75.11037,5.45936],[-75.11037,5.46041],[-75.10983,5.46244],[-75.10953,5.46244],[-75.10928,5.4616],[-75.11012,5.45971]],[[-75.11743,5.44923],[-75.11795,5.44988],[-75.11879,5.44993],[-75.11907,5.44918],[-75.11889,5.44792],[-75.1179,5.44661],[-75.11828,5.44642],[-75.11987,5.44698],[-75.12038,5.44633],[-75.12029,5.4459],[-75.11992,5.44572],[-75.11949,5.4459],[-75.11922,5.44558],[-75.11945,5.44478],[-75.11987,5.44473],[-75.12174,5.44577],[-75.12244,5.44534],[-75.12212,5.44417],[-75.12249,5.44305],[-75.12301,5.44277],[-75.12291,5.44108],[-75.12254,5.4409],[-75.12231,5.44122],[-75.12216,5.44249],[-75.12174,5.44263],[-75.12151,5.4423],[-75.12109,5.44235],[-75.12095,5.44277],[-75.12015,5.44291],[-75.12015,5.44333],[-75.11912,5.44389],[-75.11889,5.44474],[-75.11828,5.4453],[-75.11748,5.44558],[-75.11706,5.44488],[-75.11636,5.4452],[-75.11603,5.44642],[-75.11565,5.44661],[-75.11486,5.44806],[-75.11505,5.44843],[-75.1158,5.44876],[-75.11575,5.44918],[-75.11743,5.44923]],[[-75.12114,5.43137],[-75.12168,5.43023],[-75.12232,5.4298],[-75.12232,5.42937],[-75.12179,5.42905],[-75.12182,5.42962],[-75.12096,5.43023],[-75.12054,5.43134],[-75.12025,5.43105],[-75.12,5.42852],[-75.11907,5.42773],[-75.11864,5.42773],[-75.11839,5.42805],[-75.11814,5.42927],[-75.11775,5.42937],[-75.11761,5.4302],[-75.11729,5.43044],[-75.11693,5.43023],[-75.11714,5.42912],[-75.11629,5.42912],[-75.11604,5.4288],[-75.11614,5.42623],[-75.11665,5.42505],[-75.11647,5.42427],[-75.11429,5.42313],[-75.11386,5.4232],[-75.11411,5.42395],[-75.11568,5.42445],[-75.11611,5.42513],[-75.11514,5.4258],[-75.11343,5.42577],[-75.11301,5.42573],[-75.11243,5.4242],[-75.11201,5.42416],[-75.11186,5.42498],[-75.11265,5.42623],[-75.11243,5.42659],[-75.11165,5.42688],[-75.11269,5.42741],[-75.11258,5.4278],[-75.11172,5.42784],[-75.11144,5.42812],[-75.11179,5.42891],[-75.11297,5.42948],[-75.11161,5.43041],[-75.1104,5.43016],[-75.11011,5.43141],[-75.10965,5.43166],[-75.11015,5.43248],[-75.11208,5.43194],[-75.1125,5.43152],[-75.11182,5.43116],[-75.11147,5.43148],[-75.11104,5.43141],[-75.11065,5.43102],[-75.11222,5.4307],[-75.11272,5.43016],[-75.11336,5.43019],[-75.11361,5.42977],[-75.11418,5.42973],[-75.11411,5.43177],[-75.11429,5.43198],[-75.11469,5.43151],[-75.11436,5.43037],[-75.11493,5.42952],[-75.11482,5.42791],[-75.11407,5.42777],[-75.11482,5.42663],[-75.11543,5.42816],[-75.11536,5.42941],[-75.11575,5.42927],[-75.11586,5.42966],[-75.11525,5.43048],[-75.11543,5.4308],[-75.11497,5.43155],[-75.11586,5.43173],[-75.11554,5.43216],[-75.11572,5.43237],[-75.11622,5.43202],[-75.11629,5.43162],[-75.11586,5.43084],[-75.11686,5.43112],[-75.11718,5.43155],[-75.11647,5.43251],[-75.117,5.43276],[-75.11775,5.43137],[-75.11843,5.43109],[-75.11861,5.43048],[-75.11893,5.43066],[-75.1189,5.43141],[-75.11846,5.43166],[-75.1185,5.43266],[-75.119,5.43269],[-75.11911,5.43226],[-75.11982,5.43294],[-75.12018,5.43262],[-75.12061,5.4328],[-75.12111,5.43212],[-75.12114,5.43137]]],[[[-75.08767,5.46331],[-75.08596,5.46093],[-75.08605,5.45933],[-75.08637,5.45887],[-75.08572,5.45671],[-75.08613,5.45372],[-75.08433,5.45235],[-75.085,5.45165],[-75.08562,5.45156],[-75.08723,5.45201],[-75.08914,5.45085],[-75.08981,5.44996],[-75.09151,5.44862],[-75.09222,5.44835],[-75.09164,5.44978],[-75.09071,5.45054],[-75.08942,5.45295],[-75.08876,5.45331],[-75.08734,5.45343],[-75.08686,5.45396],[-75.0868,5.45539],[-75.08609,5.45664],[-75.08698,5.45783],[-75.08662,5.46062],[-75.08865,5.46449],[-75.08805,5.46812],[-75.08823,5.46955],[-75.08769,5.47074],[-75.08762,5.46749],[-75.08806,5.46433],[-75.08767,5.46331]]],[[[-75.10252,5.47143],[-75.10152,5.47048],[-75.10121,5.47074],[-75.10022,5.47005],[-75.10078,5.46906],[-75.10113,5.46884],[-75.10117,5.46949],[-75.10165,5.47001],[-75.10247,5.4704],[-75.10325,5.47031],[-75.10411,5.46927],[-75.1039,5.46897],[-75.10265,5.46901],[-75.10291,5.46875],[-75.10463,5.46854],[-75.10498,5.46815],[-75.10498,5.46871],[-75.10537,5.46867],[-75.10576,5.46815],[-75.10593,5.46828],[-75.10571,5.4688],[-75.10631,5.46916],[-75.10451,5.46914],[-75.10438,5.47073],[-75.10407,5.47014],[-75.10368,5.47074],[-75.10316,5.47074],[-75.10252,5.47143]]],[[[-75.10411,5.47213],[-75.10486,5.47169],[-75.10471,5.47308],[-75.10459,5.47243],[-75.10411,5.47213]]],[[[-75.08846,5.47459],[-75.08847,5.47205],[-75.08782,5.47104],[-75.08817,5.47139],[-75.08871,5.47086],[-75.08882,5.47014],[-75.08966,5.46889],[-75.09026,5.4689],[-75.09111,5.46743],[-75.09224,5.46709],[-75.09245,5.46747],[-75.09296,5.4673],[-75.09312,5.46692],[-75.0937,5.46696],[-75.09384,5.46781],[-75.09422,5.46791],[-75.09514,5.46665],[-75.09442,5.46645],[-75.09431,5.46597],[-75.0951,5.46614],[-75.0947,5.46542],[-75.09483,5.46522],[-75.09554,5.466],[-75.09589,5.46566],[-75.09558,5.46457],[-75.09667,5.46467],[-75.0966,5.46409],[-75.09711,5.46327],[-75.09663,5.46263],[-75.09619,5.46269],[-75.09589,5.46235],[-75.09605,5.4616],[-75.0967,5.46198],[-75.09732,5.4616],[-75.09811,5.46181],[-75.09837,5.46092],[-75.09769,5.46037],[-75.09619,5.46048],[-75.09579,5.45959],[-75.09605,5.45905],[-75.09547,5.45891],[-75.09575,5.45867],[-75.09633,5.45881],[-75.09595,5.45836],[-75.09547,5.45836],[-75.09568,5.45782],[-75.09609,5.45761],[-75.09721,5.45806],[-75.09773,5.45724],[-75.09746,5.45666],[-75.09786,5.45638],[-75.09824,5.45679],[-75.09869,5.45669],[-75.09888,5.45812],[-75.09967,5.45707],[-75.09967,5.45652],[-75.09964,5.45594],[-75.0992,5.45655],[-75.09906,5.45628],[-75.09885,5.45383],[-75.09963,5.45432],[-75.09998,5.45511],[-75.10139,5.45655],[-75.10213,5.45941],[-75.10305,5.46068],[-75.10252,5.46134],[-75.10213,5.46125],[-75.10126,5.45905],[-75.09968,5.45857],[-75.09955,5.4598],[-75.09998,5.45984],[-75.10056,5.46046],[-75.1002,5.46116],[-75.10043,5.46151],[-75.10095,5.46167],[-75.10136,5.46133],[-75.10194,5.46168],[-75.10207,5.46258],[-75.10162,5.46289],[-75.10242,5.46454],[-75.10212,5.46516],[-75.10239,5.46601],[-75.10201,5.46686],[-75.10121,5.46677],[-75.10134,5.46752],[-75.10252,5.46787],[-75.10371,5.46629],[-75.10327,5.46291],[-75.10397,5.46248],[-75.10314,5.46155],[-75.10424,5.46208],[-75.10472,5.46274],[-75.10437,5.46348],[-75.10459,5.46471],[-75.10603,5.46405],[-75.10603,5.46248],[-75.10643,5.46256],[-75.10656,5.46546],[-75.10617,5.46616],[-75.10625,5.46655],[-75.10665,5.46673],[-75.107,5.46651],[-75.10722,5.46572],[-75.10806,5.46581],[-75.10974,5.46497],[-75.10965,5.46551],[-75.1092,5.46569],[-75.10825,5.46902],[-75.10818,5.46841],[-75.10761,5.46776],[-75.10719,5.46784],[-75.1068,5.46728],[-75.10645,5.46802],[-75.10558,5.46746],[-75.10532,5.46772],[-75.10385,5.46741],[-75.10381,5.4681],[-75.10268,5.46815],[-75.10234,5.46849],[-75.10104,5.46789],[-75.10074,5.4672],[-75.10043,5.46759],[-75.1004,5.46845],[-75.0994,5.46841],[-75.09918,5.46888],[-75.09737,5.46923],[-75.09702,5.4688],[-75.09628,5.46897],[-75.09763,5.46733],[-75.0984,5.46689],[-75.09832,5.46633],[-75.09879,5.46607],[-75.09892,5.46724],[-75.09776,5.46819],[-75.09776,5.46875],[-75.09862,5.46841],[-75.09949,5.4672],[-75.10001,5.46772],[-75.10004,5.46707],[-75.10069,5.46624],[-75.10065,5.46542],[-75.10017,5.46542],[-75.10027,5.46616],[-75.09991,5.46642],[-75.09966,5.46542],[-75.09923,5.4659],[-75.09801,5.46516],[-75.09663,5.46529],[-75.09525,5.46746],[-75.09521,5.46802],[-75.09589,5.46841],[-75.09576,5.46901],[-75.09503,5.46858],[-75.09421,5.4688],[-75.09352,5.47001],[-75.09248,5.46923],[-75.09161,5.46931],[-75.09166,5.46979],[-75.09084,5.47031],[-75.09036,5.47126],[-75.09036,5.47174],[-75.09067,5.47191],[-75.0911,5.47091],[-75.09304,5.47078],[-75.09326,5.47135],[-75.09252,5.47104],[-75.09205,5.47152],[-75.09222,5.47226],[-75.09296,5.47282],[-75.0927,5.47308],[-75.092,5.47282],[-75.09184,5.47238],[-75.0904,5.4723],[-75.08993,5.472],[-75.08936,5.47087],[-75.08894,5.47166],[-75.08932,5.47234],[-75.08883,5.47296],[-75.08941,5.47443],[-75.08981,5.47457],[-75.09003,5.47385],[-75.0916,5.47314],[-75.09209,5.47345],[-75.09044,5.47465],[-75.08846,5.47459]]],[[[-75.09812,5.47638],[-75.09568,5.4753],[-75.09563,5.47501],[-75.09659,5.47533],[-75.09706,5.47507],[-75.09823,5.47628],[-75.09853,5.47597],[-75.09853,5.47541],[-75.09767,5.4752],[-75.09581,5.47364],[-75.09586,5.47308],[-75.0962,5.47286],[-75.09641,5.47312],[-75.09698,5.47282],[-75.0975,5.47325],[-75.09789,5.47312],[-75.09797,5.47251],[-75.09724,5.471],[-75.09758,5.47079],[-75.09918,5.4729],[-75.0994,5.47442],[-75.09983,5.47459],[-75.10009,5.4752],[-75.09989,5.47547],[-75.09956,5.47547],[-75.09812,5.47638]]],[[[-75.10252,5.47654],[-75.10134,5.47658],[-75.10108,5.47623],[-75.10091,5.4742],[-75.10134,5.47381],[-75.10091,5.47269],[-75.1004,5.47217],[-75.10035,5.47278],[-75.09988,5.47277],[-75.09927,5.47213],[-75.10069,5.47182],[-75.10074,5.47117],[-75.10113,5.47152],[-75.101,5.472],[-75.10147,5.47243],[-75.10169,5.47321],[-75.10199,5.47325],[-75.1016,5.47485],[-75.10208,5.47576],[-75.10239,5.47589],[-75.10225,5.47442],[-75.10252,5.47403],[-75.10273,5.47485],[-75.10342,5.4758],[-75.10364,5.47545],[-75.10247,5.47256],[-75.10338,5.47243],[-75.10333,5.47342],[-75.10377,5.47386],[-75.10437,5.47334],[-75.1042,5.47407],[-75.10485,5.47505],[-75.10461,5.47547],[-75.10389,5.47601],[-75.10335,5.47709],[-75.10276,5.4771],[-75.10252,5.47654]]]]},"properties":{"uso_principal":"Áreas Prioritarias para la Conservación","vocacion":"Áreas Prioritarias para la Conservación","oferta_ambiental":"Áreas Prioritarias para la Conservación","area_ha":1159.1437}},{"type":"Feature","id":21,"geometry":{"type":"MultiPolygon","coordinates":[[[[-75.1272,5.40775],[-75.12722,5.40775],[-75.12722,5.40776],[-75.1272,5.40775]]],[[[-75.1239,5.40801],[-75.12284,5.4077],[-75.12235,5.4073],[-75.12243,5.40695],[-75.1244,5.40778],[-75.12447,5.40742],[-75.12609,5.4078],[-75.12521,5.40798],[-75.12488,5.40757],[-75.1239,5.40801]]],[[[-75.12791,5.41014],[-75.12675,5.40978],[-75.12661,5.40882],[-75.12622,5.40871],[-75.12594,5.40907],[-75.12633,5.4096],[-75.12586,5.40973],[-75.12552,5.40837],[-75.12735,5.40817],[-75.12755,5.40879],[-75.12857,5.40937],[-75.12826,5.40935],[-75.12791,5.41014]]],[[[-75.12847,5.41121],[-75.12897,5.4098],[-75.1293,5.41016],[-75.12911,5.41074],[-75.12943,5.41121],[-75.12886,5.41142],[-75.12847,5.41121]]],[[[-75.13194,5.41531],[-75.13222,5.41472],[-75.13222,5.41545],[-75.13194,5.41531]]],[[[-75.13036,5.41578],[-75.13006,5.4155],[-75.12965,5.41561],[-75.12946,5.41597],[-75.12978,5.41635],[-75.12925,5.41651],[-75.12894,5.41464],[-75.12785,5.41535],[-75.12794,5.41619],[-75.12702,5.41614],[-75.12683,5.41552],[-75.12612,5.41509],[-75.12375,5.41516],[-75.12374,5.41479],[-75.1245,5.41428],[-75.12533,5.41485],[-75.12594,5.41474],[-75.12633,5.41413],[-75.12683,5.41453],[-75.12818,5.41331],[-75.12786,5.41296],[-75.12872,5.41231],[-75.12939,5.41224],[-75.12961,5.41253],[-75.1299,5.41224],[-75.13061,5.41231],[-75.13082,5.41278],[-75.13132,5.41288],[-75.13189,5.41234],[-75.1321,5.41389],[-75.13153,5.41393],[-75.13143,5.41438],[-75.13108,5.41443],[-75.13091,5.41405],[-75.13061,5.41421],[-75.1317,5.41554],[-75.13179,5.41609],[-75.13134,5.41632],[-75.1312,5.41552],[-75.13049,5.41469],[-75.12939,5.41471],[-75.12961,5.41514],[-75.13039,5.41519],[-75.13113,5.41723],[-75.13077,5.41735],[-75.13055,5.41704],[-75.13036,5.41578]]],[[[-75.13179,5.41813],[-75.13231,5.41746],[-75.13276,5.41768],[-75.13243,5.41828],[-75.13179,5.41813]]]]},"properties":{"uso_principal":"Áreas Prioritarias para la Conservación","vocacion":"Áreas Prioritarias para la Conservación","oferta_ambiental":"Áreas Prioritarias para la Conservación","area_ha":25.3258}},{"type":"Feature","id":22,"geometry":{"type":"MultiPolygon","coordinates":[[[[-75.1452,5.43061],[-75.1445,5.4305],[-75.14226,5.43097],[-75.14149,5.43033],[-75.14395,5.4283],[-75.14717,5.42702],[-75.14805,5.42825],[-75.14545,5.43175],[-75.14556,5.43132],[-75.1452,5.43061]]],[[[-75.13287,5.4359],[-75.13269,5.43544],[-75.13285,5.43497],[-75.13369,5.43569],[-75.13287,5.4359]]],[[[-75.1316,5.44152],[-75.13068,5.44104],[-75.13079,5.43954],[-75.13036,5.43952],[-75.13018,5.44008],[-75.1293,5.43916],[-75.12942,5.44028],[-75.12919,5.44056],[-75.13039,5.44119],[-75.13053,5.44165],[-75.12952,5.44165],[-75.12907,5.44129],[-75.12878,5.44172],[-75.128,5.44137],[-75.12767,5.44165],[-75.12724,5.44145],[-75.12724,5.44195],[-75.12684,5.44205],[-75.12684,5.44165],[-75.1265,5.4419],[-75.1263,5.44162],[-75.12836,5.44005],[-75.12909,5.43876],[-75.12963,5.43562],[-75.131,5.43487],[-75.1319,5.43498],[-75.1319,5.43456],[-75.13225,5.43446],[-75.13248,5.43531],[-75.13229,5.43567],[-75.13155,5.43521],[-75.13162,5.43592],[-75.13142,5.43622],[-75.13091,5.4361],[-75.13094,5.43671],[-75.13206,5.43645],[-75.13241,5.43676],[-75.13252,5.43617],[-75.133,5.43653],[-75.1335,5.43602],[-75.13419,5.4365],[-75.13464,5.43648],[-75.13461,5.43678],[-75.13398,5.43688],[-75.13375,5.43633],[-75.13259,5.43719],[-75.13195,5.43719],[-75.13183,5.43676],[-75.13091,5.43732],[-75.13054,5.43681],[-75.13013,5.43734],[-75.13071,5.43818],[-75.13056,5.43858],[-75.13099,5.43873],[-75.13244,5.4383],[-75.13239,5.43873],[-75.13173,5.43919],[-75.13255,5.43966],[-75.13277,5.43911],[-75.1333,5.43904],[-75.13337,5.43818],[-75.13292,5.4383],[-75.13254,5.43772],[-75.1353,5.43716],[-75.13555,5.43747],[-75.13509,5.43757],[-75.13502,5.43797],[-75.13576,5.4382],[-75.13505,5.43863],[-75.13469,5.4381],[-75.13426,5.4381],[-75.13396,5.43851],[-75.13486,5.44],[-75.13467,5.44038],[-75.13431,5.44008],[-75.13327,5.44079],[-75.13307,5.43995],[-75.13223,5.44038],[-75.13223,5.44005],[-75.13158,5.43985],[-75.13135,5.44058],[-75.13226,5.44134],[-75.13206,5.44233],[-75.1316,5.44152]]],[[[-75.12506,5.45085],[-75.12514,5.44979],[-75.12657,5.44996],[-75.12694,5.45072],[-75.12618,5.45041],[-75.1254,5.4507],[-75.12542,5.45111],[-75.12506,5.45085]]],[[[-75.1267,5.4531],[-75.12675,5.45193],[-75.1271,5.45166],[-75.12752,5.45177],[-75.12798,5.45114],[-75.12736,5.45015],[-75.12605,5.44913],[-75.12516,5.44949],[-75.12538,5.44393],[-75.12574,5.44209],[-75.12646,5.44243],[-75.12635,5.44286],[-75.12709,5.44291],[-75.12785,5.44357],[-75.12775,5.4419],[-75.12823,5.44193],[-75.12851,5.44304],[-75.12818,5.44367],[-75.12894,5.44471],[-75.12878,5.44507],[-75.12818,5.44502],[-75.12889,5.44555],[-75.12838,5.44596],[-75.12851,5.44618],[-75.12968,5.44596],[-75.12917,5.44507],[-75.12945,5.44446],[-75.1301,5.4453],[-75.13079,5.44482],[-75.13137,5.44482],[-75.1321,5.44542],[-75.13269,5.44502],[-75.13244,5.44408],[-75.13152,5.44378],[-75.13071,5.44428],[-75.13008,5.44378],[-75.13008,5.44352],[-75.13089,5.44362],[-75.13107,5.44329],[-75.13046,5.44281],[-75.13041,5.44241],[-75.13155,5.44241],[-75.13317,5.44373],[-75.1349,5.44421],[-75.13545,5.44466],[-75.13565,5.44398],[-75.13525,5.44347],[-75.13302,5.44291],[-75.13239,5.44226],[-75.13319,5.44165],[-75.13309,5.44208],[-75.13367,5.44203],[-75.13401,5.44157],[-75.13421,5.44203],[-75.13545,5.44185],[-75.13532,5.44079],[-75.13618,5.44025],[-75.13573,5.43924],[-75.13624,5.43942],[-75.13651,5.43987],[-75.13702,5.43954],[-75.13733,5.43992],[-75.13812,5.4399],[-75.13812,5.43949],[-75.1373,5.43858],[-75.13735,5.4383],[-75.13763,5.43853],[-75.13793,5.43774],[-75.13753,5.43683],[-75.1377,5.43633],[-75.13901,5.43546],[-75.13963,5.43197],[-75.14332,5.43279],[-75.14304,5.43364],[-75.14194,5.43416],[-75.14068,5.43552],[-75.13917,5.43862],[-75.13805,5.43999],[-75.13769,5.44188],[-75.13677,5.44393],[-75.13473,5.44556],[-75.13243,5.44593],[-75.13194,5.44697],[-75.1304,5.4477],[-75.12922,5.44952],[-75.12878,5.45091],[-75.12747,5.45253],[-75.12725,5.45242],[-75.1271,5.45324],[-75.1267,5.4531]]],[[[-75.12376,5.45463],[-75.12439,5.45342],[-75.12582,5.45318],[-75.12659,5.45342],[-75.12605,5.45436],[-75.12489,5.45392],[-75.12376,5.45463]]],[[[-75.12639,5.45501],[-75.12662,5.45468],[-75.12738,5.45454],[-75.12748,5.45319],[-75.12753,5.4544],[-75.12701,5.45566],[-75.12694,5.45528],[-75.12639,5.45501]]],[[[-75.12502,5.45797],[-75.12414,5.45782],[-75.12414,5.45761],[-75.12445,5.45734],[-75.12458,5.45774],[-75.1254,5.45748],[-75.12579,5.45679],[-75.1268,5.45616],[-75.12502,5.45797]]],[[[-75.11966,5.45954],[-75.12142,5.45797],[-75.12238,5.45918],[-75.12146,5.45952],[-75.12056,5.45934],[-75.12047,5.46061],[-75.11966,5.45954]]]]},"properties":{"uso_principal":"Áreas Prioritarias para la Conservación","vocacion":"Áreas Prioritarias para la Conservación","oferta_ambiental":"Áreas Prioritarias para la Conservación","area_ha":144.6502}},{"type":"Feature","id":23,"geometry":{"type":"Polygon","coordinates":[[[-75.10662,5.4076],[-75.10217,5.40778],[-75.10118,5.40453],[-75.10019,5.40316],[-75.09929,5.40118],[-75.09623,5.39786],[-75.09594,5.39569],[-75.09479,5.39399],[-75.09683,5.39241],[-75.0987,5.39208],[-75.0982,5.39108],[-75.101,5.3911],[-75.10087,5.39214],[-75.1015,5.39439],[-75.10276,5.39399],[-75.10313,5.39361],[-75.10271,5.39236],[-75.10306,5.39223],[-75.10449,5.39308],[-75.10573,5.3943],[-75.10612,5.39678],[-75.10746,5.39771],[-75.10987,5.40038],[-75.11026,5.4014],[-75.11084,5.40161],[-75.11222,5.40445],[-75.11282,5.40473],[-75.11197,5.40501],[-75.11062,5.40474],[-75.1099,5.40508],[-75.10833,5.40489],[-75.10666,5.40519],[-75.10662,5.4076]]]},"properties":{"uso_principal":"Áreas de Protección Legal","vocacion":"Áreas de Protección Legal","oferta_ambiental":"Áreas de Protección Legal","area_ha":181.9122}},{"type":"Feature","id":24,"geometry":{"type":"Polygon","coordinates":[[[-75.04788,5.43484],[-75.04888,5.43487],[-75.04915,5.43614],[-75.04942,5.43632],[-75.05177,5.43477],[-75.05303,5.43459],[-75.05483,5.4335],[-75.05555,5.43341],[-75.05592,5.43459],[-75.05574,5.4354],[-75.05429,5.43558],[-75.0543,5.43703],[-75.05466,5.43703],[-75.05475,5.43757],[-75.05502,5.43703],[-75.05601,5.43649],[-75.05655,5.43685],[-75.05881,5.43594],[-75.05916,5.43485],[-75.05898,5.4344],[-75.06025,5.43358],[-75.06187,5.43376],[-75.06187,5.4334],[-75.06349,5.43268],[-75.06683,5.43285],[-75.06863,5.43194],[-75.06963,5.43239],[-75.06999,5.43294],[-75.06981,5.43466],[-75.06999,5.43592],[-75.06928,5.43927],[-75.06937,5.44026],[-75.07136,5.44442],[-75.07253,5.44604],[-75.07362,5.44622],[-75.07343,5.44423],[-75.07452,5.44441],[-75.07506,5.44586],[-75.07596,5.44568],[-75.07687,5.44595],[-75.07795,5.44748],[-75.07597,5.44839],[-75.07597,5.45002],[-75.07804,5.44911],[-75.07904,5.44938],[-75.08139,5.45181],[-75.08211,5.45064],[-75.08319,5.45073],[-75.08319,5.45109],[-75.08426,5.4523],[-75.08613,5.45372],[-75.08571,5.45624],[-75.08606,5.45872],[-75.08595,5.46082],[-75.08637,5.4618],[-75.08767,5.46331],[-75.08806,5.46433],[-75.08762,5.46749],[-75.08758,5.47014],[-75.08847,5.47205],[-75.08846,5.47471],[-75.09397,5.47476],[-75.09424,5.47449],[-75.0955,5.47439],[-75.09568,5.4753],[-75.09803,5.47638],[-75.09956,5.47547],[-75.10091,5.47547],[-75.10056,5.47619],[-75.1011,5.47701],[-75.10335,5.47709],[-75.10389,5.47601],[-75.10506,5.47483],[-75.10479,5.47456],[-75.1047,5.4733],[-75.10488,5.47176],[-75.10434,5.47085],[-75.10451,5.46914],[-75.10578,5.46932],[-75.10623,5.46913],[-75.10686,5.4694],[-75.10731,5.47003],[-75.10776,5.46949],[-75.10812,5.46949],[-75.1092,5.46569],[-75.10974,5.46524],[-75.10974,5.46497],[-75.10938,5.46497],[-75.10974,5.46379],[-75.10938,5.46334],[-75.10937,5.46244],[-75.11136,5.46225],[-75.1119,5.46099],[-75.11307,5.4608],[-75.1137,5.45936],[-75.11442,5.45908],[-75.1164,5.45682],[-75.11694,5.45682],[-75.11839,5.45862],[-75.11839,5.45899],[-75.11911,5.45926],[-75.12029,5.46061],[-75.12056,5.45934],[-75.12182,5.45943],[-75.12272,5.45907],[-75.12425,5.45771],[-75.12461,5.45789],[-75.1247,5.45807],[-75.12351,5.45845],[-75.12135,5.46032],[-75.12019,5.46087],[-75.11973,5.46473],[-75.11889,5.46783],[-75.11972,5.46967],[-75.11861,5.47222],[-75.11805,5.47472],[-75.11811,5.4763],[-75.11747,5.47823],[-75.11607,5.47892],[-75.11372,5.48316],[-75.11061,5.4848],[-75.11026,5.4859],[-75.11032,5.48729],[-75.10876,5.48932],[-75.10749,5.49256],[-75.10666,5.49333],[-75.10672,5.49471],[-75.10607,5.49501],[-75.1041,5.49713],[-75.10418,5.49917],[-75.10194,5.49944],[-75.10028,5.50084],[-75.09944,5.50111],[-75.09834,5.50195],[-75.09659,5.50254],[-75.09323,5.5024],[-75.09088,5.50317],[-75.09056,5.50417],[-75.08474,5.50711],[-75.07915,5.50479],[-75.07695,5.50225],[-75.07667,5.50111],[-75.07441,5.49964],[-75.07448,5.49781],[-75.07312,5.49613],[-75.07501,5.49278],[-75.07445,5.48805],[-75.07389,5.48633],[-75.07445,5.48528],[-75.07472,5.48356],[-75.07416,5.48251],[-75.07373,5.48069],[-75.07032,5.47904],[-75.06969,5.4777],[-75.06667,5.47444],[-75.06598,5.47411],[-75.06415,5.47418],[-75.0636,5.47359],[-75.05888,5.47251],[-75.05688,5.47162],[-75.05459,5.47193],[-75.05276,5.47082],[-75.05279,5.47018],[-75.05362,5.46862],[-75.05359,5.46255],[-75.05472,5.45888],[-75.05615,5.4572],[-75.05733,5.45724],[-75.05907,5.45503],[-75.05777,5.45334],[-75.05744,5.45161],[-75.05751,5.44998],[-75.05637,5.44892],[-75.0564,5.4483],[-75.05556,5.44666],[-75.05466,5.44604],[-75.05378,5.44417],[-75.05244,5.44331],[-75.05088,5.44162],[-75.05056,5.44027],[-75.04972,5.43917],[-75.04914,5.43661],[-75.04806,5.43561],[-75.04788,5.43484]]]},"properties":{"uso_principal":"Áreas de Protección Legal","vocacion":"Áreas de Protección Legal","oferta_ambiental":"Áreas de Protección Legal","area_ha":2792.6929}}]}